To honour the JVM settings for this build a single-use Daemon process will be forked. For more on this, please refer to https://docs.gradle.org/9.4.1/userguide/gradle_daemon.html#sec:disabling_the_daemon in the Gradle documentation.
Daemon will be stopped at the end of the build 
Type-safe project accessors is an incubating feature.
> Task :server:checkKotlinGradlePluginConfigurationErrors SKIPPED
> Task :server:compileKotlin
.\gradlew.bat : e: file:///C:/Users/HP/Devin1/VidyaPrayag/server/src/main/kotlin/com/littlebridge/enrollplus/feature/parent/ParentHomeworkRouting.kt:194:87 Unresolved reference 'or'.
At line:1 char:1
+ .\gradlew.bat :server:compileKotlin --no-daemon --console=plain -Pser ...
+ ~~~~~~~~~~~~~~~~~~~~~~~~~~~~~~~~~~~~~~~~~~~~~~~~~~~~~~~~~~~~~~~~~~~~~
    + CategoryInfo          : NotSpecified: (e: file:///C:/U...reference 'or'.:String) [], RemoteException
    + FullyQualifiedErrorId : NativeCommandError
 
e: file:///C:/Users/HP/Devin1/VidyaPrayag/server/src/main/kotlin/com/littlebridge/enrollplus/feature/parent/ParentHomeworkRouting.kt:199:26 Cannot infer type for this parameter. Specify it 
explicitly.
e: file:///C:/Users/HP/Devin1/VidyaPrayag/server/src/main/kotlin/com/littlebridge/enrollplus/feature/parent/ParentHomeworkRouting.kt:199:80 Unresolved reference 'value'.
e: file:///C:/Users/HP/Devin1/VidyaPrayag/server/src/main/kotlin/com/littlebridge/enrollplus/feature/parent/ParentHomeworkRouting.kt:204:26 Cannot infer type for this parameter. Specify it 
explicitly.
e: file:///C:/Users/HP/Devin1/VidyaPrayag/server/src/main/kotlin/com/littlebridge/enrollplus/feature/parent/ParentHomeworkRouting.kt:204:26 Not enough information to infer type argument for 'R'.
e: file:///C:/Users/HP/Devin1/VidyaPrayag/server/src/main/kotlin/com/littlebridge/enrollplus/feature/parent/ParentHomeworkRouting.kt:204:30 Cannot infer type for this parameter. Specify it 
explicitly.
e: file:///C:/Users/HP/Devin1/VidyaPrayag/server/src/main/kotlin/com/littlebridge/enrollplus/feature/parent/ParentHomeworkRouting.kt:205:82 Unresolved reference 'value'.
e: file:///C:/Users/HP/Devin1/VidyaPrayag/server/src/main/kotlin/com/littlebridge/enrollplus/feature/parent/ParentHomeworkRouting.kt:205:88 Cannot infer type for this parameter. Specify it 
explicitly.
e: file:///C:/Users/HP/Devin1/VidyaPrayag/server/src/main/kotlin/com/littlebridge/enrollplus/feature/parent/ParentHomeworkRouting.kt:205:88 Not enough information to infer type argument for 'B'.
e: file:///C:/Users/HP/Devin1/VidyaPrayag/server/src/main/kotlin/com/littlebridge/enrollplus/feature/parent/ParentHomeworkRouting.kt:213:26 Cannot infer type for this parameter. Specify it 
explicitly.
e: file:///C:/Users/HP/Devin1/VidyaPrayag/server/src/main/kotlin/com/littlebridge/enrollplus/feature/parent/ParentHomeworkRouting.kt:213:26 Not enough information to infer type argument for 'T'.
e: file:///C:/Users/HP/Devin1/VidyaPrayag/server/src/main/kotlin/com/littlebridge/enrollplus/feature/parent/ParentHomeworkRouting.kt:213:26 Not enough information to infer type argument for 'K'.
e: file:///C:/Users/HP/Devin1/VidyaPrayag/server/src/main/kotlin/com/littlebridge/enrollplus/feature/parent/ParentHomeworkRouting.kt:213:26 Not enough information to infer type argument for 'V'.
e: file:///C:/Users/HP/Devin1/VidyaPrayag/server/src/main/kotlin/com/littlebridge/enrollplus/feature/parent/ParentHomeworkRouting.kt:213:34 Cannot infer type for this parameter. Specify it 
explicitly.
e: file:///C:/Users/HP/Devin1/VidyaPrayag/server/src/main/kotlin/com/littlebridge/enrollplus/feature/parent/ParentHomeworkRouting.kt:213:39 Function invocation 'first()' expected.
e: file:///C:/Users/HP/Devin1/VidyaPrayag/server/src/main/kotlin/com/littlebridge/enrollplus/feature/parent/ParentHomeworkRouting.kt:213:48 Cannot infer type for this parameter. Specify it 
explicitly.
e: file:///C:/Users/HP/Devin1/VidyaPrayag/server/src/main/kotlin/com/littlebridge/enrollplus/feature/parent/ParentHomeworkRouting.kt:213:53 Unresolved reference 'second'.
e: file:///C:/Users/HP/Devin1/VidyaPrayag/server/src/main/kotlin/com/littlebridge/enrollplus/feature/parent/ParentHomeworkRouting.kt:249:43 Not enough information to infer type argument for 'K'.
e: file:///C:/Users/HP/Devin1/VidyaPrayag/server/src/main/kotlin/com/littlebridge/enrollplus/feature/parent/ParentHomeworkRouting.kt:249:48 Cannot infer type for this parameter. Specify it 
explicitly.
e: file:///C:/Users/HP/Devin1/VidyaPrayag/server/src/main/kotlin/com/littlebridge/enrollplus/feature/parent/ParentHomeworkRouting.kt:249:48 Not enough information to infer type argument for 'R'.
e: file:///C:/Users/HP/Devin1/VidyaPrayag/server/src/main/kotlin/com/littlebridge/enrollplus/feature/parent/ParentHomeworkRouting.kt:284:87 Unresolved reference 'or'.
e: file:///C:/Users/HP/Devin1/VidyaPrayag/server/src/main/kotlin/com/littlebridge/enrollplus/feature/parent/ParentHomeworkRouting.kt:397:87 Unresolved reference 'or'.
e: file:///C:/Users/HP/Devin1/VidyaPrayag/server/src/main/kotlin/com/littlebridge/enrollplus/feature/platform/ApiDiscoveryService.kt:4:39 Unresolved reference 'PlatformDiscoveredApisTable'.
e: file:///C:/Users/HP/Devin1/VidyaPrayag/server/src/main/kotlin/com/littlebridge/enrollplus/feature/platform/ApiDiscoveryService.kt:5:39 Unresolved reference 'PlatformFeatureApisTable'.
e: file:///C:/Users/HP/Devin1/VidyaPrayag/server/src/main/kotlin/com/littlebridge/enrollplus/feature/platform/ApiDiscoveryService.kt:6:39 Unresolved reference 'PlatformApiHealthChecksTable'.
e: file:///C:/Users/HP/Devin1/VidyaPrayag/server/src/main/kotlin/com/littlebridge/enrollplus/feature/platform/ApiDiscoveryService.kt:136:24 Unresolved reference 'PlatformDiscoveredApisTable'.
e: file:///C:/Users/HP/Devin1/VidyaPrayag/server/src/main/kotlin/com/littlebridge/enrollplus/feature/platform/ApiDiscoveryService.kt:138:18 Unresolved reference 'PlatformDiscoveredApisTable'.
e: file:///C:/Users/HP/Devin1/VidyaPrayag/server/src/main/kotlin/com/littlebridge/enrollplus/feature/platform/ApiDiscoveryService.kt:139:18 Unresolved reference 'PlatformDiscoveredApisTable'.
e: file:///C:/Users/HP/Devin1/VidyaPrayag/server/src/main/kotlin/com/littlebridge/enrollplus/feature/platform/ApiDiscoveryService.kt:144:25 Unresolved reference 'PlatformFeatureApisTable'.
e: file:///C:/Users/HP/Devin1/VidyaPrayag/server/src/main/kotlin/com/littlebridge/enrollplus/feature/platform/ApiDiscoveryService.kt:146:18 Unresolved reference 'PlatformFeatureApisTable'.
e: file:///C:/Users/HP/Devin1/VidyaPrayag/server/src/main/kotlin/com/littlebridge/enrollplus/feature/platform/ApiDiscoveryService.kt:147:18 Unresolved reference 'PlatformFeatureApisTable'.
e: file:///C:/Users/HP/Devin1/VidyaPrayag/server/src/main/kotlin/com/littlebridge/enrollplus/feature/platform/ApiDiscoveryService.kt:151:38 Cannot infer type for this parameter. Specify it 
explicitly.
e: file:///C:/Users/HP/Devin1/VidyaPrayag/server/src/main/kotlin/com/littlebridge/enrollplus/feature/platform/ApiDiscoveryService.kt:151:38 Not enough information to infer type argument for 'T'.
e: file:///C:/Users/HP/Devin1/VidyaPrayag/server/src/main/kotlin/com/littlebridge/enrollplus/feature/platform/ApiDiscoveryService.kt:151:42 Unresolved reference 'PlatformFeatureApisTable'.
e: file:///C:/Users/HP/Devin1/VidyaPrayag/server/src/main/kotlin/com/littlebridge/enrollplus/feature/platform/ApiDiscoveryService.kt:151:72 Unresolved reference 'value'.
e: file:///C:/Users/HP/Devin1/VidyaPrayag/server/src/main/kotlin/com/littlebridge/enrollplus/feature/platform/ApiDiscoveryService.kt:154:13 Unresolved reference 'PlatformDiscoveredApisTable'.
e: file:///C:/Users/HP/Devin1/VidyaPrayag/server/src/main/kotlin/com/littlebridge/enrollplus/feature/platform/ApiDiscoveryService.kt:155:17 Unresolved reference 'it'.
e: file:///C:/Users/HP/Devin1/VidyaPrayag/server/src/main/kotlin/com/littlebridge/enrollplus/feature/platform/ApiDiscoveryService.kt:155:20 Unresolved reference 'PlatformDiscoveredApisTable'.
e: file:///C:/Users/HP/Devin1/VidyaPrayag/server/src/main/kotlin/com/littlebridge/enrollplus/feature/platform/ApiDiscoveryService.kt:156:17 Unresolved reference 'it'.
e: file:///C:/Users/HP/Devin1/VidyaPrayag/server/src/main/kotlin/com/littlebridge/enrollplus/feature/platform/ApiDiscoveryService.kt:156:20 Unresolved reference 'PlatformDiscoveredApisTable'.
e: file:///C:/Users/HP/Devin1/VidyaPrayag/server/src/main/kotlin/com/littlebridge/enrollplus/feature/platform/ApiDiscoveryService.kt:157:17 Unresolved reference 'it'.
e: file:///C:/Users/HP/Devin1/VidyaPrayag/server/src/main/kotlin/com/littlebridge/enrollplus/feature/platform/ApiDiscoveryService.kt:157:20 Unresolved reference 'PlatformDiscoveredApisTable'.
e: file:///C:/Users/HP/Devin1/VidyaPrayag/server/src/main/kotlin/com/littlebridge/enrollplus/feature/platform/ApiDiscoveryService.kt:158:17 Unresolved reference 'it'.
e: file:///C:/Users/HP/Devin1/VidyaPrayag/server/src/main/kotlin/com/littlebridge/enrollplus/feature/platform/ApiDiscoveryService.kt:158:20 Unresolved reference 'PlatformDiscoveredApisTable'.
e: file:///C:/Users/HP/Devin1/VidyaPrayag/server/src/main/kotlin/com/littlebridge/enrollplus/feature/platform/ApiDiscoveryService.kt:159:17 Unresolved reference 'it'.
e: file:///C:/Users/HP/Devin1/VidyaPrayag/server/src/main/kotlin/com/littlebridge/enrollplus/feature/platform/ApiDiscoveryService.kt:159:20 Unresolved reference 'PlatformDiscoveredApisTable'.
e: file:///C:/Users/HP/Devin1/VidyaPrayag/server/src/main/kotlin/com/littlebridge/enrollplus/feature/platform/ApiDiscoveryService.kt:160:17 Unresolved reference 'it'.
e: file:///C:/Users/HP/Devin1/VidyaPrayag/server/src/main/kotlin/com/littlebridge/enrollplus/feature/platform/ApiDiscoveryService.kt:160:20 Unresolved reference 'PlatformDiscoveredApisTable'.
e: file:///C:/Users/HP/Devin1/VidyaPrayag/server/src/main/kotlin/com/littlebridge/enrollplus/feature/platform/ApiDiscoveryService.kt:161:17 Unresolved reference 'it'.
e: file:///C:/Users/HP/Devin1/VidyaPrayag/server/src/main/kotlin/com/littlebridge/enrollplus/feature/platform/ApiDiscoveryService.kt:161:20 Unresolved reference 'PlatformDiscoveredApisTable'.
e: file:///C:/Users/HP/Devin1/VidyaPrayag/server/src/main/kotlin/com/littlebridge/enrollplus/feature/platform/ApiDiscoveryService.kt:162:17 Unresolved reference 'it'.
e: file:///C:/Users/HP/Devin1/VidyaPrayag/server/src/main/kotlin/com/littlebridge/enrollplus/feature/platform/ApiDiscoveryService.kt:162:20 Unresolved reference 'PlatformDiscoveredApisTable'.
e: file:///C:/Users/HP/Devin1/VidyaPrayag/server/src/main/kotlin/com/littlebridge/enrollplus/feature/platform/ApiDiscoveryService.kt:166:27 Cannot infer type for this parameter. Specify it 
explicitly.
e: file:///C:/Users/HP/Devin1/VidyaPrayag/server/src/main/kotlin/com/littlebridge/enrollplus/feature/platform/ApiDiscoveryService.kt:166:27 Not enough information to infer type argument for 'T'.
e: file:///C:/Users/HP/Devin1/VidyaPrayag/server/src/main/kotlin/com/littlebridge/enrollplus/feature/platform/ApiDiscoveryService.kt:166:36 Unresolved reference 'PlatformDiscoveredApisTable'.
e: file:///C:/Users/HP/Devin1/VidyaPrayag/server/src/main/kotlin/com/littlebridge/enrollplus/feature/platform/ApiDiscoveryService.kt:167:17 Cannot infer type for this parameter. Specify it 
explicitly.
e: file:///C:/Users/HP/Devin1/VidyaPrayag/server/src/main/kotlin/com/littlebridge/enrollplus/feature/platform/ApiDiscoveryService.kt:167:17 Not enough information to infer type argument for 'T'.
e: file:///C:/Users/HP/Devin1/VidyaPrayag/server/src/main/kotlin/com/littlebridge/enrollplus/feature/platform/ApiDiscoveryService.kt:167:26 Unresolved reference 'PlatformDiscoveredApisTable'.
e: file:///C:/Users/HP/Devin1/VidyaPrayag/server/src/main/kotlin/com/littlebridge/enrollplus/feature/platform/ApiDiscoveryService.kt:168:13 Unresolved reference 'PlatformDiscoveredApisTable'.
e: file:///C:/Users/HP/Devin1/VidyaPrayag/server/src/main/kotlin/com/littlebridge/enrollplus/feature/platform/ApiDiscoveryService.kt:169:27 Unresolved reference 'PlatformDiscoveredApisTable'.
e: file:///C:/Users/HP/Devin1/VidyaPrayag/server/src/main/kotlin/com/littlebridge/enrollplus/feature/platform/ApiDiscoveryService.kt:169:61 Cannot infer type for this parameter. Specify it 
explicitly.
e: file:///C:/Users/HP/Devin1/VidyaPrayag/server/src/main/kotlin/com/littlebridge/enrollplus/feature/platform/ApiDiscoveryService.kt:169:70 Unresolved reference 'PlatformDiscoveredApisTable'.
e: file:///C:/Users/HP/Devin1/VidyaPrayag/server/src/main/kotlin/com/littlebridge/enrollplus/feature/platform/ApiDiscoveryService.kt:171:20 Unresolved reference 'PlatformDiscoveredApisTable'.
e: file:///C:/Users/HP/Devin1/VidyaPrayag/server/src/main/kotlin/com/littlebridge/enrollplus/feature/platform/ApiDiscoveryService.kt:172:20 Unresolved reference 'PlatformDiscoveredApisTable'.
e: file:///C:/Users/HP/Devin1/VidyaPrayag/server/src/main/kotlin/com/littlebridge/enrollplus/feature/platform/ApiDiscoveryService.kt:173:20 Unresolved reference 'PlatformDiscoveredApisTable'.
e: file:///C:/Users/HP/Devin1/VidyaPrayag/server/src/main/kotlin/com/littlebridge/enrollplus/feature/platform/ApiDiscoveryService.kt:174:17 Cannot infer type for this parameter. Specify it 
explicitly.
e: file:///C:/Users/HP/Devin1/VidyaPrayag/server/src/main/kotlin/com/littlebridge/enrollplus/feature/platform/ApiDiscoveryService.kt:174:17 Not enough information to infer type argument for 'S'.
e: file:///C:/Users/HP/Devin1/VidyaPrayag/server/src/main/kotlin/com/littlebridge/enrollplus/feature/platform/ApiDiscoveryService.kt:174:20 Unresolved reference 'PlatformDiscoveredApisTable'.
e: file:///C:/Users/HP/Devin1/VidyaPrayag/server/src/main/kotlin/com/littlebridge/enrollplus/feature/platform/ApiDiscoveryService.kt:175:20 Unresolved reference 'PlatformDiscoveredApisTable'.
e: file:///C:/Users/HP/Devin1/VidyaPrayag/server/src/main/kotlin/com/littlebridge/enrollplus/feature/platform/ApiDiscoveryService.kt:187:21 Unresolved reference 'PlatformDiscoveredApisTable'.
e: file:///C:/Users/HP/Devin1/VidyaPrayag/server/src/main/kotlin/com/littlebridge/enrollplus/feature/platform/ApiDiscoveryService.kt:188:36 Unresolved reference 'PlatformDiscoveredApisTable'.
e: file:///C:/Users/HP/Devin1/VidyaPrayag/server/src/main/kotlin/com/littlebridge/enrollplus/feature/platform/ApiDiscoveryService.kt:189:34 Unresolved reference 'PlatformDiscoveredApisTable'.
e: file:///C:/Users/HP/Devin1/VidyaPrayag/server/src/main/kotlin/com/littlebridge/enrollplus/feature/platform/ApiDiscoveryService.kt:191:21 Unresolved reference 'PlatformDiscoveredApisTable'.
e: file:///C:/Users/HP/Devin1/VidyaPrayag/server/src/main/kotlin/com/littlebridge/enrollplus/feature/platform/ApiDiscoveryService.kt:192:36 Unresolved reference 'PlatformDiscoveredApisTable'.
e: file:///C:/Users/HP/Devin1/VidyaPrayag/server/src/main/kotlin/com/littlebridge/enrollplus/feature/platform/ApiDiscoveryService.kt:193:34 Unresolved reference 'PlatformDiscoveredApisTable'.
e: file:///C:/Users/HP/Devin1/VidyaPrayag/server/src/main/kotlin/com/littlebridge/enrollplus/feature/platform/ApiDiscoveryService.kt:195:22 Unresolved reference 'PlatformDiscoveredApisTable'.
e: file:///C:/Users/HP/Devin1/VidyaPrayag/server/src/main/kotlin/com/littlebridge/enrollplus/feature/platform/ApiDiscoveryService.kt:199:26 Cannot infer type for this parameter. Specify it 
explicitly.
e: file:///C:/Users/HP/Devin1/VidyaPrayag/server/src/main/kotlin/com/littlebridge/enrollplus/feature/platform/ApiDiscoveryService.kt:199:26 Not enough information to infer type argument for 'T'.
e: file:///C:/Users/HP/Devin1/VidyaPrayag/server/src/main/kotlin/com/littlebridge/enrollplus/feature/platform/ApiDiscoveryService.kt:199:30 Unresolved reference 'PlatformDiscoveredApisTable'.
e: file:///C:/Users/HP/Devin1/VidyaPrayag/server/src/main/kotlin/com/littlebridge/enrollplus/feature/platform/ApiDiscoveryService.kt:199:62 Unresolved reference 'value'.
e: file:///C:/Users/HP/Devin1/VidyaPrayag/server/src/main/kotlin/com/littlebridge/enrollplus/feature/platform/ApiDiscoveryService.kt:200:34 Unresolved reference 'PlatformDiscoveredApisTable'.
e: file:///C:/Users/HP/Devin1/VidyaPrayag/server/src/main/kotlin/com/littlebridge/enrollplus/feature/platform/ApiDiscoveryService.kt:201:32 Unresolved reference 'PlatformDiscoveredApisTable'.
e: file:///C:/Users/HP/Devin1/VidyaPrayag/server/src/main/kotlin/com/littlebridge/enrollplus/feature/platform/ApiDiscoveryService.kt:202:37 Unresolved reference 'PlatformDiscoveredApisTable'.
e: file:///C:/Users/HP/Devin1/VidyaPrayag/server/src/main/kotlin/com/littlebridge/enrollplus/feature/platform/ApiDiscoveryService.kt:203:43 Unresolved reference 'PlatformDiscoveredApisTable'.
e: file:///C:/Users/HP/Devin1/VidyaPrayag/server/src/main/kotlin/com/littlebridge/enrollplus/feature/platform/ApiDiscoveryService.kt:204:39 Unresolved reference 'PlatformDiscoveredApisTable'.
e: file:///C:/Users/HP/Devin1/VidyaPrayag/server/src/main/kotlin/com/littlebridge/enrollplus/feature/platform/ApiDiscoveryService.kt:205:37 Unresolved reference 'PlatformDiscoveredApisTable'.
e: file:///C:/Users/HP/Devin1/VidyaPrayag/server/src/main/kotlin/com/littlebridge/enrollplus/feature/platform/ApiDiscoveryService.kt:206:37 Cannot infer type for this parameter. Specify it 
explicitly.
e: file:///C:/Users/HP/Devin1/VidyaPrayag/server/src/main/kotlin/com/littlebridge/enrollplus/feature/platform/ApiDiscoveryService.kt:206:37 Not enough information to infer type argument for 'T'.
e: file:///C:/Users/HP/Devin1/VidyaPrayag/server/src/main/kotlin/com/littlebridge/enrollplus/feature/platform/ApiDiscoveryService.kt:206:41 Unresolved reference 'PlatformDiscoveredApisTable'.
e: file:///C:/Users/HP/Devin1/VidyaPrayag/server/src/main/kotlin/com/littlebridge/enrollplus/feature/platform/ApiDiscoveryService.kt:207:36 Unresolved reference 'PlatformDiscoveredApisTable'.
e: file:///C:/Users/HP/Devin1/VidyaPrayag/server/src/main/kotlin/com/littlebridge/enrollplus/feature/platform/ApiDiscoveryService.kt:208:39 Cannot infer type for this parameter. Specify it 
explicitly.
e: file:///C:/Users/HP/Devin1/VidyaPrayag/server/src/main/kotlin/com/littlebridge/enrollplus/feature/platform/ApiDiscoveryService.kt:208:39 Not enough information to infer type argument for 'T'.
e: file:///C:/Users/HP/Devin1/VidyaPrayag/server/src/main/kotlin/com/littlebridge/enrollplus/feature/platform/ApiDiscoveryService.kt:208:43 Unresolved reference 'PlatformDiscoveredApisTable'.
e: file:///C:/Users/HP/Devin1/VidyaPrayag/server/src/main/kotlin/com/littlebridge/enrollplus/feature/platform/ApiDiscoveryService.kt:209:39 Unresolved reference 'PlatformDiscoveredApisTable'.
e: file:///C:/Users/HP/Devin1/VidyaPrayag/server/src/main/kotlin/com/littlebridge/enrollplus/feature/platform/ApiDiscoveryService.kt:210:39 Unresolved reference 'PlatformDiscoveredApisTable'.
e: file:///C:/Users/HP/Devin1/VidyaPrayag/server/src/main/kotlin/com/littlebridge/enrollplus/feature/platform/ApiDiscoveryService.kt:211:37 Cannot infer type for this parameter. Specify it 
explicitly.
e: file:///C:/Users/HP/Devin1/VidyaPrayag/server/src/main/kotlin/com/littlebridge/enrollplus/feature/platform/ApiDiscoveryService.kt:211:37 Not enough information to infer type argument for 'T'.
e: file:///C:/Users/HP/Devin1/VidyaPrayag/server/src/main/kotlin/com/littlebridge/enrollplus/feature/platform/ApiDiscoveryService.kt:211:41 Unresolved reference 'PlatformDiscoveredApisTable'.
e: file:///C:/Users/HP/Devin1/VidyaPrayag/server/src/main/kotlin/com/littlebridge/enrollplus/feature/platform/ApiDiscoveryService.kt:212:36 Cannot infer type for this parameter. Specify it 
explicitly.
e: file:///C:/Users/HP/Devin1/VidyaPrayag/server/src/main/kotlin/com/littlebridge/enrollplus/feature/platform/ApiDiscoveryService.kt:212:36 Not enough information to infer type argument for 'T'.
e: file:///C:/Users/HP/Devin1/VidyaPrayag/server/src/main/kotlin/com/littlebridge/enrollplus/feature/platform/ApiDiscoveryService.kt:212:40 Unresolved reference 'PlatformDiscoveredApisTable'.
e: file:///C:/Users/HP/Devin1/VidyaPrayag/server/src/main/kotlin/com/littlebridge/enrollplus/feature/platform/ApiDiscoveryService.kt:223:26 Unresolved reference 'PlatformDiscoveredApisTable'.
e: file:///C:/Users/HP/Devin1/VidyaPrayag/server/src/main/kotlin/com/littlebridge/enrollplus/feature/platform/ApiDiscoveryService.kt:224:22 Unresolved reference 'PlatformDiscoveredApisTable'.
e: file:///C:/Users/HP/Devin1/VidyaPrayag/server/src/main/kotlin/com/littlebridge/enrollplus/feature/platform/ApiDiscoveryService.kt:227:21 Unresolved reference 'PlatformFeatureApisTable'.
e: file:///C:/Users/HP/Devin1/VidyaPrayag/server/src/main/kotlin/com/littlebridge/enrollplus/feature/platform/ApiDiscoveryService.kt:227:21 Cannot infer type for this parameter. Specify it 
explicitly.
e: file:///C:/Users/HP/Devin1/VidyaPrayag/server/src/main/kotlin/com/littlebridge/enrollplus/feature/platform/ApiDiscoveryService.kt:227:21 Not enough information to infer type argument for 'E'.
e: file:///C:/Users/HP/Devin1/VidyaPrayag/server/src/main/kotlin/com/littlebridge/enrollplus/feature/platform/ApiDiscoveryService.kt:227:21 Not enough information to infer type argument for 'T'.
e: file:///C:/Users/HP/Devin1/VidyaPrayag/server/src/main/kotlin/com/littlebridge/enrollplus/feature/platform/ApiDiscoveryService.kt:228:13 Unresolved reference 'it'.
e: file:///C:/Users/HP/Devin1/VidyaPrayag/server/src/main/kotlin/com/littlebridge/enrollplus/feature/platform/ApiDiscoveryService.kt:228:16 Unresolved reference 'PlatformFeatureApisTable'.
e: file:///C:/Users/HP/Devin1/VidyaPrayag/server/src/main/kotlin/com/littlebridge/enrollplus/feature/platform/ApiDiscoveryService.kt:229:13 Unresolved reference 'it'.
e: file:///C:/Users/HP/Devin1/VidyaPrayag/server/src/main/kotlin/com/littlebridge/enrollplus/feature/platform/ApiDiscoveryService.kt:229:16 Unresolved reference 'PlatformFeatureApisTable'.
e: file:///C:/Users/HP/Devin1/VidyaPrayag/server/src/main/kotlin/com/littlebridge/enrollplus/feature/platform/ApiDiscoveryService.kt:229:64 Unresolved reference 'PlatformDiscoveredApisTable'.
e: file:///C:/Users/HP/Devin1/VidyaPrayag/server/src/main/kotlin/com/littlebridge/enrollplus/feature/platform/ApiDiscoveryService.kt:230:13 Unresolved reference 'it'.
e: file:///C:/Users/HP/Devin1/VidyaPrayag/server/src/main/kotlin/com/littlebridge/enrollplus/feature/platform/ApiDiscoveryService.kt:230:16 Unresolved reference 'PlatformFeatureApisTable'.
e: file:///C:/Users/HP/Devin1/VidyaPrayag/server/src/main/kotlin/com/littlebridge/enrollplus/feature/platform/ApiDiscoveryService.kt:230:62 Unresolved reference 'PlatformDiscoveredApisTable'.
e: file:///C:/Users/HP/Devin1/VidyaPrayag/server/src/main/kotlin/com/littlebridge/enrollplus/feature/platform/ApiDiscoveryService.kt:231:13 Unresolved reference 'it'.
e: file:///C:/Users/HP/Devin1/VidyaPrayag/server/src/main/kotlin/com/littlebridge/enrollplus/feature/platform/ApiDiscoveryService.kt:231:16 Unresolved reference 'PlatformFeatureApisTable'.
e: file:///C:/Users/HP/Devin1/VidyaPrayag/server/src/main/kotlin/com/littlebridge/enrollplus/feature/platform/ApiDiscoveryService.kt:232:13 Unresolved reference 'it'.
e: file:///C:/Users/HP/Devin1/VidyaPrayag/server/src/main/kotlin/com/littlebridge/enrollplus/feature/platform/ApiDiscoveryService.kt:232:16 Unresolved reference 'PlatformFeatureApisTable'.
e: file:///C:/Users/HP/Devin1/VidyaPrayag/server/src/main/kotlin/com/littlebridge/enrollplus/feature/platform/ApiDiscoveryService.kt:233:13 Unresolved reference 'it'.
e: file:///C:/Users/HP/Devin1/VidyaPrayag/server/src/main/kotlin/com/littlebridge/enrollplus/feature/platform/ApiDiscoveryService.kt:233:16 Unresolved reference 'PlatformFeatureApisTable'.
e: file:///C:/Users/HP/Devin1/VidyaPrayag/server/src/main/kotlin/com/littlebridge/enrollplus/feature/platform/ApiDiscoveryService.kt:234:11 Unresolved reference 'PlatformFeatureApisTable'.
e: file:///C:/Users/HP/Devin1/VidyaPrayag/server/src/main/kotlin/com/littlebridge/enrollplus/feature/platform/ApiDiscoveryService.kt:234:40 Unresolved reference 'value'.
e: file:///C:/Users/HP/Devin1/VidyaPrayag/server/src/main/kotlin/com/littlebridge/enrollplus/feature/platform/ApiDiscoveryService.kt:236:9 Unresolved reference 'PlatformDiscoveredApisTable'.
e: file:///C:/Users/HP/Devin1/VidyaPrayag/server/src/main/kotlin/com/littlebridge/enrollplus/feature/platform/ApiDiscoveryService.kt:237:23 Unresolved reference 'PlatformDiscoveredApisTable'.
e: file:///C:/Users/HP/Devin1/VidyaPrayag/server/src/main/kotlin/com/littlebridge/enrollplus/feature/platform/ApiDiscoveryService.kt:239:16 Unresolved reference 'PlatformDiscoveredApisTable'.
e: file:///C:/Users/HP/Devin1/VidyaPrayag/server/src/main/kotlin/com/littlebridge/enrollplus/feature/platform/ApiDiscoveryService.kt:240:13 Cannot infer type for this parameter. Specify it 
explicitly.
e: file:///C:/Users/HP/Devin1/VidyaPrayag/server/src/main/kotlin/com/littlebridge/enrollplus/feature/platform/ApiDiscoveryService.kt:240:13 Not enough information to infer type argument for 'S'.
e: file:///C:/Users/HP/Devin1/VidyaPrayag/server/src/main/kotlin/com/littlebridge/enrollplus/feature/platform/ApiDiscoveryService.kt:240:16 Unresolved reference 'PlatformDiscoveredApisTable'.
e: file:///C:/Users/HP/Devin1/VidyaPrayag/server/src/main/kotlin/com/littlebridge/enrollplus/feature/platform/ApiDiscoveryService.kt:241:16 Unresolved reference 'PlatformDiscoveredApisTable'.
e: file:///C:/Users/HP/Devin1/VidyaPrayag/server/src/main/kotlin/com/littlebridge/enrollplus/feature/platform/ApiHealthCheckService.kt:4:39 Unresolved reference 'PlatformDiscoveredApisTable'.
e: file:///C:/Users/HP/Devin1/VidyaPrayag/server/src/main/kotlin/com/littlebridge/enrollplus/feature/platform/ApiHealthCheckService.kt:5:39 Unresolved reference 'PlatformApiHealthChecksTable'.
e: file:///C:/Users/HP/Devin1/VidyaPrayag/server/src/main/kotlin/com/littlebridge/enrollplus/feature/platform/ApiHealthCheckService.kt:41:13 Unresolved reference 'PlatformDiscoveredApisTable'.
e: file:///C:/Users/HP/Devin1/VidyaPrayag/server/src/main/kotlin/com/littlebridge/enrollplus/feature/platform/ApiHealthCheckService.kt:42:26 Unresolved reference 'PlatformDiscoveredApisTable'.
e: file:///C:/Users/HP/Devin1/VidyaPrayag/server/src/main/kotlin/com/littlebridge/enrollplus/feature/platform/ApiHealthCheckService.kt:46:22 Cannot infer type for this parameter. Specify it 
explicitly.
e: file:///C:/Users/HP/Devin1/VidyaPrayag/server/src/main/kotlin/com/littlebridge/enrollplus/feature/platform/ApiHealthCheckService.kt:46:22 Not enough information to infer type argument for 
'T'.
e: file:///C:/Users/HP/Devin1/VidyaPrayag/server/src/main/kotlin/com/littlebridge/enrollplus/feature/platform/ApiHealthCheckService.kt:46:26 Unresolved reference 'PlatformDiscoveredApisTable'.
e: file:///C:/Users/HP/Devin1/VidyaPrayag/server/src/main/kotlin/com/littlebridge/enrollplus/feature/platform/ApiHealthCheckService.kt:47:20 Cannot infer type for this parameter. Specify it 
explicitly.
e: file:///C:/Users/HP/Devin1/VidyaPrayag/server/src/main/kotlin/com/littlebridge/enrollplus/feature/platform/ApiHealthCheckService.kt:47:20 Not enough information to infer type argument for 
'T'.
e: file:///C:/Users/HP/Devin1/VidyaPrayag/server/src/main/kotlin/com/littlebridge/enrollplus/feature/platform/ApiHealthCheckService.kt:47:24 Unresolved reference 'PlatformDiscoveredApisTable'.
e: file:///C:/Users/HP/Devin1/VidyaPrayag/server/src/main/kotlin/com/littlebridge/enrollplus/feature/platform/ApiHealthCheckService.kt:53:23 Cannot infer type for this parameter. Specify it 
explicitly.
e: file:///C:/Users/HP/Devin1/VidyaPrayag/server/src/main/kotlin/com/littlebridge/enrollplus/feature/platform/ApiHealthCheckService.kt:54:13 Unresolved reference 'PlatformApiHealthChecksTable'.
e: file:///C:/Users/HP/Devin1/VidyaPrayag/server/src/main/kotlin/com/littlebridge/enrollplus/feature/platform/ApiHealthCheckService.kt:54:13 Cannot infer type for this parameter. Specify it 
explicitly.
e: file:///C:/Users/HP/Devin1/VidyaPrayag/server/src/main/kotlin/com/littlebridge/enrollplus/feature/platform/ApiHealthCheckService.kt:54:13 Not enough information to infer type argument for 
'E'.
e: file:///C:/Users/HP/Devin1/VidyaPrayag/server/src/main/kotlin/com/littlebridge/enrollplus/feature/platform/ApiHealthCheckService.kt:54:13 Not enough information to infer type argument for 
'T'.
e: file:///C:/Users/HP/Devin1/VidyaPrayag/server/src/main/kotlin/com/littlebridge/enrollplus/feature/platform/ApiHealthCheckService.kt:55:17 Unresolved reference 'it'.
e: file:///C:/Users/HP/Devin1/VidyaPrayag/server/src/main/kotlin/com/littlebridge/enrollplus/feature/platform/ApiHealthCheckService.kt:55:20 Unresolved reference 'PlatformApiHealthChecksTable'.
e: file:///C:/Users/HP/Devin1/VidyaPrayag/server/src/main/kotlin/com/littlebridge/enrollplus/feature/platform/ApiHealthCheckService.kt:56:17 Unresolved reference 'it'.
e: file:///C:/Users/HP/Devin1/VidyaPrayag/server/src/main/kotlin/com/littlebridge/enrollplus/feature/platform/ApiHealthCheckService.kt:56:20 Unresolved reference 'PlatformApiHealthChecksTable'.
e: file:///C:/Users/HP/Devin1/VidyaPrayag/server/src/main/kotlin/com/littlebridge/enrollplus/feature/platform/ApiHealthCheckService.kt:57:17 Unresolved reference 'it'.
e: file:///C:/Users/HP/Devin1/VidyaPrayag/server/src/main/kotlin/com/littlebridge/enrollplus/feature/platform/ApiHealthCheckService.kt:57:20 Unresolved reference 'PlatformApiHealthChecksTable'.
e: file:///C:/Users/HP/Devin1/VidyaPrayag/server/src/main/kotlin/com/littlebridge/enrollplus/feature/platform/ApiHealthCheckService.kt:58:17 Unresolved reference 'it'.
e: file:///C:/Users/HP/Devin1/VidyaPrayag/server/src/main/kotlin/com/littlebridge/enrollplus/feature/platform/ApiHealthCheckService.kt:58:20 Unresolved reference 'PlatformApiHealthChecksTable'.
e: file:///C:/Users/HP/Devin1/VidyaPrayag/server/src/main/kotlin/com/littlebridge/enrollplus/feature/platform/ApiHealthCheckService.kt:59:17 Unresolved reference 'it'.
e: file:///C:/Users/HP/Devin1/VidyaPrayag/server/src/main/kotlin/com/littlebridge/enrollplus/feature/platform/ApiHealthCheckService.kt:59:20 Unresolved reference 'PlatformApiHealthChecksTable'.
e: file:///C:/Users/HP/Devin1/VidyaPrayag/server/src/main/kotlin/com/littlebridge/enrollplus/feature/platform/ApiHealthCheckService.kt:60:17 Unresolved reference 'it'.
e: file:///C:/Users/HP/Devin1/VidyaPrayag/server/src/main/kotlin/com/littlebridge/enrollplus/feature/platform/ApiHealthCheckService.kt:60:20 Unresolved reference 'PlatformApiHealthChecksTable'.
e: file:///C:/Users/HP/Devin1/VidyaPrayag/server/src/main/kotlin/com/littlebridge/enrollplus/feature/platform/ApiHealthCheckService.kt:61:15 Unresolved reference 'PlatformApiHealthChecksTable'.
e: file:///C:/Users/HP/Devin1/VidyaPrayag/server/src/main/kotlin/com/littlebridge/enrollplus/feature/platform/ApiHealthCheckService.kt:61:48 Unresolved reference 'value'.
e: file:///C:/Users/HP/Devin1/VidyaPrayag/server/src/main/kotlin/com/littlebridge/enrollplus/feature/platform/ApiHealthCheckService.kt:66:13 Unresolved reference 'PlatformDiscoveredApisTable'.
e: file:///C:/Users/HP/Devin1/VidyaPrayag/server/src/main/kotlin/com/littlebridge/enrollplus/feature/platform/ApiHealthCheckService.kt:67:27 Unresolved reference 'PlatformDiscoveredApisTable'.
e: file:///C:/Users/HP/Devin1/VidyaPrayag/server/src/main/kotlin/com/littlebridge/enrollplus/feature/platform/ApiHealthCheckService.kt:69:20 Unresolved reference 'PlatformDiscoveredApisTable'.
e: file:///C:/Users/HP/Devin1/VidyaPrayag/server/src/main/kotlin/com/littlebridge/enrollplus/feature/platform/ApiHealthCheckService.kt:70:20 Unresolved reference 'PlatformDiscoveredApisTable'.
e: file:///C:/Users/HP/Devin1/VidyaPrayag/server/src/main/kotlin/com/littlebridge/enrollplus/feature/platform/ApiHealthCheckService.kt:71:20 Unresolved reference 'PlatformDiscoveredApisTable'.
e: file:///C:/Users/HP/Devin1/VidyaPrayag/server/src/main/kotlin/com/littlebridge/enrollplus/feature/platform/ApiHealthCheckService.kt:72:20 Unresolved reference 'PlatformDiscoveredApisTable'.
e: file:///C:/Users/HP/Devin1/VidyaPrayag/server/src/main/kotlin/com/littlebridge/enrollplus/feature/platform/ApiHealthCheckService.kt:91:20 Cannot infer type for this parameter. Specify it 
explicitly.
e: file:///C:/Users/HP/Devin1/VidyaPrayag/server/src/main/kotlin/com/littlebridge/enrollplus/feature/platform/ApiHealthCheckService.kt:91:20 Not enough information to infer type argument for 
'T'.
e: file:///C:/Users/HP/Devin1/VidyaPrayag/server/src/main/kotlin/com/littlebridge/enrollplus/feature/platform/ApiHealthCheckService.kt:92:13 Unresolved reference 'PlatformDiscoveredApisTable'.
e: file:///C:/Users/HP/Devin1/VidyaPrayag/server/src/main/kotlin/com/littlebridge/enrollplus/feature/platform/ApiHealthCheckService.kt:93:18 Cannot infer type for this parameter. Specify it 
explicitly.
e: file:///C:/Users/HP/Devin1/VidyaPrayag/server/src/main/kotlin/com/littlebridge/enrollplus/feature/platform/ApiHealthCheckService.kt:93:18 Not enough information to infer type argument for 
'R'.
e: file:///C:/Users/HP/Devin1/VidyaPrayag/server/src/main/kotlin/com/littlebridge/enrollplus/feature/platform/ApiHealthCheckService.kt:93:24 Cannot infer type for this parameter. Specify it 
explicitly.
e: file:///C:/Users/HP/Devin1/VidyaPrayag/server/src/main/kotlin/com/littlebridge/enrollplus/feature/platform/ApiHealthCheckService.kt:93:24 Not enough information to infer type argument for 
'T'.
e: file:///C:/Users/HP/Devin1/VidyaPrayag/server/src/main/kotlin/com/littlebridge/enrollplus/feature/platform/ApiHealthCheckService.kt:93:27 Unresolved reference 'PlatformDiscoveredApisTable'.
e: file:///C:/Users/HP/Devin1/VidyaPrayag/server/src/main/kotlin/com/littlebridge/enrollplus/feature/platform/ApiHealthCheckService.kt:93:59 Unresolved reference 'value'.
e: file:///C:/Users/HP/Devin1/VidyaPrayag/server/src/main/kotlin/com/littlebridge/enrollplus/feature/platform/ApiHealthCheckService.kt:105:47 Argument type mismatch: actual type is 'Char', but 
'UUID' was expected.
e: file:///C:/Users/HP/Devin1/VidyaPrayag/server/src/main/kotlin/com/littlebridge/enrollplus/feature/platform/ApiHealthCheckService.kt:158:21 Unresolved reference 'PlatformDiscoveredApisTable'.
e: file:///C:/Users/HP/Devin1/VidyaPrayag/server/src/main/kotlin/com/littlebridge/enrollplus/feature/platform/ApiHealthCheckService.kt:159:21 Unresolved reference 'PlatformDiscoveredApisTable'.
e: file:///C:/Users/HP/Devin1/VidyaPrayag/server/src/main/kotlin/com/littlebridge/enrollplus/feature/platform/ApiHealthCheckService.kt:160:23 Unresolved reference 'PlatformDiscoveredApisTable'.
e: file:///C:/Users/HP/Devin1/VidyaPrayag/server/src/main/kotlin/com/littlebridge/enrollplus/feature/platform/ApiHealthCheckService.kt:160:72 Unresolved reference 'PlatformDiscoveredApisTable'.
e: file:///C:/Users/HP/Devin1/VidyaPrayag/server/src/main/kotlin/com/littlebridge/enrollplus/feature/platform/ApiHealthCheckService.kt:160:114 Cannot infer type for this parameter. Specify it 
explicitly.
e: file:///C:/Users/HP/Devin1/VidyaPrayag/server/src/main/kotlin/com/littlebridge/enrollplus/feature/platform/ApiHealthCheckService.kt:162:20 Unresolved reference 'PlatformDiscoveredApisTable'.
e: file:///C:/Users/HP/Devin1/VidyaPrayag/server/src/main/kotlin/com/littlebridge/enrollplus/feature/platform/ApiHealthCheckService.kt:163:23 Unresolved reference 'PlatformDiscoveredApisTable'.
e: file:///C:/Users/HP/Devin1/VidyaPrayag/server/src/main/kotlin/com/littlebridge/enrollplus/feature/platform/ApiHealthCheckService.kt:163:73 Unresolved reference 'PlatformDiscoveredApisTable'.
e: file:///C:/Users/HP/Devin1/VidyaPrayag/server/src/main/kotlin/com/littlebridge/enrollplus/feature/platform/ApiHealthCheckService.kt:163:115 Cannot infer type for this parameter. Specify it 
explicitly.
e: file:///C:/Users/HP/Devin1/VidyaPrayag/server/src/main/kotlin/com/littlebridge/enrollplus/feature/platform/ApiHealthCheckService.kt:165:20 Unresolved reference 'PlatformDiscoveredApisTable'.
e: file:///C:/Users/HP/Devin1/VidyaPrayag/server/src/main/kotlin/com/littlebridge/enrollplus/feature/platform/ApiHealthCheckService.kt:166:23 Unresolved reference 'PlatformDiscoveredApisTable'.
e: file:///C:/Users/HP/Devin1/VidyaPrayag/server/src/main/kotlin/com/littlebridge/enrollplus/feature/platform/ApiHealthCheckService.kt:166:93 Unresolved reference 'PlatformDiscoveredApisTable'.
e: file:///C:/Users/HP/Devin1/VidyaPrayag/server/src/main/kotlin/com/littlebridge/enrollplus/feature/platform/ApiHealthCheckService.kt:166:135 Cannot infer type for this parameter. Specify it 
explicitly.
e: file:///C:/Users/HP/Devin1/VidyaPrayag/server/src/main/kotlin/com/littlebridge/enrollplus/feature/platform/ApiHealthCheckService.kt:168:24 Unresolved reference 'PlatformDiscoveredApisTable'.
e: file:///C:/Users/HP/Devin1/VidyaPrayag/server/src/main/kotlin/com/littlebridge/enrollplus/feature/platform/ApiHealthCheckService.kt:169:22 Unresolved reference 'PlatformDiscoveredApisTable'.
e: file:///C:/Users/HP/Devin1/VidyaPrayag/server/src/main/kotlin/com/littlebridge/enrollplus/feature/platform/ApiHealthCheckService.kt:169:64 Cannot infer type for this parameter. Specify it 
explicitly.
e: file:///C:/Users/HP/Devin1/VidyaPrayag/server/src/main/kotlin/com/littlebridge/enrollplus/feature/platform/ApiHealthCheckService.kt:175:9 Unresolved reference 'PlatformApiHealthChecksTable'.
e: file:///C:/Users/HP/Devin1/VidyaPrayag/server/src/main/kotlin/com/littlebridge/enrollplus/feature/platform/ApiHealthCheckService.kt:176:22 Unresolved reference 'PlatformApiHealthChecksTable'.
e: file:///C:/Users/HP/Devin1/VidyaPrayag/server/src/main/kotlin/com/littlebridge/enrollplus/feature/platform/ApiHealthCheckService.kt:180:26 Cannot infer type for this parameter. Specify it 
explicitly.
e: file:///C:/Users/HP/Devin1/VidyaPrayag/server/src/main/kotlin/com/littlebridge/enrollplus/feature/platform/ApiHealthCheckService.kt:180:26 Not enough information to infer type argument for 
'T'.
e: file:///C:/Users/HP/Devin1/VidyaPrayag/server/src/main/kotlin/com/littlebridge/enrollplus/feature/platform/ApiHealthCheckService.kt:180:30 Unresolved reference 'PlatformApiHealthChecksTable'.
e: file:///C:/Users/HP/Devin1/VidyaPrayag/server/src/main/kotlin/com/littlebridge/enrollplus/feature/platform/ApiHealthCheckService.kt:180:63 Unresolved reference 'value'.
e: file:///C:/Users/HP/Devin1/VidyaPrayag/server/src/main/kotlin/com/littlebridge/enrollplus/feature/platform/ApiHealthCheckService.kt:181:41 Cannot infer type for this parameter. Specify it 
explicitly.
e: file:///C:/Users/HP/Devin1/VidyaPrayag/server/src/main/kotlin/com/littlebridge/enrollplus/feature/platform/ApiHealthCheckService.kt:181:41 Not enough information to infer type argument for 
'T'.
e: file:///C:/Users/HP/Devin1/VidyaPrayag/server/src/main/kotlin/com/littlebridge/enrollplus/feature/platform/ApiHealthCheckService.kt:181:45 Unresolved reference 'PlatformApiHealthChecksTable'.
e: file:///C:/Users/HP/Devin1/VidyaPrayag/server/src/main/kotlin/com/littlebridge/enrollplus/feature/platform/ApiHealthCheckService.kt:182:34 Cannot infer type for this parameter. Specify it 
explicitly.
e: file:///C:/Users/HP/Devin1/VidyaPrayag/server/src/main/kotlin/com/littlebridge/enrollplus/feature/platform/ApiHealthCheckService.kt:182:34 Not enough information to infer type argument for 
'T'.
e: file:///C:/Users/HP/Devin1/VidyaPrayag/server/src/main/kotlin/com/littlebridge/enrollplus/feature/platform/ApiHealthCheckService.kt:182:38 Unresolved reference 'PlatformApiHealthChecksTable'.
e: file:///C:/Users/HP/Devin1/VidyaPrayag/server/src/main/kotlin/com/littlebridge/enrollplus/feature/platform/ApiHealthCheckService.kt:183:39 Unresolved reference 'PlatformApiHealthChecksTable'.
e: file:///C:/Users/HP/Devin1/VidyaPrayag/server/src/main/kotlin/com/littlebridge/enrollplus/feature/platform/ApiHealthCheckService.kt:184:39 Unresolved reference 'PlatformApiHealthChecksTable'.
e: file:///C:/Users/HP/Devin1/VidyaPrayag/server/src/main/kotlin/com/littlebridge/enrollplus/feature/platform/ApiHealthCheckService.kt:185:36 Unresolved reference 'PlatformApiHealthChecksTable'.
e: file:///C:/Users/HP/Devin1/VidyaPrayag/server/src/main/kotlin/com/littlebridge/enrollplus/feature/platform/ApiHealthCheckService.kt:186:41 Unresolved reference 'PlatformApiHealthChecksTable'.
e: file:///C:/Users/HP/Devin1/VidyaPrayag/server/src/main/kotlin/com/littlebridge/enrollplus/feature/platform/BugService.kt:4:39 Unresolved reference 'PlatformBugsTable'.
e: file:///C:/Users/HP/Devin1/VidyaPrayag/server/src/main/kotlin/com/littlebridge/enrollplus/feature/platform/BugService.kt:5:39 Unresolved reference 'PlatformBugCommentsTable'.
e: file:///C:/Users/HP/Devin1/VidyaPrayag/server/src/main/kotlin/com/littlebridge/enrollplus/feature/platform/BugService.kt:6:39 Unresolved reference 'PlatformBugActivityTable'.
e: file:///C:/Users/HP/Devin1/VidyaPrayag/server/src/main/kotlin/com/littlebridge/enrollplus/feature/platform/BugService.kt:7:39 Unresolved reference 'PlatformTestAttachmentsTable'.
e: file:///C:/Users/HP/Devin1/VidyaPrayag/server/src/main/kotlin/com/littlebridge/enrollplus/feature/platform/BugService.kt:8:39 Unresolved reference 'PlatformFeaturesTable'.
e: file:///C:/Users/HP/Devin1/VidyaPrayag/server/src/main/kotlin/com/littlebridge/enrollplus/feature/platform/BugService.kt:61:21 Unresolved reference 'PlatformBugsTable'.
e: file:///C:/Users/HP/Devin1/VidyaPrayag/server/src/main/kotlin/com/littlebridge/enrollplus/feature/platform/BugService.kt:76:34 Unresolved reference 'PlatformBugsTable'.
e: file:///C:/Users/HP/Devin1/VidyaPrayag/server/src/main/kotlin/com/littlebridge/enrollplus/feature/platform/BugService.kt:77:36 Unresolved reference 'PlatformBugsTable'.
e: file:///C:/Users/HP/Devin1/VidyaPrayag/server/src/main/kotlin/com/littlebridge/enrollplus/feature/platform/BugService.kt:78:36 Unresolved reference 'PlatformBugsTable'.
e: file:///C:/Users/HP/Devin1/VidyaPrayag/server/src/main/kotlin/com/littlebridge/enrollplus/feature/platform/BugService.kt:79:37 Unresolved reference 'PlatformBugsTable'.
e: file:///C:/Users/HP/Devin1/VidyaPrayag/server/src/main/kotlin/com/littlebridge/enrollplus/feature/platform/BugService.kt:80:38 Unresolved reference 'PlatformBugsTable'.
e: file:///C:/Users/HP/Devin1/VidyaPrayag/server/src/main/kotlin/com/littlebridge/enrollplus/feature/platform/BugService.kt:82:18 Unresolved reference 'PlatformBugsTable'.
e: file:///C:/Users/HP/Devin1/VidyaPrayag/server/src/main/kotlin/com/littlebridge/enrollplus/feature/platform/BugService.kt:83:18 Unresolved reference 'PlatformBugsTable'.
e: file:///C:/Users/HP/Devin1/VidyaPrayag/server/src/main/kotlin/com/littlebridge/enrollplus/feature/platform/BugService.kt:86:21 Unresolved reference 'PlatformBugsTable'.
e: file:///C:/Users/HP/Devin1/VidyaPrayag/server/src/main/kotlin/com/littlebridge/enrollplus/feature/platform/BugService.kt:87:21 Unresolved reference 'PlatformBugsTable'.
e: file:///C:/Users/HP/Devin1/VidyaPrayag/server/src/main/kotlin/com/littlebridge/enrollplus/feature/platform/BugService.kt:88:22 Unresolved reference 'PlatformBugsTable'.
e: file:///C:/Users/HP/Devin1/VidyaPrayag/server/src/main/kotlin/com/littlebridge/enrollplus/feature/platform/BugService.kt:95:23 Unresolved reference 'PlatformBugsTable'.
e: file:///C:/Users/HP/Devin1/VidyaPrayag/server/src/main/kotlin/com/littlebridge/enrollplus/feature/platform/BugService.kt:96:22 Unresolved reference 'PlatformBugsTable'.
e: file:///C:/Users/HP/Devin1/VidyaPrayag/server/src/main/kotlin/com/littlebridge/enrollplus/feature/platform/BugService.kt:102:19 Unresolved reference 'PlatformBugsTable'.
e: file:///C:/Users/HP/Devin1/VidyaPrayag/server/src/main/kotlin/com/littlebridge/enrollplus/feature/platform/BugService.kt:102:57 Unresolved reference 'PlatformBugsTable'.
e: file:///C:/Users/HP/Devin1/VidyaPrayag/server/src/main/kotlin/com/littlebridge/enrollplus/feature/platform/BugService.kt:106:24 Unresolved reference 'PlatformBugCommentsTable'.
e: file:///C:/Users/HP/Devin1/VidyaPrayag/server/src/main/kotlin/com/littlebridge/enrollplus/feature/platform/BugService.kt:107:22 Unresolved reference 'PlatformBugCommentsTable'.
e: file:///C:/Users/HP/Devin1/VidyaPrayag/server/src/main/kotlin/com/littlebridge/enrollplus/feature/platform/BugService.kt:108:22 Unresolved reference 'PlatformBugCommentsTable'.
e: file:///C:/Users/HP/Devin1/VidyaPrayag/server/src/main/kotlin/com/littlebridge/enrollplus/feature/platform/BugService.kt:110:34 Cannot infer type for this parameter. Specify it explicitly.
e: file:///C:/Users/HP/Devin1/VidyaPrayag/server/src/main/kotlin/com/littlebridge/enrollplus/feature/platform/BugService.kt:110:34 Not enough information to infer type argument for 'T'.
e: file:///C:/Users/HP/Devin1/VidyaPrayag/server/src/main/kotlin/com/littlebridge/enrollplus/feature/platform/BugService.kt:110:36 Unresolved reference 'PlatformBugCommentsTable'.
e: file:///C:/Users/HP/Devin1/VidyaPrayag/server/src/main/kotlin/com/littlebridge/enrollplus/feature/platform/BugService.kt:110:72 Cannot infer type for this parameter. Specify it explicitly.
e: file:///C:/Users/HP/Devin1/VidyaPrayag/server/src/main/kotlin/com/littlebridge/enrollplus/feature/platform/BugService.kt:110:72 Not enough information to infer type argument for 'T'.
e: file:///C:/Users/HP/Devin1/VidyaPrayag/server/src/main/kotlin/com/littlebridge/enrollplus/feature/platform/BugService.kt:110:72 Not enough information to infer type argument for 'R'.
e: file:///C:/Users/HP/Devin1/VidyaPrayag/server/src/main/kotlin/com/littlebridge/enrollplus/feature/platform/BugService.kt:110:78 Cannot infer type for this parameter. Specify it explicitly.
e: file:///C:/Users/HP/Devin1/VidyaPrayag/server/src/main/kotlin/com/littlebridge/enrollplus/feature/platform/BugService.kt:115:26 Cannot infer type for this parameter. Specify it explicitly.
e: file:///C:/Users/HP/Devin1/VidyaPrayag/server/src/main/kotlin/com/littlebridge/enrollplus/feature/platform/BugService.kt:115:26 Not enough information to infer type argument for 'T'.
e: file:///C:/Users/HP/Devin1/VidyaPrayag/server/src/main/kotlin/com/littlebridge/enrollplus/feature/platform/BugService.kt:115:28 Unresolved reference 'PlatformBugCommentsTable'.
e: file:///C:/Users/HP/Devin1/VidyaPrayag/server/src/main/kotlin/com/littlebridge/enrollplus/feature/platform/BugService.kt:115:57 Unresolved reference 'value'.
e: file:///C:/Users/HP/Devin1/VidyaPrayag/server/src/main/kotlin/com/littlebridge/enrollplus/feature/platform/BugService.kt:117:33 Cannot infer type for this parameter. Specify it explicitly.
e: file:///C:/Users/HP/Devin1/VidyaPrayag/server/src/main/kotlin/com/littlebridge/enrollplus/feature/platform/BugService.kt:117:33 Not enough information to infer type argument for 'T'.
e: file:///C:/Users/HP/Devin1/VidyaPrayag/server/src/main/kotlin/com/littlebridge/enrollplus/feature/platform/BugService.kt:117:35 Unresolved reference 'PlatformBugCommentsTable'.
e: file:///C:/Users/HP/Devin1/VidyaPrayag/server/src/main/kotlin/com/littlebridge/enrollplus/feature/platform/BugService.kt:119:30 Unresolved reference 'PlatformBugCommentsTable'.
e: file:///C:/Users/HP/Devin1/VidyaPrayag/server/src/main/kotlin/com/littlebridge/enrollplus/feature/platform/BugService.kt:120:34 Unresolved reference 'PlatformBugCommentsTable'.
e: file:///C:/Users/HP/Devin1/VidyaPrayag/server/src/main/kotlin/com/littlebridge/enrollplus/feature/platform/BugService.kt:121:37 Unresolved reference 'PlatformBugCommentsTable'.
e: file:///C:/Users/HP/Devin1/VidyaPrayag/server/src/main/kotlin/com/littlebridge/enrollplus/feature/platform/BugService.kt:122:34 Cannot infer type for this parameter. Specify it explicitly.
e: file:///C:/Users/HP/Devin1/VidyaPrayag/server/src/main/kotlin/com/littlebridge/enrollplus/feature/platform/BugService.kt:122:34 Not enough information to infer type argument for 'T'.
e: file:///C:/Users/HP/Devin1/VidyaPrayag/server/src/main/kotlin/com/littlebridge/enrollplus/feature/platform/BugService.kt:122:36 Unresolved reference 'PlatformBugCommentsTable'.
e: file:///C:/Users/HP/Devin1/VidyaPrayag/server/src/main/kotlin/com/littlebridge/enrollplus/feature/platform/BugService.kt:126:24 Unresolved reference 'PlatformBugActivityTable'.
e: file:///C:/Users/HP/Devin1/VidyaPrayag/server/src/main/kotlin/com/littlebridge/enrollplus/feature/platform/BugService.kt:127:22 Unresolved reference 'PlatformBugActivityTable'.
e: file:///C:/Users/HP/Devin1/VidyaPrayag/server/src/main/kotlin/com/littlebridge/enrollplus/feature/platform/BugService.kt:128:22 Unresolved reference 'PlatformBugActivityTable'.
e: file:///C:/Users/HP/Devin1/VidyaPrayag/server/src/main/kotlin/com/littlebridge/enrollplus/feature/platform/BugService.kt:130:33 Cannot infer type for this parameter. Specify it explicitly.
e: file:///C:/Users/HP/Devin1/VidyaPrayag/server/src/main/kotlin/com/littlebridge/enrollplus/feature/platform/BugService.kt:130:33 Not enough information to infer type argument for 'T'.
e: file:///C:/Users/HP/Devin1/VidyaPrayag/server/src/main/kotlin/com/littlebridge/enrollplus/feature/platform/BugService.kt:130:35 Unresolved reference 'PlatformBugActivityTable'.
e: file:///C:/Users/HP/Devin1/VidyaPrayag/server/src/main/kotlin/com/littlebridge/enrollplus/feature/platform/BugService.kt:130:70 Cannot infer type for this parameter. Specify it explicitly.
e: file:///C:/Users/HP/Devin1/VidyaPrayag/server/src/main/kotlin/com/littlebridge/enrollplus/feature/platform/BugService.kt:130:70 Not enough information to infer type argument for 'T'.
e: file:///C:/Users/HP/Devin1/VidyaPrayag/server/src/main/kotlin/com/littlebridge/enrollplus/feature/platform/BugService.kt:130:70 Not enough information to infer type argument for 'R'.
e: file:///C:/Users/HP/Devin1/VidyaPrayag/server/src/main/kotlin/com/littlebridge/enrollplus/feature/platform/BugService.kt:130:76 Cannot infer type for this parameter. Specify it explicitly.
e: file:///C:/Users/HP/Devin1/VidyaPrayag/server/src/main/kotlin/com/littlebridge/enrollplus/feature/platform/BugService.kt:135:26 Cannot infer type for this parameter. Specify it explicitly.
e: file:///C:/Users/HP/Devin1/VidyaPrayag/server/src/main/kotlin/com/littlebridge/enrollplus/feature/platform/BugService.kt:135:26 Not enough information to infer type argument for 'T'.
e: file:///C:/Users/HP/Devin1/VidyaPrayag/server/src/main/kotlin/com/littlebridge/enrollplus/feature/platform/BugService.kt:135:28 Unresolved reference 'PlatformBugActivityTable'.
e: file:///C:/Users/HP/Devin1/VidyaPrayag/server/src/main/kotlin/com/littlebridge/enrollplus/feature/platform/BugService.kt:135:57 Unresolved reference 'value'.
e: file:///C:/Users/HP/Devin1/VidyaPrayag/server/src/main/kotlin/com/littlebridge/enrollplus/feature/platform/BugService.kt:137:32 Cannot infer type for this parameter. Specify it explicitly.
e: file:///C:/Users/HP/Devin1/VidyaPrayag/server/src/main/kotlin/com/littlebridge/enrollplus/feature/platform/BugService.kt:137:32 Not enough information to infer type argument for 'T'.
e: file:///C:/Users/HP/Devin1/VidyaPrayag/server/src/main/kotlin/com/littlebridge/enrollplus/feature/platform/BugService.kt:137:34 Unresolved reference 'PlatformBugActivityTable'.
e: file:///C:/Users/HP/Devin1/VidyaPrayag/server/src/main/kotlin/com/littlebridge/enrollplus/feature/platform/BugService.kt:139:32 Unresolved reference 'PlatformBugActivityTable'.
e: file:///C:/Users/HP/Devin1/VidyaPrayag/server/src/main/kotlin/com/littlebridge/enrollplus/feature/platform/BugService.kt:140:31 Unresolved reference 'PlatformBugActivityTable'.
e: file:///C:/Users/HP/Devin1/VidyaPrayag/server/src/main/kotlin/com/littlebridge/enrollplus/feature/platform/BugService.kt:141:35 Unresolved reference 'PlatformBugActivityTable'.
e: file:///C:/Users/HP/Devin1/VidyaPrayag/server/src/main/kotlin/com/littlebridge/enrollplus/feature/platform/BugService.kt:142:35 Unresolved reference 'PlatformBugActivityTable'.
e: file:///C:/Users/HP/Devin1/VidyaPrayag/server/src/main/kotlin/com/littlebridge/enrollplus/feature/platform/BugService.kt:143:34 Cannot infer type for this parameter. Specify it explicitly.
e: file:///C:/Users/HP/Devin1/VidyaPrayag/server/src/main/kotlin/com/littlebridge/enrollplus/feature/platform/BugService.kt:143:34 Not enough information to infer type argument for 'T'.
e: file:///C:/Users/HP/Devin1/VidyaPrayag/server/src/main/kotlin/com/littlebridge/enrollplus/feature/platform/BugService.kt:143:36 Unresolved reference 'PlatformBugActivityTable'.
e: file:///C:/Users/HP/Devin1/VidyaPrayag/server/src/main/kotlin/com/littlebridge/enrollplus/feature/platform/BugService.kt:147:27 Unresolved reference 'PlatformTestAttachmentsTable'.
e: file:///C:/Users/HP/Devin1/VidyaPrayag/server/src/main/kotlin/com/littlebridge/enrollplus/feature/platform/BugService.kt:148:22 Unresolved reference 'PlatformTestAttachmentsTable'.
e: file:///C:/Users/HP/Devin1/VidyaPrayag/server/src/main/kotlin/com/littlebridge/enrollplus/feature/platform/BugService.kt:151:26 Cannot infer type for this parameter. Specify it explicitly.
e: file:///C:/Users/HP/Devin1/VidyaPrayag/server/src/main/kotlin/com/littlebridge/enrollplus/feature/platform/BugService.kt:151:26 Not enough information to infer type argument for 'T'.
e: file:///C:/Users/HP/Devin1/VidyaPrayag/server/src/main/kotlin/com/littlebridge/enrollplus/feature/platform/BugService.kt:151:29 Unresolved reference 'PlatformTestAttachmentsTable'.
e: file:///C:/Users/HP/Devin1/VidyaPrayag/server/src/main/kotlin/com/littlebridge/enrollplus/feature/platform/BugService.kt:151:62 Unresolved reference 'value'.
e: file:///C:/Users/HP/Devin1/VidyaPrayag/server/src/main/kotlin/com/littlebridge/enrollplus/feature/platform/BugService.kt:152:36 Unresolved reference 'PlatformTestAttachmentsTable'.
e: file:///C:/Users/HP/Devin1/VidyaPrayag/server/src/main/kotlin/com/littlebridge/enrollplus/feature/platform/BugService.kt:153:35 Unresolved reference 'PlatformTestAttachmentsTable'.
e: file:///C:/Users/HP/Devin1/VidyaPrayag/server/src/main/kotlin/com/littlebridge/enrollplus/feature/platform/BugService.kt:154:36 Unresolved reference 'PlatformTestAttachmentsTable'.
e: file:///C:/Users/HP/Devin1/VidyaPrayag/server/src/main/kotlin/com/littlebridge/enrollplus/feature/platform/BugService.kt:155:36 Unresolved reference 'PlatformTestAttachmentsTable'.
e: file:///C:/Users/HP/Devin1/VidyaPrayag/server/src/main/kotlin/com/littlebridge/enrollplus/feature/platform/BugService.kt:156:42 Unresolved reference 'PlatformTestAttachmentsTable'.
e: file:///C:/Users/HP/Devin1/VidyaPrayag/server/src/main/kotlin/com/littlebridge/enrollplus/feature/platform/BugService.kt:157:35 Cannot infer type for this parameter. Specify it explicitly.
e: file:///C:/Users/HP/Devin1/VidyaPrayag/server/src/main/kotlin/com/littlebridge/enrollplus/feature/platform/BugService.kt:157:35 Not enough information to infer type argument for 'T'.
e: file:///C:/Users/HP/Devin1/VidyaPrayag/server/src/main/kotlin/com/littlebridge/enrollplus/feature/platform/BugService.kt:157:38 Unresolved reference 'PlatformTestAttachmentsTable'.
e: file:///C:/Users/HP/Devin1/VidyaPrayag/server/src/main/kotlin/com/littlebridge/enrollplus/feature/platform/BugService.kt:158:34 Cannot infer type for this parameter. Specify it explicitly.
e: file:///C:/Users/HP/Devin1/VidyaPrayag/server/src/main/kotlin/com/littlebridge/enrollplus/feature/platform/BugService.kt:158:34 Not enough information to infer type argument for 'T'.
e: file:///C:/Users/HP/Devin1/VidyaPrayag/server/src/main/kotlin/com/littlebridge/enrollplus/feature/platform/BugService.kt:158:37 Unresolved reference 'PlatformTestAttachmentsTable'.
e: file:///C:/Users/HP/Devin1/VidyaPrayag/server/src/main/kotlin/com/littlebridge/enrollplus/feature/platform/BugService.kt:164:31 Unresolved reference 'PlatformBugsTable'.
e: file:///C:/Users/HP/Devin1/VidyaPrayag/server/src/main/kotlin/com/littlebridge/enrollplus/feature/platform/BugService.kt:165:35 Unresolved reference 'PlatformBugsTable'.
e: file:///C:/Users/HP/Devin1/VidyaPrayag/server/src/main/kotlin/com/littlebridge/enrollplus/feature/platform/BugService.kt:166:31 Unresolved reference 'PlatformBugsTable'.
e: file:///C:/Users/HP/Devin1/VidyaPrayag/server/src/main/kotlin/com/littlebridge/enrollplus/feature/platform/BugService.kt:167:33 Unresolved reference 'PlatformBugsTable'.
e: file:///C:/Users/HP/Devin1/VidyaPrayag/server/src/main/kotlin/com/littlebridge/enrollplus/feature/platform/BugService.kt:168:28 Unresolved reference 'PlatformBugsTable'.
e: file:///C:/Users/HP/Devin1/VidyaPrayag/server/src/main/kotlin/com/littlebridge/enrollplus/feature/platform/BugService.kt:169:26 Unresolved reference 'PlatformBugsTable'.
e: file:///C:/Users/HP/Devin1/VidyaPrayag/server/src/main/kotlin/com/littlebridge/enrollplus/feature/platform/BugService.kt:170:30 Unresolved reference 'PlatformBugsTable'.
e: file:///C:/Users/HP/Devin1/VidyaPrayag/server/src/main/kotlin/com/littlebridge/enrollplus/feature/platform/BugService.kt:171:38 Unresolved reference 'PlatformBugsTable'.
e: file:///C:/Users/HP/Devin1/VidyaPrayag/server/src/main/kotlin/com/littlebridge/enrollplus/feature/platform/BugService.kt:172:35 Unresolved reference 'PlatformBugsTable'.
e: file:///C:/Users/HP/Devin1/VidyaPrayag/server/src/main/kotlin/com/littlebridge/enrollplus/feature/platform/BugService.kt:173:33 Unresolved reference 'PlatformBugsTable'.
e: file:///C:/Users/HP/Devin1/VidyaPrayag/server/src/main/kotlin/com/littlebridge/enrollplus/feature/platform/BugService.kt:174:25 Cannot infer type for this parameter. Specify it explicitly.
e: file:///C:/Users/HP/Devin1/VidyaPrayag/server/src/main/kotlin/com/littlebridge/enrollplus/feature/platform/BugService.kt:174:25 Not enough information to infer type argument for 'T'.
e: file:///C:/Users/HP/Devin1/VidyaPrayag/server/src/main/kotlin/com/littlebridge/enrollplus/feature/platform/BugService.kt:174:29 Unresolved reference 'PlatformBugsTable'.
e: file:///C:/Users/HP/Devin1/VidyaPrayag/server/src/main/kotlin/com/littlebridge/enrollplus/feature/platform/BugService.kt:175:22 Cannot infer type for this parameter. Specify it explicitly.
e: file:///C:/Users/HP/Devin1/VidyaPrayag/server/src/main/kotlin/com/littlebridge/enrollplus/feature/platform/BugService.kt:175:22 Not enough information to infer type argument for 'T'.
e: file:///C:/Users/HP/Devin1/VidyaPrayag/server/src/main/kotlin/com/littlebridge/enrollplus/feature/platform/BugService.kt:175:26 Unresolved reference 'PlatformBugsTable'.
e: file:///C:/Users/HP/Devin1/VidyaPrayag/server/src/main/kotlin/com/littlebridge/enrollplus/feature/platform/BugService.kt:176:28 Cannot infer type for this parameter. Specify it explicitly.
e: file:///C:/Users/HP/Devin1/VidyaPrayag/server/src/main/kotlin/com/littlebridge/enrollplus/feature/platform/BugService.kt:176:28 Not enough information to infer type argument for 'T'.
e: file:///C:/Users/HP/Devin1/VidyaPrayag/server/src/main/kotlin/com/littlebridge/enrollplus/feature/platform/BugService.kt:176:32 Unresolved reference 'PlatformBugsTable'.
e: file:///C:/Users/HP/Devin1/VidyaPrayag/server/src/main/kotlin/com/littlebridge/enrollplus/feature/platform/BugService.kt:177:26 Cannot infer type for this parameter. Specify it explicitly.
e: file:///C:/Users/HP/Devin1/VidyaPrayag/server/src/main/kotlin/com/littlebridge/enrollplus/feature/platform/BugService.kt:177:26 Not enough information to infer type argument for 'T'.
e: file:///C:/Users/HP/Devin1/VidyaPrayag/server/src/main/kotlin/com/littlebridge/enrollplus/feature/platform/BugService.kt:177:30 Unresolved reference 'PlatformBugsTable'.
e: file:///C:/Users/HP/Devin1/VidyaPrayag/server/src/main/kotlin/com/littlebridge/enrollplus/feature/platform/BugService.kt:178:24 Cannot infer type for this parameter. Specify it explicitly.
e: file:///C:/Users/HP/Devin1/VidyaPrayag/server/src/main/kotlin/com/littlebridge/enrollplus/feature/platform/BugService.kt:178:24 Not enough information to infer type argument for 'T'.
e: file:///C:/Users/HP/Devin1/VidyaPrayag/server/src/main/kotlin/com/littlebridge/enrollplus/feature/platform/BugService.kt:178:28 Unresolved reference 'PlatformBugsTable'.
e: file:///C:/Users/HP/Devin1/VidyaPrayag/server/src/main/kotlin/com/littlebridge/enrollplus/feature/platform/BugService.kt:179:27 Cannot infer type for this parameter. Specify it explicitly.
e: file:///C:/Users/HP/Devin1/VidyaPrayag/server/src/main/kotlin/com/littlebridge/enrollplus/feature/platform/BugService.kt:179:27 Not enough information to infer type argument for 'T'.
e: file:///C:/Users/HP/Devin1/VidyaPrayag/server/src/main/kotlin/com/littlebridge/enrollplus/feature/platform/BugService.kt:179:31 Unresolved reference 'PlatformBugsTable'.
e: file:///C:/Users/HP/Devin1/VidyaPrayag/server/src/main/kotlin/com/littlebridge/enrollplus/feature/platform/BugService.kt:180:27 Cannot infer type for this parameter. Specify it explicitly.
e: file:///C:/Users/HP/Devin1/VidyaPrayag/server/src/main/kotlin/com/littlebridge/enrollplus/feature/platform/BugService.kt:180:27 Not enough information to infer type argument for 'T'.
e: file:///C:/Users/HP/Devin1/VidyaPrayag/server/src/main/kotlin/com/littlebridge/enrollplus/feature/platform/BugService.kt:180:31 Unresolved reference 'PlatformBugsTable'.
e: file:///C:/Users/HP/Devin1/VidyaPrayag/server/src/main/kotlin/com/littlebridge/enrollplus/feature/platform/BugService.kt:181:25 Cannot infer type for this parameter. Specify it explicitly.
e: file:///C:/Users/HP/Devin1/VidyaPrayag/server/src/main/kotlin/com/littlebridge/enrollplus/feature/platform/BugService.kt:181:25 Not enough information to infer type argument for 'T'.
e: file:///C:/Users/HP/Devin1/VidyaPrayag/server/src/main/kotlin/com/littlebridge/enrollplus/feature/platform/BugService.kt:181:29 Unresolved reference 'PlatformBugsTable'.
e: file:///C:/Users/HP/Devin1/VidyaPrayag/server/src/main/kotlin/com/littlebridge/enrollplus/feature/platform/BugService.kt:182:24 Unresolved reference 'PlatformBugsTable'.
e: file:///C:/Users/HP/Devin1/VidyaPrayag/server/src/main/kotlin/com/littlebridge/enrollplus/feature/platform/BugService.kt:183:28 Unresolved reference 'PlatformBugsTable'.
e: file:///C:/Users/HP/Devin1/VidyaPrayag/server/src/main/kotlin/com/littlebridge/enrollplus/feature/platform/BugService.kt:192:39 Unresolved reference 'PlatformBugsTable'.
e: file:///C:/Users/HP/Devin1/VidyaPrayag/server/src/main/kotlin/com/littlebridge/enrollplus/feature/platform/BugService.kt:194:9 Unresolved reference 'PlatformBugsTable'.
e: file:///C:/Users/HP/Devin1/VidyaPrayag/server/src/main/kotlin/com/littlebridge/enrollplus/feature/platform/BugService.kt:194:9 Cannot infer type for this parameter. Specify it explicitly.
e: file:///C:/Users/HP/Devin1/VidyaPrayag/server/src/main/kotlin/com/littlebridge/enrollplus/feature/platform/BugService.kt:194:9 Not enough information to infer type argument for 'E'.
e: file:///C:/Users/HP/Devin1/VidyaPrayag/server/src/main/kotlin/com/littlebridge/enrollplus/feature/platform/BugService.kt:194:9 Not enough information to infer type argument for 'T'.
e: file:///C:/Users/HP/Devin1/VidyaPrayag/server/src/main/kotlin/com/littlebridge/enrollplus/feature/platform/BugService.kt:195:13 Unresolved reference 'it'.
e: file:///C:/Users/HP/Devin1/VidyaPrayag/server/src/main/kotlin/com/littlebridge/enrollplus/feature/platform/BugService.kt:195:16 Unresolved reference 'PlatformBugsTable'.
e: file:///C:/Users/HP/Devin1/VidyaPrayag/server/src/main/kotlin/com/littlebridge/enrollplus/feature/platform/BugService.kt:196:13 Unresolved reference 'it'.
e: file:///C:/Users/HP/Devin1/VidyaPrayag/server/src/main/kotlin/com/littlebridge/enrollplus/feature/platform/BugService.kt:196:16 Unresolved reference 'PlatformBugsTable'.
e: file:///C:/Users/HP/Devin1/VidyaPrayag/server/src/main/kotlin/com/littlebridge/enrollplus/feature/platform/BugService.kt:197:13 Unresolved reference 'it'.
e: file:///C:/Users/HP/Devin1/VidyaPrayag/server/src/main/kotlin/com/littlebridge/enrollplus/feature/platform/BugService.kt:197:16 Unresolved reference 'PlatformBugsTable'.
e: file:///C:/Users/HP/Devin1/VidyaPrayag/server/src/main/kotlin/com/littlebridge/enrollplus/feature/platform/BugService.kt:198:13 Unresolved reference 'it'.
e: file:///C:/Users/HP/Devin1/VidyaPrayag/server/src/main/kotlin/com/littlebridge/enrollplus/feature/platform/BugService.kt:198:16 Unresolved reference 'PlatformBugsTable'.
e: file:///C:/Users/HP/Devin1/VidyaPrayag/server/src/main/kotlin/com/littlebridge/enrollplus/feature/platform/BugService.kt:199:13 Unresolved reference 'it'.
e: file:///C:/Users/HP/Devin1/VidyaPrayag/server/src/main/kotlin/com/littlebridge/enrollplus/feature/platform/BugService.kt:199:16 Unresolved reference 'PlatformBugsTable'.
e: file:///C:/Users/HP/Devin1/VidyaPrayag/server/src/main/kotlin/com/littlebridge/enrollplus/feature/platform/BugService.kt:200:13 Unresolved reference 'it'.
e: file:///C:/Users/HP/Devin1/VidyaPrayag/server/src/main/kotlin/com/littlebridge/enrollplus/feature/platform/BugService.kt:200:16 Unresolved reference 'PlatformBugsTable'.
e: file:///C:/Users/HP/Devin1/VidyaPrayag/server/src/main/kotlin/com/littlebridge/enrollplus/feature/platform/BugService.kt:201:13 Unresolved reference 'it'.
e: file:///C:/Users/HP/Devin1/VidyaPrayag/server/src/main/kotlin/com/littlebridge/enrollplus/feature/platform/BugService.kt:201:16 Unresolved reference 'PlatformBugsTable'.
e: file:///C:/Users/HP/Devin1/VidyaPrayag/server/src/main/kotlin/com/littlebridge/enrollplus/feature/platform/BugService.kt:202:13 Unresolved reference 'it'.
e: file:///C:/Users/HP/Devin1/VidyaPrayag/server/src/main/kotlin/com/littlebridge/enrollplus/feature/platform/BugService.kt:202:16 Unresolved reference 'PlatformBugsTable'.
e: file:///C:/Users/HP/Devin1/VidyaPrayag/server/src/main/kotlin/com/littlebridge/enrollplus/feature/platform/BugService.kt:203:13 Unresolved reference 'it'.
e: file:///C:/Users/HP/Devin1/VidyaPrayag/server/src/main/kotlin/com/littlebridge/enrollplus/feature/platform/BugService.kt:203:16 Unresolved reference 'PlatformBugsTable'.
e: file:///C:/Users/HP/Devin1/VidyaPrayag/server/src/main/kotlin/com/littlebridge/enrollplus/feature/platform/BugService.kt:204:13 Unresolved reference 'it'.
e: file:///C:/Users/HP/Devin1/VidyaPrayag/server/src/main/kotlin/com/littlebridge/enrollplus/feature/platform/BugService.kt:204:16 Unresolved reference 'PlatformBugsTable'.
e: file:///C:/Users/HP/Devin1/VidyaPrayag/server/src/main/kotlin/com/littlebridge/enrollplus/feature/platform/BugService.kt:205:13 Unresolved reference 'it'.
e: file:///C:/Users/HP/Devin1/VidyaPrayag/server/src/main/kotlin/com/littlebridge/enrollplus/feature/platform/BugService.kt:205:16 Unresolved reference 'PlatformBugsTable'.
e: file:///C:/Users/HP/Devin1/VidyaPrayag/server/src/main/kotlin/com/littlebridge/enrollplus/feature/platform/BugService.kt:206:13 Unresolved reference 'it'.
e: file:///C:/Users/HP/Devin1/VidyaPrayag/server/src/main/kotlin/com/littlebridge/enrollplus/feature/platform/BugService.kt:206:16 Unresolved reference 'PlatformBugsTable'.
e: file:///C:/Users/HP/Devin1/VidyaPrayag/server/src/main/kotlin/com/littlebridge/enrollplus/feature/platform/BugService.kt:207:13 Unresolved reference 'it'.
e: file:///C:/Users/HP/Devin1/VidyaPrayag/server/src/main/kotlin/com/littlebridge/enrollplus/feature/platform/BugService.kt:207:16 Unresolved reference 'PlatformBugsTable'.
e: file:///C:/Users/HP/Devin1/VidyaPrayag/server/src/main/kotlin/com/littlebridge/enrollplus/feature/platform/BugService.kt:208:13 Unresolved reference 'it'.
e: file:///C:/Users/HP/Devin1/VidyaPrayag/server/src/main/kotlin/com/littlebridge/enrollplus/feature/platform/BugService.kt:208:16 Unresolved reference 'PlatformBugsTable'.
e: file:///C:/Users/HP/Devin1/VidyaPrayag/server/src/main/kotlin/com/littlebridge/enrollplus/feature/platform/BugService.kt:209:13 Unresolved reference 'it'.
e: file:///C:/Users/HP/Devin1/VidyaPrayag/server/src/main/kotlin/com/littlebridge/enrollplus/feature/platform/BugService.kt:209:16 Unresolved reference 'PlatformBugsTable'.
e: file:///C:/Users/HP/Devin1/VidyaPrayag/server/src/main/kotlin/com/littlebridge/enrollplus/feature/platform/BugService.kt:210:13 Unresolved reference 'it'.
e: file:///C:/Users/HP/Devin1/VidyaPrayag/server/src/main/kotlin/com/littlebridge/enrollplus/feature/platform/BugService.kt:210:16 Unresolved reference 'PlatformBugsTable'.
e: file:///C:/Users/HP/Devin1/VidyaPrayag/server/src/main/kotlin/com/littlebridge/enrollplus/feature/platform/BugService.kt:211:13 Unresolved reference 'it'.
e: file:///C:/Users/HP/Devin1/VidyaPrayag/server/src/main/kotlin/com/littlebridge/enrollplus/feature/platform/BugService.kt:211:16 Unresolved reference 'PlatformBugsTable'.
e: file:///C:/Users/HP/Devin1/VidyaPrayag/server/src/main/kotlin/com/littlebridge/enrollplus/feature/platform/BugService.kt:212:13 Unresolved reference 'it'.
e: file:///C:/Users/HP/Devin1/VidyaPrayag/server/src/main/kotlin/com/littlebridge/enrollplus/feature/platform/BugService.kt:212:16 Unresolved reference 'PlatformBugsTable'.
e: file:///C:/Users/HP/Devin1/VidyaPrayag/server/src/main/kotlin/com/littlebridge/enrollplus/feature/platform/BugService.kt:213:13 Unresolved reference 'it'.
e: file:///C:/Users/HP/Devin1/VidyaPrayag/server/src/main/kotlin/com/littlebridge/enrollplus/feature/platform/BugService.kt:213:16 Unresolved reference 'PlatformBugsTable'.
e: file:///C:/Users/HP/Devin1/VidyaPrayag/server/src/main/kotlin/com/littlebridge/enrollplus/feature/platform/BugService.kt:214:13 Unresolved reference 'it'.
e: file:///C:/Users/HP/Devin1/VidyaPrayag/server/src/main/kotlin/com/littlebridge/enrollplus/feature/platform/BugService.kt:214:16 Unresolved reference 'PlatformBugsTable'.
e: file:///C:/Users/HP/Devin1/VidyaPrayag/server/src/main/kotlin/com/littlebridge/enrollplus/feature/platform/BugService.kt:215:13 Unresolved reference 'it'.
e: file:///C:/Users/HP/Devin1/VidyaPrayag/server/src/main/kotlin/com/littlebridge/enrollplus/feature/platform/BugService.kt:215:16 Unresolved reference 'PlatformBugsTable'.
e: file:///C:/Users/HP/Devin1/VidyaPrayag/server/src/main/kotlin/com/littlebridge/enrollplus/feature/platform/BugService.kt:216:13 Unresolved reference 'it'.
e: file:///C:/Users/HP/Devin1/VidyaPrayag/server/src/main/kotlin/com/littlebridge/enrollplus/feature/platform/BugService.kt:216:16 Unresolved reference 'PlatformBugsTable'.
e: file:///C:/Users/HP/Devin1/VidyaPrayag/server/src/main/kotlin/com/littlebridge/enrollplus/feature/platform/BugService.kt:217:13 Unresolved reference 'it'.
e: file:///C:/Users/HP/Devin1/VidyaPrayag/server/src/main/kotlin/com/littlebridge/enrollplus/feature/platform/BugService.kt:217:16 Unresolved reference 'PlatformBugsTable'.
e: file:///C:/Users/HP/Devin1/VidyaPrayag/server/src/main/kotlin/com/littlebridge/enrollplus/feature/platform/BugService.kt:218:13 Unresolved reference 'it'.
e: file:///C:/Users/HP/Devin1/VidyaPrayag/server/src/main/kotlin/com/littlebridge/enrollplus/feature/platform/BugService.kt:218:16 Unresolved reference 'PlatformBugsTable'.
e: file:///C:/Users/HP/Devin1/VidyaPrayag/server/src/main/kotlin/com/littlebridge/enrollplus/feature/platform/BugService.kt:219:11 Unresolved reference 'PlatformBugsTable'.
e: file:///C:/Users/HP/Devin1/VidyaPrayag/server/src/main/kotlin/com/littlebridge/enrollplus/feature/platform/BugService.kt:219:33 Unresolved reference 'value'.
e: file:///C:/Users/HP/Devin1/VidyaPrayag/server/src/main/kotlin/com/littlebridge/enrollplus/feature/platform/BugService.kt:223:9 Unresolved reference 'PlatformBugsTable'.
e: file:///C:/Users/HP/Devin1/VidyaPrayag/server/src/main/kotlin/com/littlebridge/enrollplus/feature/platform/BugService.kt:223:44 Unresolved reference 'PlatformBugsTable'.
e: file:///C:/Users/HP/Devin1/VidyaPrayag/server/src/main/kotlin/com/littlebridge/enrollplus/feature/platform/BugService.kt:224:38 Unresolved reference 'PlatformBugsTable'.
e: file:///C:/Users/HP/Devin1/VidyaPrayag/server/src/main/kotlin/com/littlebridge/enrollplus/feature/platform/BugService.kt:225:44 Unresolved reference 'PlatformBugsTable'.
e: file:///C:/Users/HP/Devin1/VidyaPrayag/server/src/main/kotlin/com/littlebridge/enrollplus/feature/platform/BugService.kt:226:43 Unresolved reference 'PlatformBugsTable'.
e: file:///C:/Users/HP/Devin1/VidyaPrayag/server/src/main/kotlin/com/littlebridge/enrollplus/feature/platform/BugService.kt:227:42 Unresolved reference 'PlatformBugsTable'.
e: file:///C:/Users/HP/Devin1/VidyaPrayag/server/src/main/kotlin/com/littlebridge/enrollplus/feature/platform/BugService.kt:228:39 Unresolved reference 'PlatformBugsTable'.
e: file:///C:/Users/HP/Devin1/VidyaPrayag/server/src/main/kotlin/com/littlebridge/enrollplus/feature/platform/BugService.kt:229:45 Unresolved reference 'PlatformBugsTable'.
e: file:///C:/Users/HP/Devin1/VidyaPrayag/server/src/main/kotlin/com/littlebridge/enrollplus/feature/platform/BugService.kt:230:41 Unresolved reference 'PlatformBugsTable'.
e: file:///C:/Users/HP/Devin1/VidyaPrayag/server/src/main/kotlin/com/littlebridge/enrollplus/feature/platform/BugService.kt:231:41 Unresolved reference 'PlatformBugsTable'.
e: file:///C:/Users/HP/Devin1/VidyaPrayag/server/src/main/kotlin/com/littlebridge/enrollplus/feature/platform/BugService.kt:232:48 Unresolved reference 'PlatformBugsTable'.
e: file:///C:/Users/HP/Devin1/VidyaPrayag/server/src/main/kotlin/com/littlebridge/enrollplus/feature/platform/BugService.kt:233:44 Unresolved reference 'PlatformBugsTable'.
e: file:///C:/Users/HP/Devin1/VidyaPrayag/server/src/main/kotlin/com/littlebridge/enrollplus/feature/platform/BugService.kt:234:46 Unresolved reference 'PlatformBugsTable'.
e: file:///C:/Users/HP/Devin1/VidyaPrayag/server/src/main/kotlin/com/littlebridge/enrollplus/feature/platform/BugService.kt:235:41 Unresolved reference 'PlatformBugsTable'.
e: file:///C:/Users/HP/Devin1/VidyaPrayag/server/src/main/kotlin/com/littlebridge/enrollplus/feature/platform/BugService.kt:236:39 Unresolved reference 'PlatformBugsTable'.
e: file:///C:/Users/HP/Devin1/VidyaPrayag/server/src/main/kotlin/com/littlebridge/enrollplus/feature/platform/BugService.kt:237:43 Unresolved reference 'PlatformBugsTable'.
e: file:///C:/Users/HP/Devin1/VidyaPrayag/server/src/main/kotlin/com/littlebridge/enrollplus/feature/platform/BugService.kt:238:51 Unresolved reference 'PlatformBugsTable'.
e: file:///C:/Users/HP/Devin1/VidyaPrayag/server/src/main/kotlin/com/littlebridge/enrollplus/feature/platform/BugService.kt:239:48 Unresolved reference 'PlatformBugsTable'.
e: file:///C:/Users/HP/Devin1/VidyaPrayag/server/src/main/kotlin/com/littlebridge/enrollplus/feature/platform/BugService.kt:240:46 Unresolved reference 'PlatformBugsTable'.
e: file:///C:/Users/HP/Devin1/VidyaPrayag/server/src/main/kotlin/com/littlebridge/enrollplus/feature/platform/BugService.kt:241:37 Unresolved reference 'PlatformBugsTable'.
e: file:///C:/Users/HP/Devin1/VidyaPrayag/server/src/main/kotlin/com/littlebridge/enrollplus/feature/platform/BugService.kt:242:16 Unresolved reference 'PlatformBugsTable'.
e: file:///C:/Users/HP/Devin1/VidyaPrayag/server/src/main/kotlin/com/littlebridge/enrollplus/feature/platform/BugService.kt:247:19 Unresolved reference 'PlatformBugsTable'.
e: file:///C:/Users/HP/Devin1/VidyaPrayag/server/src/main/kotlin/com/littlebridge/enrollplus/feature/platform/BugService.kt:247:57 Unresolved reference 'PlatformBugsTable'.
e: file:///C:/Users/HP/Devin1/VidyaPrayag/server/src/main/kotlin/com/littlebridge/enrollplus/feature/platform/BugService.kt:249:29 Cannot infer type for this parameter. Specify it explicitly.
e: file:///C:/Users/HP/Devin1/VidyaPrayag/server/src/main/kotlin/com/littlebridge/enrollplus/feature/platform/BugService.kt:249:29 Not enough information to infer type argument for 'T'.
e: file:///C:/Users/HP/Devin1/VidyaPrayag/server/src/main/kotlin/com/littlebridge/enrollplus/feature/platform/BugService.kt:249:33 Unresolved reference 'PlatformBugsTable'.
e: file:///C:/Users/HP/Devin1/VidyaPrayag/server/src/main/kotlin/com/littlebridge/enrollplus/feature/platform/BugService.kt:253:9 Unresolved reference 'PlatformBugActivityTable'.
e: file:///C:/Users/HP/Devin1/VidyaPrayag/server/src/main/kotlin/com/littlebridge/enrollplus/feature/platform/BugService.kt:254:13 Unresolved reference 'it'.
e: file:///C:/Users/HP/Devin1/VidyaPrayag/server/src/main/kotlin/com/littlebridge/enrollplus/feature/platform/BugService.kt:254:16 Unresolved reference 'PlatformBugActivityTable'.
e: file:///C:/Users/HP/Devin1/VidyaPrayag/server/src/main/kotlin/com/littlebridge/enrollplus/feature/platform/BugService.kt:255:13 Unresolved reference 'it'.
e: file:///C:/Users/HP/Devin1/VidyaPrayag/server/src/main/kotlin/com/littlebridge/enrollplus/feature/platform/BugService.kt:255:16 Unresolved reference 'PlatformBugActivityTable'.
e: file:///C:/Users/HP/Devin1/VidyaPrayag/server/src/main/kotlin/com/littlebridge/enrollplus/feature/platform/BugService.kt:256:13 Unresolved reference 'it'.
e: file:///C:/Users/HP/Devin1/VidyaPrayag/server/src/main/kotlin/com/littlebridge/enrollplus/feature/platform/BugService.kt:256:16 Unresolved reference 'PlatformBugActivityTable'.
e: file:///C:/Users/HP/Devin1/VidyaPrayag/server/src/main/kotlin/com/littlebridge/enrollplus/feature/platform/BugService.kt:257:13 Unresolved reference 'it'.
e: file:///C:/Users/HP/Devin1/VidyaPrayag/server/src/main/kotlin/com/littlebridge/enrollplus/feature/platform/BugService.kt:257:16 Unresolved reference 'PlatformBugActivityTable'.
e: file:///C:/Users/HP/Devin1/VidyaPrayag/server/src/main/kotlin/com/littlebridge/enrollplus/feature/platform/BugService.kt:258:13 Unresolved reference 'it'.
e: file:///C:/Users/HP/Devin1/VidyaPrayag/server/src/main/kotlin/com/littlebridge/enrollplus/feature/platform/BugService.kt:258:16 Unresolved reference 'PlatformBugActivityTable'.
e: file:///C:/Users/HP/Devin1/VidyaPrayag/server/src/main/kotlin/com/littlebridge/enrollplus/feature/platform/BugService.kt:259:13 Unresolved reference 'it'.
e: file:///C:/Users/HP/Devin1/VidyaPrayag/server/src/main/kotlin/com/littlebridge/enrollplus/feature/platform/BugService.kt:259:16 Unresolved reference 'PlatformBugActivityTable'.
e: file:///C:/Users/HP/Devin1/VidyaPrayag/server/src/main/kotlin/com/littlebridge/enrollplus/feature/platform/BugService.kt:260:13 Unresolved reference 'it'.
e: file:///C:/Users/HP/Devin1/VidyaPrayag/server/src/main/kotlin/com/littlebridge/enrollplus/feature/platform/BugService.kt:260:16 Unresolved reference 'PlatformBugActivityTable'.
e: file:///C:/Users/HP/Devin1/VidyaPrayag/server/src/main/kotlin/com/littlebridge/enrollplus/feature/platform/BugService.kt:264:9 Unresolved reference 'PlatformBugsTable'.
e: file:///C:/Users/HP/Devin1/VidyaPrayag/server/src/main/kotlin/com/littlebridge/enrollplus/feature/platform/BugService.kt:264:44 Unresolved reference 'PlatformBugsTable'.
e: file:///C:/Users/HP/Devin1/VidyaPrayag/server/src/main/kotlin/com/littlebridge/enrollplus/feature/platform/BugService.kt:265:16 Unresolved reference 'PlatformBugsTable'.
e: file:///C:/Users/HP/Devin1/VidyaPrayag/server/src/main/kotlin/com/littlebridge/enrollplus/feature/platform/BugService.kt:267:34 Unresolved reference 'PlatformBugsTable'.
e: file:///C:/Users/HP/Devin1/VidyaPrayag/server/src/main/kotlin/com/littlebridge/enrollplus/feature/platform/BugService.kt:268:31 Unresolved reference 'PlatformBugsTable'.
e: file:///C:/Users/HP/Devin1/VidyaPrayag/server/src/main/kotlin/com/littlebridge/enrollplus/feature/platform/BugService.kt:269:33 Unresolved reference 'PlatformBugsTable'.
e: file:///C:/Users/HP/Devin1/VidyaPrayag/server/src/main/kotlin/com/littlebridge/enrollplus/feature/platform/BugService.kt:271:62 Unresolved reference 'PlatformBugsTable'.
e: file:///C:/Users/HP/Devin1/VidyaPrayag/server/src/main/kotlin/com/littlebridge/enrollplus/feature/platform/BugService.kt:272:43 Unresolved reference 'PlatformBugsTable'.
e: file:///C:/Users/HP/Devin1/VidyaPrayag/server/src/main/kotlin/com/littlebridge/enrollplus/feature/platform/BugService.kt:273:16 Unresolved reference 'PlatformBugsTable'.
e: file:///C:/Users/HP/Devin1/VidyaPrayag/server/src/main/kotlin/com/littlebridge/enrollplus/feature/platform/BugService.kt:278:9 Unresolved reference 'PlatformBugActivityTable'.
e: file:///C:/Users/HP/Devin1/VidyaPrayag/server/src/main/kotlin/com/littlebridge/enrollplus/feature/platform/BugService.kt:279:13 Unresolved reference 'it'.
e: file:///C:/Users/HP/Devin1/VidyaPrayag/server/src/main/kotlin/com/littlebridge/enrollplus/feature/platform/BugService.kt:279:16 Unresolved reference 'PlatformBugActivityTable'.
e: file:///C:/Users/HP/Devin1/VidyaPrayag/server/src/main/kotlin/com/littlebridge/enrollplus/feature/platform/BugService.kt:280:13 Unresolved reference 'it'.
e: file:///C:/Users/HP/Devin1/VidyaPrayag/server/src/main/kotlin/com/littlebridge/enrollplus/feature/platform/BugService.kt:280:16 Unresolved reference 'PlatformBugActivityTable'.
e: file:///C:/Users/HP/Devin1/VidyaPrayag/server/src/main/kotlin/com/littlebridge/enrollplus/feature/platform/BugService.kt:281:13 Unresolved reference 'it'.
e: file:///C:/Users/HP/Devin1/VidyaPrayag/server/src/main/kotlin/com/littlebridge/enrollplus/feature/platform/BugService.kt:281:16 Unresolved reference 'PlatformBugActivityTable'.
e: file:///C:/Users/HP/Devin1/VidyaPrayag/server/src/main/kotlin/com/littlebridge/enrollplus/feature/platform/BugService.kt:282:13 Unresolved reference 'it'.
e: file:///C:/Users/HP/Devin1/VidyaPrayag/server/src/main/kotlin/com/littlebridge/enrollplus/feature/platform/BugService.kt:282:16 Unresolved reference 'PlatformBugActivityTable'.
e: file:///C:/Users/HP/Devin1/VidyaPrayag/server/src/main/kotlin/com/littlebridge/enrollplus/feature/platform/BugService.kt:283:13 Unresolved reference 'it'.
e: file:///C:/Users/HP/Devin1/VidyaPrayag/server/src/main/kotlin/com/littlebridge/enrollplus/feature/platform/BugService.kt:283:16 Unresolved reference 'PlatformBugActivityTable'.
e: file:///C:/Users/HP/Devin1/VidyaPrayag/server/src/main/kotlin/com/littlebridge/enrollplus/feature/platform/BugService.kt:284:13 Unresolved reference 'it'.
e: file:///C:/Users/HP/Devin1/VidyaPrayag/server/src/main/kotlin/com/littlebridge/enrollplus/feature/platform/BugService.kt:284:16 Unresolved reference 'PlatformBugActivityTable'.
e: file:///C:/Users/HP/Devin1/VidyaPrayag/server/src/main/kotlin/com/littlebridge/enrollplus/feature/platform/BugService.kt:286:9 Unresolved reference 'PlatformBugsTable'.
e: file:///C:/Users/HP/Devin1/VidyaPrayag/server/src/main/kotlin/com/littlebridge/enrollplus/feature/platform/BugService.kt:286:44 Unresolved reference 'PlatformBugsTable'.
e: file:///C:/Users/HP/Devin1/VidyaPrayag/server/src/main/kotlin/com/littlebridge/enrollplus/feature/platform/BugService.kt:287:16 Unresolved reference 'PlatformBugsTable'.
e: file:///C:/Users/HP/Devin1/VidyaPrayag/server/src/main/kotlin/com/littlebridge/enrollplus/feature/platform/BugService.kt:288:16 Unresolved reference 'PlatformBugsTable'.
e: file:///C:/Users/HP/Devin1/VidyaPrayag/server/src/main/kotlin/com/littlebridge/enrollplus/feature/platform/BugService.kt:293:9 Unresolved reference 'PlatformBugCommentsTable'.
e: file:///C:/Users/HP/Devin1/VidyaPrayag/server/src/main/kotlin/com/littlebridge/enrollplus/feature/platform/BugService.kt:293:9 Cannot infer type for this parameter. Specify it explicitly.
e: file:///C:/Users/HP/Devin1/VidyaPrayag/server/src/main/kotlin/com/littlebridge/enrollplus/feature/platform/BugService.kt:293:9 Not enough information to infer type argument for 'E'.
e: file:///C:/Users/HP/Devin1/VidyaPrayag/server/src/main/kotlin/com/littlebridge/enrollplus/feature/platform/BugService.kt:293:9 Not enough information to infer type argument for 'T'.
e: file:///C:/Users/HP/Devin1/VidyaPrayag/server/src/main/kotlin/com/littlebridge/enrollplus/feature/platform/BugService.kt:294:13 Unresolved reference 'it'.
e: file:///C:/Users/HP/Devin1/VidyaPrayag/server/src/main/kotlin/com/littlebridge/enrollplus/feature/platform/BugService.kt:294:16 Unresolved reference 'PlatformBugCommentsTable'.
e: file:///C:/Users/HP/Devin1/VidyaPrayag/server/src/main/kotlin/com/littlebridge/enrollplus/feature/platform/BugService.kt:295:13 Unresolved reference 'it'.
e: file:///C:/Users/HP/Devin1/VidyaPrayag/server/src/main/kotlin/com/littlebridge/enrollplus/feature/platform/BugService.kt:295:16 Unresolved reference 'PlatformBugCommentsTable'.
e: file:///C:/Users/HP/Devin1/VidyaPrayag/server/src/main/kotlin/com/littlebridge/enrollplus/feature/platform/BugService.kt:296:13 Unresolved reference 'it'.
e: file:///C:/Users/HP/Devin1/VidyaPrayag/server/src/main/kotlin/com/littlebridge/enrollplus/feature/platform/BugService.kt:296:16 Unresolved reference 'PlatformBugCommentsTable'.
e: file:///C:/Users/HP/Devin1/VidyaPrayag/server/src/main/kotlin/com/littlebridge/enrollplus/feature/platform/BugService.kt:297:13 Unresolved reference 'it'.
e: file:///C:/Users/HP/Devin1/VidyaPrayag/server/src/main/kotlin/com/littlebridge/enrollplus/feature/platform/BugService.kt:297:16 Unresolved reference 'PlatformBugCommentsTable'.
e: file:///C:/Users/HP/Devin1/VidyaPrayag/server/src/main/kotlin/com/littlebridge/enrollplus/feature/platform/BugService.kt:298:13 Unresolved reference 'it'.
e: file:///C:/Users/HP/Devin1/VidyaPrayag/server/src/main/kotlin/com/littlebridge/enrollplus/feature/platform/BugService.kt:298:16 Unresolved reference 'PlatformBugCommentsTable'.
e: file:///C:/Users/HP/Devin1/VidyaPrayag/server/src/main/kotlin/com/littlebridge/enrollplus/feature/platform/BugService.kt:299:13 Unresolved reference 'it'.
e: file:///C:/Users/HP/Devin1/VidyaPrayag/server/src/main/kotlin/com/littlebridge/enrollplus/feature/platform/BugService.kt:299:16 Unresolved reference 'PlatformBugCommentsTable'.
e: file:///C:/Users/HP/Devin1/VidyaPrayag/server/src/main/kotlin/com/littlebridge/enrollplus/feature/platform/BugService.kt:300:13 Unresolved reference 'it'.
e: file:///C:/Users/HP/Devin1/VidyaPrayag/server/src/main/kotlin/com/littlebridge/enrollplus/feature/platform/BugService.kt:300:16 Unresolved reference 'PlatformBugCommentsTable'.
e: file:///C:/Users/HP/Devin1/VidyaPrayag/server/src/main/kotlin/com/littlebridge/enrollplus/feature/platform/BugService.kt:301:11 Unresolved reference 'PlatformBugCommentsTable'.
e: file:///C:/Users/HP/Devin1/VidyaPrayag/server/src/main/kotlin/com/littlebridge/enrollplus/feature/platform/BugService.kt:301:40 Unresolved reference 'value'.
e: file:///C:/Users/HP/Devin1/VidyaPrayag/server/src/main/kotlin/com/littlebridge/enrollplus/feature/platform/BugService.kt:305:9 Unresolved reference 'PlatformBugCommentsTable'.
e: file:///C:/Users/HP/Devin1/VidyaPrayag/server/src/main/kotlin/com/littlebridge/enrollplus/feature/platform/BugService.kt:306:22 Unresolved reference 'PlatformBugCommentsTable'.
e: file:///C:/Users/HP/Devin1/VidyaPrayag/server/src/main/kotlin/com/littlebridge/enrollplus/feature/platform/BugService.kt:307:22 Unresolved reference 'PlatformBugCommentsTable'.
e: file:///C:/Users/HP/Devin1/VidyaPrayag/server/src/main/kotlin/com/littlebridge/enrollplus/feature/platform/BugService.kt:309:34 Cannot infer type for this parameter. Specify it explicitly.
e: file:///C:/Users/HP/Devin1/VidyaPrayag/server/src/main/kotlin/com/littlebridge/enrollplus/feature/platform/BugService.kt:309:34 Not enough information to infer type argument for 'T'.
e: file:///C:/Users/HP/Devin1/VidyaPrayag/server/src/main/kotlin/com/littlebridge/enrollplus/feature/platform/BugService.kt:309:36 Unresolved reference 'PlatformBugCommentsTable'.
e: file:///C:/Users/HP/Devin1/VidyaPrayag/server/src/main/kotlin/com/littlebridge/enrollplus/feature/platform/BugService.kt:309:72 Cannot infer type for this parameter. Specify it explicitly.
e: file:///C:/Users/HP/Devin1/VidyaPrayag/server/src/main/kotlin/com/littlebridge/enrollplus/feature/platform/BugService.kt:309:72 Not enough information to infer type argument for 'T'.
e: file:///C:/Users/HP/Devin1/VidyaPrayag/server/src/main/kotlin/com/littlebridge/enrollplus/feature/platform/BugService.kt:309:72 Not enough information to infer type argument for 'R'.
e: file:///C:/Users/HP/Devin1/VidyaPrayag/server/src/main/kotlin/com/littlebridge/enrollplus/feature/platform/BugService.kt:309:78 Cannot infer type for this parameter. Specify it explicitly.
e: file:///C:/Users/HP/Devin1/VidyaPrayag/server/src/main/kotlin/com/littlebridge/enrollplus/feature/platform/BugService.kt:314:26 Cannot infer type for this parameter. Specify it explicitly.
e: file:///C:/Users/HP/Devin1/VidyaPrayag/server/src/main/kotlin/com/littlebridge/enrollplus/feature/platform/BugService.kt:314:26 Not enough information to infer type argument for 'T'.
e: file:///C:/Users/HP/Devin1/VidyaPrayag/server/src/main/kotlin/com/littlebridge/enrollplus/feature/platform/BugService.kt:314:28 Unresolved reference 'PlatformBugCommentsTable'.
e: file:///C:/Users/HP/Devin1/VidyaPrayag/server/src/main/kotlin/com/littlebridge/enrollplus/feature/platform/BugService.kt:314:57 Unresolved reference 'value'.
e: file:///C:/Users/HP/Devin1/VidyaPrayag/server/src/main/kotlin/com/littlebridge/enrollplus/feature/platform/BugService.kt:316:33 Cannot infer type for this parameter. Specify it explicitly.
e: file:///C:/Users/HP/Devin1/VidyaPrayag/server/src/main/kotlin/com/littlebridge/enrollplus/feature/platform/BugService.kt:316:33 Not enough information to infer type argument for 'T'.
e: file:///C:/Users/HP/Devin1/VidyaPrayag/server/src/main/kotlin/com/littlebridge/enrollplus/feature/platform/BugService.kt:316:35 Unresolved reference 'PlatformBugCommentsTable'.
e: file:///C:/Users/HP/Devin1/VidyaPrayag/server/src/main/kotlin/com/littlebridge/enrollplus/feature/platform/BugService.kt:318:30 Unresolved reference 'PlatformBugCommentsTable'.
e: file:///C:/Users/HP/Devin1/VidyaPrayag/server/src/main/kotlin/com/littlebridge/enrollplus/feature/platform/BugService.kt:319:34 Unresolved reference 'PlatformBugCommentsTable'.
e: file:///C:/Users/HP/Devin1/VidyaPrayag/server/src/main/kotlin/com/littlebridge/enrollplus/feature/platform/BugService.kt:320:37 Unresolved reference 'PlatformBugCommentsTable'.
e: file:///C:/Users/HP/Devin1/VidyaPrayag/server/src/main/kotlin/com/littlebridge/enrollplus/feature/platform/BugService.kt:321:34 Cannot infer type for this parameter. Specify it explicitly.
e: file:///C:/Users/HP/Devin1/VidyaPrayag/server/src/main/kotlin/com/littlebridge/enrollplus/feature/platform/BugService.kt:321:34 Not enough information to infer type argument for 'T'.
e: file:///C:/Users/HP/Devin1/VidyaPrayag/server/src/main/kotlin/com/littlebridge/enrollplus/feature/platform/BugService.kt:321:36 Unresolved reference 'PlatformBugCommentsTable'.
e: file:///C:/Users/HP/Devin1/VidyaPrayag/server/src/main/kotlin/com/littlebridge/enrollplus/feature/platform/BugService.kt:327:9 Unresolved reference 'PlatformBugActivityTable'.
e: file:///C:/Users/HP/Devin1/VidyaPrayag/server/src/main/kotlin/com/littlebridge/enrollplus/feature/platform/BugService.kt:328:22 Unresolved reference 'PlatformBugActivityTable'.
e: file:///C:/Users/HP/Devin1/VidyaPrayag/server/src/main/kotlin/com/littlebridge/enrollplus/feature/platform/BugService.kt:329:22 Unresolved reference 'PlatformBugActivityTable'.
e: file:///C:/Users/HP/Devin1/VidyaPrayag/server/src/main/kotlin/com/littlebridge/enrollplus/feature/platform/BugService.kt:331:33 Cannot infer type for this parameter. Specify it explicitly.
e: file:///C:/Users/HP/Devin1/VidyaPrayag/server/src/main/kotlin/com/littlebridge/enrollplus/feature/platform/BugService.kt:331:33 Not enough information to infer type argument for 'T'.
e: file:///C:/Users/HP/Devin1/VidyaPrayag/server/src/main/kotlin/com/littlebridge/enrollplus/feature/platform/BugService.kt:331:35 Unresolved reference 'PlatformBugActivityTable'.
e: file:///C:/Users/HP/Devin1/VidyaPrayag/server/src/main/kotlin/com/littlebridge/enrollplus/feature/platform/BugService.kt:331:70 Cannot infer type for this parameter. Specify it explicitly.
e: file:///C:/Users/HP/Devin1/VidyaPrayag/server/src/main/kotlin/com/littlebridge/enrollplus/feature/platform/BugService.kt:331:70 Not enough information to infer type argument for 'T'.
e: file:///C:/Users/HP/Devin1/VidyaPrayag/server/src/main/kotlin/com/littlebridge/enrollplus/feature/platform/BugService.kt:331:70 Not enough information to infer type argument for 'R'.
e: file:///C:/Users/HP/Devin1/VidyaPrayag/server/src/main/kotlin/com/littlebridge/enrollplus/feature/platform/BugService.kt:331:76 Cannot infer type for this parameter. Specify it explicitly.
e: file:///C:/Users/HP/Devin1/VidyaPrayag/server/src/main/kotlin/com/littlebridge/enrollplus/feature/platform/BugService.kt:336:26 Cannot infer type for this parameter. Specify it explicitly.
e: file:///C:/Users/HP/Devin1/VidyaPrayag/server/src/main/kotlin/com/littlebridge/enrollplus/feature/platform/BugService.kt:336:26 Not enough information to infer type argument for 'T'.
e: file:///C:/Users/HP/Devin1/VidyaPrayag/server/src/main/kotlin/com/littlebridge/enrollplus/feature/platform/BugService.kt:336:28 Unresolved reference 'PlatformBugActivityTable'.
e: file:///C:/Users/HP/Devin1/VidyaPrayag/server/src/main/kotlin/com/littlebridge/enrollplus/feature/platform/BugService.kt:336:57 Unresolved reference 'value'.
e: file:///C:/Users/HP/Devin1/VidyaPrayag/server/src/main/kotlin/com/littlebridge/enrollplus/feature/platform/BugService.kt:338:32 Cannot infer type for this parameter. Specify it explicitly.
e: file:///C:/Users/HP/Devin1/VidyaPrayag/server/src/main/kotlin/com/littlebridge/enrollplus/feature/platform/BugService.kt:338:32 Not enough information to infer type argument for 'T'.
e: file:///C:/Users/HP/Devin1/VidyaPrayag/server/src/main/kotlin/com/littlebridge/enrollplus/feature/platform/BugService.kt:338:34 Unresolved reference 'PlatformBugActivityTable'.
e: file:///C:/Users/HP/Devin1/VidyaPrayag/server/src/main/kotlin/com/littlebridge/enrollplus/feature/platform/BugService.kt:340:32 Unresolved reference 'PlatformBugActivityTable'.
e: file:///C:/Users/HP/Devin1/VidyaPrayag/server/src/main/kotlin/com/littlebridge/enrollplus/feature/platform/BugService.kt:341:31 Unresolved reference 'PlatformBugActivityTable'.
e: file:///C:/Users/HP/Devin1/VidyaPrayag/server/src/main/kotlin/com/littlebridge/enrollplus/feature/platform/BugService.kt:342:35 Unresolved reference 'PlatformBugActivityTable'.
e: file:///C:/Users/HP/Devin1/VidyaPrayag/server/src/main/kotlin/com/littlebridge/enrollplus/feature/platform/BugService.kt:343:35 Unresolved reference 'PlatformBugActivityTable'.
e: file:///C:/Users/HP/Devin1/VidyaPrayag/server/src/main/kotlin/com/littlebridge/enrollplus/feature/platform/BugService.kt:344:34 Cannot infer type for this parameter. Specify it explicitly.
e: file:///C:/Users/HP/Devin1/VidyaPrayag/server/src/main/kotlin/com/littlebridge/enrollplus/feature/platform/BugService.kt:344:34 Not enough information to infer type argument for 'T'.
e: file:///C:/Users/HP/Devin1/VidyaPrayag/server/src/main/kotlin/com/littlebridge/enrollplus/feature/platform/BugService.kt:344:36 Unresolved reference 'PlatformBugActivityTable'.
e: file:///C:/Users/HP/Devin1/VidyaPrayag/server/src/main/kotlin/com/littlebridge/enrollplus/feature/platform/BugService.kt:350:27 Cannot infer type for this parameter. Specify it explicitly.
e: file:///C:/Users/HP/Devin1/VidyaPrayag/server/src/main/kotlin/com/littlebridge/enrollplus/feature/platform/BugService.kt:350:27 Not enough information to infer type argument for 'T'.
e: file:///C:/Users/HP/Devin1/VidyaPrayag/server/src/main/kotlin/com/littlebridge/enrollplus/feature/platform/BugService.kt:350:31 Unresolved reference 'PlatformBugsTable'.
e: file:///C:/Users/HP/Devin1/VidyaPrayag/server/src/main/kotlin/com/littlebridge/enrollplus/feature/platform/BugService.kt:350:61 Cannot infer type for this parameter. Specify it explicitly.
e: file:///C:/Users/HP/Devin1/VidyaPrayag/server/src/main/kotlin/com/littlebridge/enrollplus/feature/platform/BugService.kt:350:61 Not enough information to infer type argument for 'T'.
e: file:///C:/Users/HP/Devin1/VidyaPrayag/server/src/main/kotlin/com/littlebridge/enrollplus/feature/platform/BugService.kt:350:61 Not enough information to infer type argument for 'R'.
e: file:///C:/Users/HP/Devin1/VidyaPrayag/server/src/main/kotlin/com/littlebridge/enrollplus/feature/platform/BugService.kt:350:67 Cannot infer type for this parameter. Specify it explicitly.
e: file:///C:/Users/HP/Devin1/VidyaPrayag/server/src/main/kotlin/com/littlebridge/enrollplus/feature/platform/BugService.kt:351:13 Unresolved reference 'PlatformFeaturesTable'.
e: file:///C:/Users/HP/Devin1/VidyaPrayag/server/src/main/kotlin/com/littlebridge/enrollplus/feature/platform/BugService.kt:351:55 Unresolved reference 'PlatformFeaturesTable'.
e: file:///C:/Users/HP/Devin1/VidyaPrayag/server/src/main/kotlin/com/littlebridge/enrollplus/feature/platform/BugService.kt:352:34 Cannot infer type for this parameter. Specify it explicitly.
e: file:///C:/Users/HP/Devin1/VidyaPrayag/server/src/main/kotlin/com/littlebridge/enrollplus/feature/platform/BugService.kt:352:38 Unresolved reference 'PlatformFeaturesTable'.
e: file:///C:/Users/HP/Devin1/VidyaPrayag/server/src/main/kotlin/com/littlebridge/enrollplus/feature/platform/BugService.kt:352:38 Argument type mismatch: actual type is 'String', but 
'Expression<uninferred T (of fun <T> get)>' was expected.
e: file:///C:/Users/HP/Devin1/VidyaPrayag/server/src/main/kotlin/com/littlebridge/enrollplus/feature/platform/BugService.kt:354:28 Cannot infer type for this parameter. Specify it explicitly.
e: file:///C:/Users/HP/Devin1/VidyaPrayag/server/src/main/kotlin/com/littlebridge/enrollplus/feature/platform/BugService.kt:354:28 Not enough information to infer type argument for 'T'.
e: file:///C:/Users/HP/Devin1/VidyaPrayag/server/src/main/kotlin/com/littlebridge/enrollplus/feature/platform/BugService.kt:354:32 Unresolved reference 'PlatformBugsTable'.
e: file:///C:/Users/HP/Devin1/VidyaPrayag/server/src/main/kotlin/com/littlebridge/enrollplus/feature/platform/BugService.kt:354:63 Cannot infer type for this parameter. Specify it explicitly.
e: file:///C:/Users/HP/Devin1/VidyaPrayag/server/src/main/kotlin/com/littlebridge/enrollplus/feature/platform/BugService.kt:354:63 Not enough information to infer type argument for 'T'.
e: file:///C:/Users/HP/Devin1/VidyaPrayag/server/src/main/kotlin/com/littlebridge/enrollplus/feature/platform/BugService.kt:354:63 Not enough information to infer type argument for 'R'.
e: file:///C:/Users/HP/Devin1/VidyaPrayag/server/src/main/kotlin/com/littlebridge/enrollplus/feature/platform/BugService.kt:354:69 Cannot infer type for this parameter. Specify it explicitly.
e: file:///C:/Users/HP/Devin1/VidyaPrayag/server/src/main/kotlin/com/littlebridge/enrollplus/feature/platform/BugService.kt:358:28 Cannot infer type for this parameter. Specify it explicitly.
e: file:///C:/Users/HP/Devin1/VidyaPrayag/server/src/main/kotlin/com/littlebridge/enrollplus/feature/platform/BugService.kt:358:28 Not enough information to infer type argument for 'T'.
e: file:///C:/Users/HP/Devin1/VidyaPrayag/server/src/main/kotlin/com/littlebridge/enrollplus/feature/platform/BugService.kt:358:32 Unresolved reference 'PlatformBugsTable'.
e: file:///C:/Users/HP/Devin1/VidyaPrayag/server/src/main/kotlin/com/littlebridge/enrollplus/feature/platform/BugService.kt:358:63 Cannot infer type for this parameter. Specify it explicitly.
e: file:///C:/Users/HP/Devin1/VidyaPrayag/server/src/main/kotlin/com/littlebridge/enrollplus/feature/platform/BugService.kt:358:63 Not enough information to infer type argument for 'T'.
e: file:///C:/Users/HP/Devin1/VidyaPrayag/server/src/main/kotlin/com/littlebridge/enrollplus/feature/platform/BugService.kt:358:63 Not enough information to infer type argument for 'R'.
e: file:///C:/Users/HP/Devin1/VidyaPrayag/server/src/main/kotlin/com/littlebridge/enrollplus/feature/platform/BugService.kt:358:69 Cannot infer type for this parameter. Specify it explicitly.
e: file:///C:/Users/HP/Devin1/VidyaPrayag/server/src/main/kotlin/com/littlebridge/enrollplus/feature/platform/BugService.kt:363:18 Cannot infer type for this parameter. Specify it explicitly.
e: file:///C:/Users/HP/Devin1/VidyaPrayag/server/src/main/kotlin/com/littlebridge/enrollplus/feature/platform/BugService.kt:363:18 Not enough information to infer type argument for 'T'.
e: file:///C:/Users/HP/Devin1/VidyaPrayag/server/src/main/kotlin/com/littlebridge/enrollplus/feature/platform/BugService.kt:363:22 Unresolved reference 'PlatformBugsTable'.
e: file:///C:/Users/HP/Devin1/VidyaPrayag/server/src/main/kotlin/com/littlebridge/enrollplus/feature/platform/BugService.kt:363:44 Unresolved reference 'value'.
e: file:///C:/Users/HP/Devin1/VidyaPrayag/server/src/main/kotlin/com/littlebridge/enrollplus/feature/platform/BugService.kt:364:26 Unresolved reference 'PlatformBugsTable'.
e: file:///C:/Users/HP/Devin1/VidyaPrayag/server/src/main/kotlin/com/littlebridge/enrollplus/feature/platform/BugService.kt:365:26 Cannot infer type for this parameter. Specify it explicitly.
e: file:///C:/Users/HP/Devin1/VidyaPrayag/server/src/main/kotlin/com/littlebridge/enrollplus/feature/platform/BugService.kt:365:26 Not enough information to infer type argument for 'T'.
e: file:///C:/Users/HP/Devin1/VidyaPrayag/server/src/main/kotlin/com/littlebridge/enrollplus/feature/platform/BugService.kt:365:30 Unresolved reference 'PlatformBugsTable'.
e: file:///C:/Users/HP/Devin1/VidyaPrayag/server/src/main/kotlin/com/littlebridge/enrollplus/feature/platform/BugService.kt:367:25 Cannot infer type for this parameter. Specify it explicitly.
e: file:///C:/Users/HP/Devin1/VidyaPrayag/server/src/main/kotlin/com/littlebridge/enrollplus/feature/platform/BugService.kt:367:25 Not enough information to infer type argument for 'T'.
e: file:///C:/Users/HP/Devin1/VidyaPrayag/server/src/main/kotlin/com/littlebridge/enrollplus/feature/platform/BugService.kt:367:29 Unresolved reference 'PlatformBugsTable'.
e: file:///C:/Users/HP/Devin1/VidyaPrayag/server/src/main/kotlin/com/littlebridge/enrollplus/feature/platform/BugService.kt:368:22 Cannot infer type for this parameter. Specify it explicitly.
e: file:///C:/Users/HP/Devin1/VidyaPrayag/server/src/main/kotlin/com/littlebridge/enrollplus/feature/platform/BugService.kt:368:22 Not enough information to infer type argument for 'T'.
e: file:///C:/Users/HP/Devin1/VidyaPrayag/server/src/main/kotlin/com/littlebridge/enrollplus/feature/platform/BugService.kt:368:26 Unresolved reference 'PlatformBugsTable'.
e: file:///C:/Users/HP/Devin1/VidyaPrayag/server/src/main/kotlin/com/littlebridge/enrollplus/feature/platform/BugService.kt:369:28 Cannot infer type for this parameter. Specify it explicitly.
e: file:///C:/Users/HP/Devin1/VidyaPrayag/server/src/main/kotlin/com/littlebridge/enrollplus/feature/platform/BugService.kt:369:28 Not enough information to infer type argument for 'T'.
e: file:///C:/Users/HP/Devin1/VidyaPrayag/server/src/main/kotlin/com/littlebridge/enrollplus/feature/platform/BugService.kt:369:32 Unresolved reference 'PlatformBugsTable'.
e: file:///C:/Users/HP/Devin1/VidyaPrayag/server/src/main/kotlin/com/littlebridge/enrollplus/feature/platform/BugService.kt:370:25 Unresolved reference 'PlatformBugsTable'.
e: file:///C:/Users/HP/Devin1/VidyaPrayag/server/src/main/kotlin/com/littlebridge/enrollplus/feature/platform/BugService.kt:371:31 Unresolved reference 'PlatformBugsTable'.
e: file:///C:/Users/HP/Devin1/VidyaPrayag/server/src/main/kotlin/com/littlebridge/enrollplus/feature/platform/BugService.kt:372:26 Unresolved reference 'PlatformBugsTable'.
e: file:///C:/Users/HP/Devin1/VidyaPrayag/server/src/main/kotlin/com/littlebridge/enrollplus/feature/platform/BugService.kt:373:28 Unresolved reference 'PlatformBugsTable'.
e: file:///C:/Users/HP/Devin1/VidyaPrayag/server/src/main/kotlin/com/littlebridge/enrollplus/feature/platform/BugService.kt:374:28 Unresolved reference 'PlatformBugsTable'.
e: file:///C:/Users/HP/Devin1/VidyaPrayag/server/src/main/kotlin/com/littlebridge/enrollplus/feature/platform/BugService.kt:375:27 Cannot infer type for this parameter. Specify it explicitly.
e: file:///C:/Users/HP/Devin1/VidyaPrayag/server/src/main/kotlin/com/littlebridge/enrollplus/feature/platform/BugService.kt:375:27 Not enough information to infer type argument for 'T'.
e: file:///C:/Users/HP/Devin1/VidyaPrayag/server/src/main/kotlin/com/littlebridge/enrollplus/feature/platform/BugService.kt:375:31 Unresolved reference 'PlatformBugsTable'.
e: file:///C:/Users/HP/Devin1/VidyaPrayag/server/src/main/kotlin/com/littlebridge/enrollplus/feature/platform/BugService.kt:377:27 Cannot infer type for this parameter. Specify it explicitly.
e: file:///C:/Users/HP/Devin1/VidyaPrayag/server/src/main/kotlin/com/littlebridge/enrollplus/feature/platform/BugService.kt:377:27 Not enough information to infer type argument for 'T'.
e: file:///C:/Users/HP/Devin1/VidyaPrayag/server/src/main/kotlin/com/littlebridge/enrollplus/feature/platform/BugService.kt:377:31 Unresolved reference 'PlatformBugsTable'.
e: file:///C:/Users/HP/Devin1/VidyaPrayag/server/src/main/kotlin/com/littlebridge/enrollplus/feature/platform/BugService.kt:379:26 Cannot infer type for this parameter. Specify it explicitly.
e: file:///C:/Users/HP/Devin1/VidyaPrayag/server/src/main/kotlin/com/littlebridge/enrollplus/feature/platform/BugService.kt:379:26 Not enough information to infer type argument for 'T'.
e: file:///C:/Users/HP/Devin1/VidyaPrayag/server/src/main/kotlin/com/littlebridge/enrollplus/feature/platform/BugService.kt:379:30 Unresolved reference 'PlatformBugsTable'.
e: file:///C:/Users/HP/Devin1/VidyaPrayag/server/src/main/kotlin/com/littlebridge/enrollplus/feature/platform/BugService.kt:380:26 Cannot infer type for this parameter. Specify it explicitly.
e: file:///C:/Users/HP/Devin1/VidyaPrayag/server/src/main/kotlin/com/littlebridge/enrollplus/feature/platform/BugService.kt:380:26 Not enough information to infer type argument for 'T'.
e: file:///C:/Users/HP/Devin1/VidyaPrayag/server/src/main/kotlin/com/littlebridge/enrollplus/feature/platform/BugService.kt:380:30 Unresolved reference 'PlatformBugsTable'.
e: file:///C:/Users/HP/Devin1/VidyaPrayag/server/src/main/kotlin/com/littlebridge/enrollplus/feature/platform/BugService.kt:381:26 Cannot infer type for this parameter. Specify it explicitly.
e: file:///C:/Users/HP/Devin1/VidyaPrayag/server/src/main/kotlin/com/littlebridge/enrollplus/feature/platform/BugService.kt:381:26 Not enough information to infer type argument for 'T'.
e: file:///C:/Users/HP/Devin1/VidyaPrayag/server/src/main/kotlin/com/littlebridge/enrollplus/feature/platform/BugService.kt:381:30 Unresolved reference 'PlatformBugsTable'.
e: file:///C:/Users/HP/Devin1/VidyaPrayag/server/src/main/kotlin/com/littlebridge/enrollplus/feature/platform/CsvImportService.kt:4:39 Unresolved reference 'PlatformFeaturesTable'.
e: file:///C:/Users/HP/Devin1/VidyaPrayag/server/src/main/kotlin/com/littlebridge/enrollplus/feature/platform/CsvImportService.kt:164:27 Cannot infer type for this parameter. Specify it 
explicitly.
e: file:///C:/Users/HP/Devin1/VidyaPrayag/server/src/main/kotlin/com/littlebridge/enrollplus/feature/platform/CsvImportService.kt:164:27 Not enough information to infer type argument for 'T'.
e: file:///C:/Users/HP/Devin1/VidyaPrayag/server/src/main/kotlin/com/littlebridge/enrollplus/feature/platform/CsvImportService.kt:165:13 Unresolved reference 'PlatformFeaturesTable'.
e: file:///C:/Users/HP/Devin1/VidyaPrayag/server/src/main/kotlin/com/littlebridge/enrollplus/feature/platform/CsvImportService.kt:165:47 Cannot infer type for this parameter. Specify it 
explicitly.
e: file:///C:/Users/HP/Devin1/VidyaPrayag/server/src/main/kotlin/com/littlebridge/enrollplus/feature/platform/CsvImportService.kt:165:47 Not enough information to infer type argument for 'R'.
e: file:///C:/Users/HP/Devin1/VidyaPrayag/server/src/main/kotlin/com/littlebridge/enrollplus/feature/platform/CsvImportService.kt:165:53 Cannot infer type for this parameter. Specify it 
explicitly.
e: file:///C:/Users/HP/Devin1/VidyaPrayag/server/src/main/kotlin/com/littlebridge/enrollplus/feature/platform/CsvImportService.kt:165:53 Not enough information to infer type argument for 'T'.
e: file:///C:/Users/HP/Devin1/VidyaPrayag/server/src/main/kotlin/com/littlebridge/enrollplus/feature/platform/CsvImportService.kt:165:56 Unresolved reference 'PlatformFeaturesTable'.
e: file:///C:/Users/HP/Devin1/VidyaPrayag/server/src/main/kotlin/com/littlebridge/enrollplus/feature/platform/CsvImportService.kt:165:91 Cannot infer type for this parameter. Specify it 
explicitly.
e: file:///C:/Users/HP/Devin1/VidyaPrayag/server/src/main/kotlin/com/littlebridge/enrollplus/feature/platform/CsvImportService.kt:165:91 Not enough information to infer type argument for 'T'.
e: file:///C:/Users/HP/Devin1/VidyaPrayag/server/src/main/kotlin/com/littlebridge/enrollplus/feature/platform/CsvImportService.kt:227:17 Cannot infer type for this parameter. Specify it 
explicitly.
e: file:///C:/Users/HP/Devin1/VidyaPrayag/server/src/main/kotlin/com/littlebridge/enrollplus/feature/platform/CsvImportService.kt:228:21 Unresolved reference 'PlatformFeaturesTable'.
e: file:///C:/Users/HP/Devin1/VidyaPrayag/server/src/main/kotlin/com/littlebridge/enrollplus/feature/platform/CsvImportService.kt:229:25 Unresolved reference 'it'.
e: file:///C:/Users/HP/Devin1/VidyaPrayag/server/src/main/kotlin/com/littlebridge/enrollplus/feature/platform/CsvImportService.kt:229:28 Unresolved reference 'PlatformFeaturesTable'.
e: file:///C:/Users/HP/Devin1/VidyaPrayag/server/src/main/kotlin/com/littlebridge/enrollplus/feature/platform/CsvImportService.kt:230:25 Unresolved reference 'it'.
e: file:///C:/Users/HP/Devin1/VidyaPrayag/server/src/main/kotlin/com/littlebridge/enrollplus/feature/platform/CsvImportService.kt:230:28 Unresolved reference 'PlatformFeaturesTable'.
e: file:///C:/Users/HP/Devin1/VidyaPrayag/server/src/main/kotlin/com/littlebridge/enrollplus/feature/platform/CsvImportService.kt:231:25 Unresolved reference 'it'.
e: file:///C:/Users/HP/Devin1/VidyaPrayag/server/src/main/kotlin/com/littlebridge/enrollplus/feature/platform/CsvImportService.kt:231:28 Unresolved reference 'PlatformFeaturesTable'.
e: file:///C:/Users/HP/Devin1/VidyaPrayag/server/src/main/kotlin/com/littlebridge/enrollplus/feature/platform/CsvImportService.kt:232:25 Unresolved reference 'it'.
e: file:///C:/Users/HP/Devin1/VidyaPrayag/server/src/main/kotlin/com/littlebridge/enrollplus/feature/platform/CsvImportService.kt:232:28 Unresolved reference 'PlatformFeaturesTable'.
e: file:///C:/Users/HP/Devin1/VidyaPrayag/server/src/main/kotlin/com/littlebridge/enrollplus/feature/platform/CsvImportService.kt:233:25 Unresolved reference 'it'.
e: file:///C:/Users/HP/Devin1/VidyaPrayag/server/src/main/kotlin/com/littlebridge/enrollplus/feature/platform/CsvImportService.kt:233:28 Unresolved reference 'PlatformFeaturesTable'.
e: file:///C:/Users/HP/Devin1/VidyaPrayag/server/src/main/kotlin/com/littlebridge/enrollplus/feature/platform/CsvImportService.kt:234:25 Unresolved reference 'it'.
e: file:///C:/Users/HP/Devin1/VidyaPrayag/server/src/main/kotlin/com/littlebridge/enrollplus/feature/platform/CsvImportService.kt:234:28 Unresolved reference 'PlatformFeaturesTable'.
e: file:///C:/Users/HP/Devin1/VidyaPrayag/server/src/main/kotlin/com/littlebridge/enrollplus/feature/platform/CsvImportService.kt:235:25 Unresolved reference 'it'.
e: file:///C:/Users/HP/Devin1/VidyaPrayag/server/src/main/kotlin/com/littlebridge/enrollplus/feature/platform/CsvImportService.kt:235:28 Unresolved reference 'PlatformFeaturesTable'.
e: file:///C:/Users/HP/Devin1/VidyaPrayag/server/src/main/kotlin/com/littlebridge/enrollplus/feature/platform/CsvImportService.kt:236:25 Unresolved reference 'it'.
e: file:///C:/Users/HP/Devin1/VidyaPrayag/server/src/main/kotlin/com/littlebridge/enrollplus/feature/platform/CsvImportService.kt:236:28 Unresolved reference 'PlatformFeaturesTable'.
e: file:///C:/Users/HP/Devin1/VidyaPrayag/server/src/main/kotlin/com/littlebridge/enrollplus/feature/platform/CsvImportService.kt:237:25 Unresolved reference 'it'.
e: file:///C:/Users/HP/Devin1/VidyaPrayag/server/src/main/kotlin/com/littlebridge/enrollplus/feature/platform/CsvImportService.kt:237:28 Unresolved reference 'PlatformFeaturesTable'.
e: file:///C:/Users/HP/Devin1/VidyaPrayag/server/src/main/kotlin/com/littlebridge/enrollplus/feature/platform/CsvImportService.kt:238:25 Unresolved reference 'it'.
e: file:///C:/Users/HP/Devin1/VidyaPrayag/server/src/main/kotlin/com/littlebridge/enrollplus/feature/platform/CsvImportService.kt:238:28 Unresolved reference 'PlatformFeaturesTable'.
e: file:///C:/Users/HP/Devin1/VidyaPrayag/server/src/main/kotlin/com/littlebridge/enrollplus/feature/platform/CsvImportService.kt:239:25 Unresolved reference 'it'.
e: file:///C:/Users/HP/Devin1/VidyaPrayag/server/src/main/kotlin/com/littlebridge/enrollplus/feature/platform/CsvImportService.kt:239:28 Unresolved reference 'PlatformFeaturesTable'.
e: file:///C:/Users/HP/Devin1/VidyaPrayag/server/src/main/kotlin/com/littlebridge/enrollplus/feature/platform/CsvImportService.kt:240:25 Unresolved reference 'it'.
e: file:///C:/Users/HP/Devin1/VidyaPrayag/server/src/main/kotlin/com/littlebridge/enrollplus/feature/platform/CsvImportService.kt:240:28 Unresolved reference 'PlatformFeaturesTable'.
e: file:///C:/Users/HP/Devin1/VidyaPrayag/server/src/main/kotlin/com/littlebridge/enrollplus/feature/platform/CsvImportService.kt:241:25 Unresolved reference 'it'.
e: file:///C:/Users/HP/Devin1/VidyaPrayag/server/src/main/kotlin/com/littlebridge/enrollplus/feature/platform/CsvImportService.kt:241:28 Unresolved reference 'PlatformFeaturesTable'.
e: file:///C:/Users/HP/Devin1/VidyaPrayag/server/src/main/kotlin/com/littlebridge/enrollplus/feature/platform/CsvImportService.kt:242:25 Unresolved reference 'it'.
e: file:///C:/Users/HP/Devin1/VidyaPrayag/server/src/main/kotlin/com/littlebridge/enrollplus/feature/platform/CsvImportService.kt:242:28 Unresolved reference 'PlatformFeaturesTable'.
e: file:///C:/Users/HP/Devin1/VidyaPrayag/server/src/main/kotlin/com/littlebridge/enrollplus/feature/platform/CsvImportService.kt:243:25 Unresolved reference 'it'.
e: file:///C:/Users/HP/Devin1/VidyaPrayag/server/src/main/kotlin/com/littlebridge/enrollplus/feature/platform/CsvImportService.kt:243:28 Unresolved reference 'PlatformFeaturesTable'.
e: file:///C:/Users/HP/Devin1/VidyaPrayag/server/src/main/kotlin/com/littlebridge/enrollplus/feature/platform/CsvImportService.kt:244:25 Unresolved reference 'it'.
e: file:///C:/Users/HP/Devin1/VidyaPrayag/server/src/main/kotlin/com/littlebridge/enrollplus/feature/platform/CsvImportService.kt:244:28 Unresolved reference 'PlatformFeaturesTable'.
e: file:///C:/Users/HP/Devin1/VidyaPrayag/server/src/main/kotlin/com/littlebridge/enrollplus/feature/platform/CsvImportService.kt:245:25 Unresolved reference 'it'.
e: file:///C:/Users/HP/Devin1/VidyaPrayag/server/src/main/kotlin/com/littlebridge/enrollplus/feature/platform/CsvImportService.kt:245:28 Unresolved reference 'PlatformFeaturesTable'.
e: file:///C:/Users/HP/Devin1/VidyaPrayag/server/src/main/kotlin/com/littlebridge/enrollplus/feature/platform/CsvImportService.kt:246:25 Unresolved reference 'it'.
e: file:///C:/Users/HP/Devin1/VidyaPrayag/server/src/main/kotlin/com/littlebridge/enrollplus/feature/platform/CsvImportService.kt:246:28 Unresolved reference 'PlatformFeaturesTable'.
e: file:///C:/Users/HP/Devin1/VidyaPrayag/server/src/main/kotlin/com/littlebridge/enrollplus/feature/platform/CsvImportService.kt:247:25 Unresolved reference 'it'.
e: file:///C:/Users/HP/Devin1/VidyaPrayag/server/src/main/kotlin/com/littlebridge/enrollplus/feature/platform/CsvImportService.kt:247:28 Unresolved reference 'PlatformFeaturesTable'.
e: file:///C:/Users/HP/Devin1/VidyaPrayag/server/src/main/kotlin/com/littlebridge/enrollplus/feature/platform/FeatureRegistryService.kt:4:39 Unresolved reference 'PlatformFeaturesTable'.
e: file:///C:/Users/HP/Devin1/VidyaPrayag/server/src/main/kotlin/com/littlebridge/enrollplus/feature/platform/FeatureRegistryService.kt:5:39 Unresolved reference 'PlatformFeatureFlowsTable'.
e: file:///C:/Users/HP/Devin1/VidyaPrayag/server/src/main/kotlin/com/littlebridge/enrollplus/feature/platform/FeatureRegistryService.kt:6:39 Unresolved reference 'PlatformScreensTable'.
e: file:///C:/Users/HP/Devin1/VidyaPrayag/server/src/main/kotlin/com/littlebridge/enrollplus/feature/platform/FeatureRegistryService.kt:7:39 Unresolved reference 'PlatformFeatureApisTable'.
e: file:///C:/Users/HP/Devin1/VidyaPrayag/server/src/main/kotlin/com/littlebridge/enrollplus/feature/platform/FeatureRegistryService.kt:8:39 Unresolved reference 'PlatformTestCasesTable'.
e: file:///C:/Users/HP/Devin1/VidyaPrayag/server/src/main/kotlin/com/littlebridge/enrollplus/feature/platform/FeatureRegistryService.kt:9:39 Unresolved reference 'PlatformBugsTable'.
e: file:///C:/Users/HP/Devin1/VidyaPrayag/server/src/main/kotlin/com/littlebridge/enrollplus/feature/platform/FeatureRegistryService.kt:19:10 Cannot infer type for this parameter. Specify it 
explicitly.
e: file:///C:/Users/HP/Devin1/VidyaPrayag/server/src/main/kotlin/com/littlebridge/enrollplus/feature/platform/FeatureRegistryService.kt:19:10 Not enough information to infer type argument for 
'T'.
e: file:///C:/Users/HP/Devin1/VidyaPrayag/server/src/main/kotlin/com/littlebridge/enrollplus/feature/platform/FeatureRegistryService.kt:19:15 Unresolved reference 'PlatformFeaturesTable'.
e: file:///C:/Users/HP/Devin1/VidyaPrayag/server/src/main/kotlin/com/littlebridge/enrollplus/feature/platform/FeatureRegistryService.kt:19:41 Unresolved reference 'value'.
e: file:///C:/Users/HP/Devin1/VidyaPrayag/server/src/main/kotlin/com/littlebridge/enrollplus/feature/platform/FeatureRegistryService.kt:20:23 Unresolved reference 'PlatformFeaturesTable'.
e: file:///C:/Users/HP/Devin1/VidyaPrayag/server/src/main/kotlin/com/littlebridge/enrollplus/feature/platform/FeatureRegistryService.kt:21:17 Unresolved reference 'PlatformFeaturesTable'.
e: file:///C:/Users/HP/Devin1/VidyaPrayag/server/src/main/kotlin/com/littlebridge/enrollplus/feature/platform/FeatureRegistryService.kt:21:17 Argument type mismatch: actual type is 'String', 
but 'Expression<uninferred T (of fun <T> get)>' was expected.
e: file:///C:/Users/HP/Devin1/VidyaPrayag/server/src/main/kotlin/com/littlebridge/enrollplus/feature/platform/FeatureRegistryService.kt:22:24 Unresolved reference 'PlatformFeaturesTable'.
e: file:///C:/Users/HP/Devin1/VidyaPrayag/server/src/main/kotlin/com/littlebridge/enrollplus/feature/platform/FeatureRegistryService.kt:23:26 Unresolved reference 'PlatformFeaturesTable'.
e: file:///C:/Users/HP/Devin1/VidyaPrayag/server/src/main/kotlin/com/littlebridge/enrollplus/feature/platform/FeatureRegistryService.kt:24:25 Unresolved reference 'PlatformFeaturesTable'.
e: file:///C:/Users/HP/Devin1/VidyaPrayag/server/src/main/kotlin/com/littlebridge/enrollplus/feature/platform/FeatureRegistryService.kt:25:21 Unresolved reference 'PlatformFeaturesTable'.
e: file:///C:/Users/HP/Devin1/VidyaPrayag/server/src/main/kotlin/com/littlebridge/enrollplus/feature/platform/FeatureRegistryService.kt:25:21 Argument type mismatch: actual type is 
'CharCategory', but 'Expression<uninferred T (of fun <T> get)>' was expected.
e: file:///C:/Users/HP/Devin1/VidyaPrayag/server/src/main/kotlin/com/littlebridge/enrollplus/feature/platform/FeatureRegistryService.kt:26:19 Unresolved reference 'PlatformFeaturesTable'.
e: file:///C:/Users/HP/Devin1/VidyaPrayag/server/src/main/kotlin/com/littlebridge/enrollplus/feature/platform/FeatureRegistryService.kt:27:17 Cannot infer type for this parameter. Specify it 
explicitly.
e: file:///C:/Users/HP/Devin1/VidyaPrayag/server/src/main/kotlin/com/littlebridge/enrollplus/feature/platform/FeatureRegistryService.kt:27:17 Not enough information to infer type argument for 
'T'.
e: file:///C:/Users/HP/Devin1/VidyaPrayag/server/src/main/kotlin/com/littlebridge/enrollplus/feature/platform/FeatureRegistryService.kt:27:22 Unresolved reference 'PlatformFeaturesTable'.
e: file:///C:/Users/HP/Devin1/VidyaPrayag/server/src/main/kotlin/com/littlebridge/enrollplus/feature/platform/FeatureRegistryService.kt:28:19 Unresolved reference 'PlatformFeaturesTable'.
e: file:///C:/Users/HP/Devin1/VidyaPrayag/server/src/main/kotlin/com/littlebridge/enrollplus/feature/platform/FeatureRegistryService.kt:29:27 Unresolved reference 'PlatformFeaturesTable'.
e: file:///C:/Users/HP/Devin1/VidyaPrayag/server/src/main/kotlin/com/littlebridge/enrollplus/feature/platform/FeatureRegistryService.kt:30:21 Unresolved reference 'PlatformFeaturesTable'.
e: file:///C:/Users/HP/Devin1/VidyaPrayag/server/src/main/kotlin/com/littlebridge/enrollplus/feature/platform/FeatureRegistryService.kt:31:21 Unresolved reference 'PlatformFeaturesTable'.
e: file:///C:/Users/HP/Devin1/VidyaPrayag/server/src/main/kotlin/com/littlebridge/enrollplus/feature/platform/FeatureRegistryService.kt:32:28 Unresolved reference 'PlatformFeaturesTable'.
e: file:///C:/Users/HP/Devin1/VidyaPrayag/server/src/main/kotlin/com/littlebridge/enrollplus/feature/platform/FeatureRegistryService.kt:33:28 Unresolved reference 'PlatformFeaturesTable'.
e: file:///C:/Users/HP/Devin1/VidyaPrayag/server/src/main/kotlin/com/littlebridge/enrollplus/feature/platform/FeatureRegistryService.kt:34:23 Unresolved reference 'PlatformFeaturesTable'.
e: file:///C:/Users/HP/Devin1/VidyaPrayag/server/src/main/kotlin/com/littlebridge/enrollplus/feature/platform/FeatureRegistryService.kt:35:25 Unresolved reference 'PlatformFeaturesTable'.
e: file:///C:/Users/HP/Devin1/VidyaPrayag/server/src/main/kotlin/com/littlebridge/enrollplus/feature/platform/FeatureRegistryService.kt:36:21 Unresolved reference 'PlatformFeaturesTable'.
e: file:///C:/Users/HP/Devin1/VidyaPrayag/server/src/main/kotlin/com/littlebridge/enrollplus/feature/platform/FeatureRegistryService.kt:37:29 Unresolved reference 'PlatformFeaturesTable'.
e: file:///C:/Users/HP/Devin1/VidyaPrayag/server/src/main/kotlin/com/littlebridge/enrollplus/feature/platform/FeatureRegistryService.kt:38:16 Cannot infer type for this parameter. Specify it 
explicitly.
e: file:///C:/Users/HP/Devin1/VidyaPrayag/server/src/main/kotlin/com/littlebridge/enrollplus/feature/platform/FeatureRegistryService.kt:38:16 Not enough information to infer type argument for 
'T'.
e: file:///C:/Users/HP/Devin1/VidyaPrayag/server/src/main/kotlin/com/littlebridge/enrollplus/feature/platform/FeatureRegistryService.kt:38:21 Unresolved reference 'PlatformFeaturesTable'.
e: file:///C:/Users/HP/Devin1/VidyaPrayag/server/src/main/kotlin/com/littlebridge/enrollplus/feature/platform/FeatureRegistryService.kt:40:17 Unresolved reference 'PlatformFeaturesTable'.
e: file:///C:/Users/HP/Devin1/VidyaPrayag/server/src/main/kotlin/com/littlebridge/enrollplus/feature/platform/FeatureRegistryService.kt:41:19 Unresolved reference 'PlatformFeaturesTable'.
e: file:///C:/Users/HP/Devin1/VidyaPrayag/server/src/main/kotlin/com/littlebridge/enrollplus/feature/platform/FeatureRegistryService.kt:42:26 Unresolved reference 'PlatformFeaturesTable'.
e: file:///C:/Users/HP/Devin1/VidyaPrayag/server/src/main/kotlin/com/littlebridge/enrollplus/feature/platform/FeatureRegistryService.kt:43:27 Unresolved reference 'PlatformFeaturesTable'.
e: file:///C:/Users/HP/Devin1/VidyaPrayag/server/src/main/kotlin/com/littlebridge/enrollplus/feature/platform/FeatureRegistryService.kt:44:27 Unresolved reference 'PlatformFeaturesTable'.
e: file:///C:/Users/HP/Devin1/VidyaPrayag/server/src/main/kotlin/com/littlebridge/enrollplus/feature/platform/FeatureRegistryService.kt:45:17 Unresolved reference 'PlatformFeaturesTable'.
e: file:///C:/Users/HP/Devin1/VidyaPrayag/server/src/main/kotlin/com/littlebridge/enrollplus/feature/platform/FeatureRegistryService.kt:46:21 Unresolved reference 'PlatformFeaturesTable'.
e: file:///C:/Users/HP/Devin1/VidyaPrayag/server/src/main/kotlin/com/littlebridge/enrollplus/feature/platform/FeatureRegistryService.kt:47:28 Unresolved reference 'PlatformFeaturesTable'.
e: file:///C:/Users/HP/Devin1/VidyaPrayag/server/src/main/kotlin/com/littlebridge/enrollplus/feature/platform/FeatureRegistryService.kt:48:24 Unresolved reference 'PlatformFeaturesTable'.
e: file:///C:/Users/HP/Devin1/VidyaPrayag/server/src/main/kotlin/com/littlebridge/enrollplus/feature/platform/FeatureRegistryService.kt:49:18 Cannot infer type for this parameter. Specify it 
explicitly.
e: file:///C:/Users/HP/Devin1/VidyaPrayag/server/src/main/kotlin/com/littlebridge/enrollplus/feature/platform/FeatureRegistryService.kt:49:18 Not enough information to infer type argument for 
'T'.
e: file:///C:/Users/HP/Devin1/VidyaPrayag/server/src/main/kotlin/com/littlebridge/enrollplus/feature/platform/FeatureRegistryService.kt:49:23 Unresolved reference 'PlatformFeaturesTable'.
e: file:///C:/Users/HP/Devin1/VidyaPrayag/server/src/main/kotlin/com/littlebridge/enrollplus/feature/platform/FeatureRegistryService.kt:50:18 Cannot infer type for this parameter. Specify it 
explicitly.
e: file:///C:/Users/HP/Devin1/VidyaPrayag/server/src/main/kotlin/com/littlebridge/enrollplus/feature/platform/FeatureRegistryService.kt:50:18 Not enough information to infer type argument for 
'T'.
e: file:///C:/Users/HP/Devin1/VidyaPrayag/server/src/main/kotlin/com/littlebridge/enrollplus/feature/platform/FeatureRegistryService.kt:50:23 Unresolved reference 'PlatformFeaturesTable'.
e: file:///C:/Users/HP/Devin1/VidyaPrayag/server/src/main/kotlin/com/littlebridge/enrollplus/feature/platform/FeatureRegistryService.kt:67:34 Unresolved reference 'PlatformFeaturesTable'.
e: file:///C:/Users/HP/Devin1/VidyaPrayag/server/src/main/kotlin/com/littlebridge/enrollplus/feature/platform/FeatureRegistryService.kt:68:36 Unresolved reference 'PlatformFeaturesTable'.
e: file:///C:/Users/HP/Devin1/VidyaPrayag/server/src/main/kotlin/com/littlebridge/enrollplus/feature/platform/FeatureRegistryService.kt:69:39 Unresolved reference 'PlatformFeaturesTable'.
e: file:///C:/Users/HP/Devin1/VidyaPrayag/server/src/main/kotlin/com/littlebridge/enrollplus/feature/platform/FeatureRegistryService.kt:70:35 Unresolved reference 'PlatformFeaturesTable'.
e: file:///C:/Users/HP/Devin1/VidyaPrayag/server/src/main/kotlin/com/littlebridge/enrollplus/feature/platform/FeatureRegistryService.kt:72:18 Unresolved reference 'PlatformFeaturesTable'.
e: file:///C:/Users/HP/Devin1/VidyaPrayag/server/src/main/kotlin/com/littlebridge/enrollplus/feature/platform/FeatureRegistryService.kt:72:45 None of the following candidates is applicable:
fun <T : String?> Expression<T>.like(pattern: String): LikeEscapeOp
fun <T : String?> Expression<T>.like(expression: ExpressionWithColumnType<String>): LikeEscapeOp
fun <T : String?> Expression<T>.like(pattern: LikePattern): LikeEscapeOp
fun Expression<EntityID<String>>.like(pattern: String): LikeEscapeOp
fun Expression<EntityID<String>>.like(expression: ExpressionWithColumnType<String>): LikeEscapeOp
fun Expression<EntityID<String>>.like(pattern: LikePattern): LikeEscapeOp
e: file:///C:/Users/HP/Devin1/VidyaPrayag/server/src/main/kotlin/com/littlebridge/enrollplus/feature/platform/FeatureRegistryService.kt:73:18 Unresolved reference 'PlatformFeaturesTable'.
e: file:///C:/Users/HP/Devin1/VidyaPrayag/server/src/main/kotlin/com/littlebridge/enrollplus/feature/platform/FeatureRegistryService.kt:74:18 Unresolved reference 'PlatformFeaturesTable'.
e: file:///C:/Users/HP/Devin1/VidyaPrayag/server/src/main/kotlin/com/littlebridge/enrollplus/feature/platform/FeatureRegistryService.kt:76:14 Unresolved reference 'PlatformFeaturesTable'.
e: file:///C:/Users/HP/Devin1/VidyaPrayag/server/src/main/kotlin/com/littlebridge/enrollplus/feature/platform/FeatureRegistryService.kt:78:21 Unresolved reference 'PlatformFeaturesTable'.
e: file:///C:/Users/HP/Devin1/VidyaPrayag/server/src/main/kotlin/com/littlebridge/enrollplus/feature/platform/FeatureRegistryService.kt:80:21 Unresolved reference 'PlatformFeaturesTable'.
e: file:///C:/Users/HP/Devin1/VidyaPrayag/server/src/main/kotlin/com/littlebridge/enrollplus/feature/platform/FeatureRegistryService.kt:84:33 Cannot infer type for this parameter. Specify it 
explicitly.
e: file:///C:/Users/HP/Devin1/VidyaPrayag/server/src/main/kotlin/com/littlebridge/enrollplus/feature/platform/FeatureRegistryService.kt:84:33 Not enough information to infer type argument for 
'T'.
e: file:///C:/Users/HP/Devin1/VidyaPrayag/server/src/main/kotlin/com/littlebridge/enrollplus/feature/platform/FeatureRegistryService.kt:84:37 Unresolved reference 'PlatformFeaturesTable'.
e: file:///C:/Users/HP/Devin1/VidyaPrayag/server/src/main/kotlin/com/littlebridge/enrollplus/feature/platform/FeatureRegistryService.kt:84:69 Cannot infer type for this parameter. Specify it 
explicitly.
e: file:///C:/Users/HP/Devin1/VidyaPrayag/server/src/main/kotlin/com/littlebridge/enrollplus/feature/platform/FeatureRegistryService.kt:84:69 Not enough information to infer type argument for 
'T'.
e: file:///C:/Users/HP/Devin1/VidyaPrayag/server/src/main/kotlin/com/littlebridge/enrollplus/feature/platform/FeatureRegistryService.kt:84:69 Not enough information to infer type argument for 
'R'.
e: file:///C:/Users/HP/Devin1/VidyaPrayag/server/src/main/kotlin/com/littlebridge/enrollplus/feature/platform/FeatureRegistryService.kt:84:75 Cannot infer type for this parameter. Specify it 
explicitly.
e: file:///C:/Users/HP/Devin1/VidyaPrayag/server/src/main/kotlin/com/littlebridge/enrollplus/feature/platform/FeatureRegistryService.kt:94:42 Unresolved reference 'PlatformFeaturesTable'.
e: file:///C:/Users/HP/Devin1/VidyaPrayag/server/src/main/kotlin/com/littlebridge/enrollplus/feature/platform/FeatureRegistryService.kt:94:74 Cannot infer type for this parameter. Specify it 
explicitly.
e: file:///C:/Users/HP/Devin1/VidyaPrayag/server/src/main/kotlin/com/littlebridge/enrollplus/feature/platform/FeatureRegistryService.kt:99:23 Unresolved reference 'PlatformFeaturesTable'.
e: file:///C:/Users/HP/Devin1/VidyaPrayag/server/src/main/kotlin/com/littlebridge/enrollplus/feature/platform/FeatureRegistryService.kt:99:23 Argument type mismatch: actual type is 
'Pair<String, SortOrder>', but 'K (of fun <K> WHEN_CALL)' was expected.
e: file:///C:/Users/HP/Devin1/VidyaPrayag/server/src/main/kotlin/com/littlebridge/enrollplus/feature/platform/FeatureRegistryService.kt:100:25 Unresolved reference 'PlatformFeaturesTable'.
e: file:///C:/Users/HP/Devin1/VidyaPrayag/server/src/main/kotlin/com/littlebridge/enrollplus/feature/platform/FeatureRegistryService.kt:100:25 Argument type mismatch: actual type is 
'Pair<uninferred A (of fun <A, B> A.to), uninferred B (of fun <A, B> A.to)>', but 'K (of fun <K> WHEN_CALL)' was expected.
e: file:///C:/Users/HP/Devin1/VidyaPrayag/server/src/main/kotlin/com/littlebridge/enrollplus/feature/platform/FeatureRegistryService.kt:100:54 Cannot infer type for this parameter. Specify it 
explicitly.
e: file:///C:/Users/HP/Devin1/VidyaPrayag/server/src/main/kotlin/com/littlebridge/enrollplus/feature/platform/FeatureRegistryService.kt:101:27 Unresolved reference 'PlatformFeaturesTable'.
e: file:///C:/Users/HP/Devin1/VidyaPrayag/server/src/main/kotlin/com/littlebridge/enrollplus/feature/platform/FeatureRegistryService.kt:101:27 Argument type mismatch: actual type is 
'Pair<uninferred A (of fun <A, B> A.to), uninferred B (of fun <A, B> A.to)>', but 'K (of fun <K> WHEN_CALL)' was expected.
e: file:///C:/Users/HP/Devin1/VidyaPrayag/server/src/main/kotlin/com/littlebridge/enrollplus/feature/platform/FeatureRegistryService.kt:101:58 Cannot infer type for this parameter. Specify it 
explicitly.
e: file:///C:/Users/HP/Devin1/VidyaPrayag/server/src/main/kotlin/com/littlebridge/enrollplus/feature/platform/FeatureRegistryService.kt:102:33 Unresolved reference 'PlatformFeaturesTable'.
e: file:///C:/Users/HP/Devin1/VidyaPrayag/server/src/main/kotlin/com/littlebridge/enrollplus/feature/platform/FeatureRegistryService.kt:102:33 Argument type mismatch: actual type is 
'Pair<uninferred A (of fun <A, B> A.to), uninferred B (of fun <A, B> A.to)>', but 'K (of fun <K> WHEN_CALL)' was expected.
e: file:///C:/Users/HP/Devin1/VidyaPrayag/server/src/main/kotlin/com/littlebridge/enrollplus/feature/platform/FeatureRegistryService.kt:102:69 Cannot infer type for this parameter. Specify it 
explicitly.
e: file:///C:/Users/HP/Devin1/VidyaPrayag/server/src/main/kotlin/com/littlebridge/enrollplus/feature/platform/FeatureRegistryService.kt:103:29 Unresolved reference 'PlatformFeaturesTable'.
e: file:///C:/Users/HP/Devin1/VidyaPrayag/server/src/main/kotlin/com/littlebridge/enrollplus/feature/platform/FeatureRegistryService.kt:103:29 Argument type mismatch: actual type is 
'Pair<uninferred A (of fun <A, B> A.to), uninferred B (of fun <A, B> A.to)>', but 'K (of fun <K> WHEN_CALL)' was expected.
e: file:///C:/Users/HP/Devin1/VidyaPrayag/server/src/main/kotlin/com/littlebridge/enrollplus/feature/platform/FeatureRegistryService.kt:103:61 Cannot infer type for this parameter. Specify it 
explicitly.
e: file:///C:/Users/HP/Devin1/VidyaPrayag/server/src/main/kotlin/com/littlebridge/enrollplus/feature/platform/FeatureRegistryService.kt:104:29 Unresolved reference 'PlatformFeaturesTable'.
e: file:///C:/Users/HP/Devin1/VidyaPrayag/server/src/main/kotlin/com/littlebridge/enrollplus/feature/platform/FeatureRegistryService.kt:104:29 Argument type mismatch: actual type is 
'Pair<uninferred A (of fun <A, B> A.to), uninferred B (of fun <A, B> A.to)>', but 'K (of fun <K> WHEN_CALL)' was expected.
e: file:///C:/Users/HP/Devin1/VidyaPrayag/server/src/main/kotlin/com/littlebridge/enrollplus/feature/platform/FeatureRegistryService.kt:104:61 Cannot infer type for this parameter. Specify it 
explicitly.
e: file:///C:/Users/HP/Devin1/VidyaPrayag/server/src/main/kotlin/com/littlebridge/enrollplus/feature/platform/FeatureRegistryService.kt:105:21 Unresolved reference 'PlatformFeaturesTable'.
e: file:///C:/Users/HP/Devin1/VidyaPrayag/server/src/main/kotlin/com/littlebridge/enrollplus/feature/platform/FeatureRegistryService.kt:105:21 Argument type mismatch: actual type is 
'Pair<uninferred A (of fun <A, B> A.to), uninferred B (of fun <A, B> A.to)>', but 'K (of fun <K> WHEN_CALL)' was expected.
e: file:///C:/Users/HP/Devin1/VidyaPrayag/server/src/main/kotlin/com/littlebridge/enrollplus/feature/platform/FeatureRegistryService.kt:105:53 Cannot infer type for this parameter. Specify it 
explicitly.
e: file:///C:/Users/HP/Devin1/VidyaPrayag/server/src/main/kotlin/com/littlebridge/enrollplus/feature/platform/FeatureRegistryService.kt:110:26 Unresolved reference 'PlatformFeaturesTable'.
e: file:///C:/Users/HP/Devin1/VidyaPrayag/server/src/main/kotlin/com/littlebridge/enrollplus/feature/platform/FeatureRegistryService.kt:110:68 Unresolved reference 'PlatformFeaturesTable'.
e: file:///C:/Users/HP/Devin1/VidyaPrayag/server/src/main/kotlin/com/littlebridge/enrollplus/feature/platform/FeatureRegistryService.kt:112:23 Cannot infer type for this parameter. Specify it 
explicitly.
e: file:///C:/Users/HP/Devin1/VidyaPrayag/server/src/main/kotlin/com/littlebridge/enrollplus/feature/platform/FeatureRegistryService.kt:112:23 Not enough information to infer type argument for 
'T'.
e: file:///C:/Users/HP/Devin1/VidyaPrayag/server/src/main/kotlin/com/littlebridge/enrollplus/feature/platform/FeatureRegistryService.kt:112:34 Unresolved reference 'PlatformFeaturesTable'.
e: file:///C:/Users/HP/Devin1/VidyaPrayag/server/src/main/kotlin/com/littlebridge/enrollplus/feature/platform/FeatureRegistryService.kt:113:34 Cannot infer type for this parameter. Specify it 
explicitly.
e: file:///C:/Users/HP/Devin1/VidyaPrayag/server/src/main/kotlin/com/littlebridge/enrollplus/feature/platform/FeatureRegistryService.kt:113:34 Unresolved reference. None of the following 
candidates is applicable because of a receiver type mismatch:
fun <T, R> T.let(block: (T) -> R): R
    [R|Contract description]
     <
        CallsInPlace(block, EXACTLY_ONCE)
    >
e: file:///C:/Users/HP/Devin1/VidyaPrayag/server/src/main/kotlin/com/littlebridge/enrollplus/feature/platform/FeatureRegistryService.kt:113:40 Cannot infer type for this parameter. Specify it 
explicitly.
e: file:///C:/Users/HP/Devin1/VidyaPrayag/server/src/main/kotlin/com/littlebridge/enrollplus/feature/platform/FeatureRegistryService.kt:119:21 Unresolved reference 'PlatformFeatureFlowsTable'.
e: file:///C:/Users/HP/Devin1/VidyaPrayag/server/src/main/kotlin/com/littlebridge/enrollplus/feature/platform/FeatureRegistryService.kt:120:22 Unresolved reference 'PlatformFeatureFlowsTable'.
e: file:///C:/Users/HP/Devin1/VidyaPrayag/server/src/main/kotlin/com/littlebridge/enrollplus/feature/platform/FeatureRegistryService.kt:121:22 Unresolved reference 'PlatformFeatureFlowsTable'.
e: file:///C:/Users/HP/Devin1/VidyaPrayag/server/src/main/kotlin/com/littlebridge/enrollplus/feature/platform/FeatureRegistryService.kt:124:26 Cannot infer type for this parameter. Specify it 
explicitly.
e: file:///C:/Users/HP/Devin1/VidyaPrayag/server/src/main/kotlin/com/littlebridge/enrollplus/feature/platform/FeatureRegistryService.kt:124:26 Not enough information to infer type argument for 
'T'.
e: file:///C:/Users/HP/Devin1/VidyaPrayag/server/src/main/kotlin/com/littlebridge/enrollplus/feature/platform/FeatureRegistryService.kt:124:30 Unresolved reference 'PlatformFeatureFlowsTable'.
e: file:///C:/Users/HP/Devin1/VidyaPrayag/server/src/main/kotlin/com/littlebridge/enrollplus/feature/platform/FeatureRegistryService.kt:124:60 Unresolved reference 'value'.
e: file:///C:/Users/HP/Devin1/VidyaPrayag/server/src/main/kotlin/com/littlebridge/enrollplus/feature/platform/FeatureRegistryService.kt:126:37 Unresolved reference 'PlatformFeatureFlowsTable'.
e: file:///C:/Users/HP/Devin1/VidyaPrayag/server/src/main/kotlin/com/littlebridge/enrollplus/feature/platform/FeatureRegistryService.kt:127:44 Unresolved reference 'PlatformFeatureFlowsTable'.
e: file:///C:/Users/HP/Devin1/VidyaPrayag/server/src/main/kotlin/com/littlebridge/enrollplus/feature/platform/FeatureRegistryService.kt:128:38 Unresolved reference 'PlatformFeatureFlowsTable'.
e: file:///C:/Users/HP/Devin1/VidyaPrayag/server/src/main/kotlin/com/littlebridge/enrollplus/feature/platform/FeatureRegistryService.kt:129:40 Unresolved reference 'PlatformFeatureFlowsTable'.
e: file:///C:/Users/HP/Devin1/VidyaPrayag/server/src/main/kotlin/com/littlebridge/enrollplus/feature/platform/FeatureRegistryService.kt:130:39 Unresolved reference 'PlatformFeatureFlowsTable'.
e: file:///C:/Users/HP/Devin1/VidyaPrayag/server/src/main/kotlin/com/littlebridge/enrollplus/feature/platform/FeatureRegistryService.kt:131:38 Unresolved reference 'PlatformFeatureFlowsTable'.
e: file:///C:/Users/HP/Devin1/VidyaPrayag/server/src/main/kotlin/com/littlebridge/enrollplus/feature/platform/FeatureRegistryService.kt:132:38 Unresolved reference 'PlatformFeatureFlowsTable'.
e: file:///C:/Users/HP/Devin1/VidyaPrayag/server/src/main/kotlin/com/littlebridge/enrollplus/feature/platform/FeatureRegistryService.kt:133:38 Unresolved reference 'PlatformFeatureFlowsTable'.
e: file:///C:/Users/HP/Devin1/VidyaPrayag/server/src/main/kotlin/com/littlebridge/enrollplus/feature/platform/FeatureRegistryService.kt:137:23 Unresolved reference 'PlatformScreensTable'.
e: file:///C:/Users/HP/Devin1/VidyaPrayag/server/src/main/kotlin/com/littlebridge/enrollplus/feature/platform/FeatureRegistryService.kt:138:22 Unresolved reference 'PlatformScreensTable'.
e: file:///C:/Users/HP/Devin1/VidyaPrayag/server/src/main/kotlin/com/littlebridge/enrollplus/feature/platform/FeatureRegistryService.kt:139:22 Unresolved reference 'PlatformScreensTable'.
e: file:///C:/Users/HP/Devin1/VidyaPrayag/server/src/main/kotlin/com/littlebridge/enrollplus/feature/platform/FeatureRegistryService.kt:142:20 Unresolved reference 'PlatformFeatureApisTable'.
e: file:///C:/Users/HP/Devin1/VidyaPrayag/server/src/main/kotlin/com/littlebridge/enrollplus/feature/platform/FeatureRegistryService.kt:143:22 Unresolved reference 'PlatformFeatureApisTable'.
e: file:///C:/Users/HP/Devin1/VidyaPrayag/server/src/main/kotlin/com/littlebridge/enrollplus/feature/platform/FeatureRegistryService.kt:144:22 Unresolved reference 'PlatformFeatureApisTable'.
e: file:///C:/Users/HP/Devin1/VidyaPrayag/server/src/main/kotlin/com/littlebridge/enrollplus/feature/platform/FeatureRegistryService.kt:147:25 Unresolved reference 'PlatformTestCasesTable'.
e: file:///C:/Users/HP/Devin1/VidyaPrayag/server/src/main/kotlin/com/littlebridge/enrollplus/feature/platform/FeatureRegistryService.kt:148:22 Unresolved reference 'PlatformTestCasesTable'.
e: file:///C:/Users/HP/Devin1/VidyaPrayag/server/src/main/kotlin/com/littlebridge/enrollplus/feature/platform/FeatureRegistryService.kt:149:22 Unresolved reference 'PlatformTestCasesTable'.
e: file:///C:/Users/HP/Devin1/VidyaPrayag/server/src/main/kotlin/com/littlebridge/enrollplus/feature/platform/FeatureRegistryService.kt:152:20 Unresolved reference 'PlatformBugsTable'.
e: file:///C:/Users/HP/Devin1/VidyaPrayag/server/src/main/kotlin/com/littlebridge/enrollplus/feature/platform/FeatureRegistryService.kt:153:22 Unresolved reference 'PlatformBugsTable'.
e: file:///C:/Users/HP/Devin1/VidyaPrayag/server/src/main/kotlin/com/littlebridge/enrollplus/feature/platform/FeatureRegistryService.kt:154:22 Unresolved reference 'PlatformBugsTable'.
e: file:///C:/Users/HP/Devin1/VidyaPrayag/server/src/main/kotlin/com/littlebridge/enrollplus/feature/platform/FeatureRegistryService.kt:157:24 Unresolved reference 'PlatformFeaturesTable'.
e: file:///C:/Users/HP/Devin1/VidyaPrayag/server/src/main/kotlin/com/littlebridge/enrollplus/feature/platform/FeatureRegistryService.kt:158:23 Unresolved reference 'PlatformFeaturesTable'.
e: file:///C:/Users/HP/Devin1/VidyaPrayag/server/src/main/kotlin/com/littlebridge/enrollplus/feature/platform/FeatureRegistryService.kt:158:66 Unresolved reference 'PlatformFeaturesTable'.
e: file:///C:/Users/HP/Devin1/VidyaPrayag/server/src/main/kotlin/com/littlebridge/enrollplus/feature/platform/FeatureRegistryService.kt:166:9 Unresolved reference 'PlatformFeaturesTable'.
e: file:///C:/Users/HP/Devin1/VidyaPrayag/server/src/main/kotlin/com/littlebridge/enrollplus/feature/platform/FeatureRegistryService.kt:166:9 Cannot infer type for this parameter. Specify it 
explicitly.
e: file:///C:/Users/HP/Devin1/VidyaPrayag/server/src/main/kotlin/com/littlebridge/enrollplus/feature/platform/FeatureRegistryService.kt:166:9 Not enough information to infer type argument for 
'E'.
e: file:///C:/Users/HP/Devin1/VidyaPrayag/server/src/main/kotlin/com/littlebridge/enrollplus/feature/platform/FeatureRegistryService.kt:166:9 Not enough information to infer type argument for 
'T'.
e: file:///C:/Users/HP/Devin1/VidyaPrayag/server/src/main/kotlin/com/littlebridge/enrollplus/feature/platform/FeatureRegistryService.kt:167:13 Unresolved reference 'it'.
e: file:///C:/Users/HP/Devin1/VidyaPrayag/server/src/main/kotlin/com/littlebridge/enrollplus/feature/platform/FeatureRegistryService.kt:167:16 Unresolved reference 'PlatformFeaturesTable'.
e: file:///C:/Users/HP/Devin1/VidyaPrayag/server/src/main/kotlin/com/littlebridge/enrollplus/feature/platform/FeatureRegistryService.kt:168:13 Unresolved reference 'it'.
e: file:///C:/Users/HP/Devin1/VidyaPrayag/server/src/main/kotlin/com/littlebridge/enrollplus/feature/platform/FeatureRegistryService.kt:168:16 Unresolved reference 'PlatformFeaturesTable'.
e: file:///C:/Users/HP/Devin1/VidyaPrayag/server/src/main/kotlin/com/littlebridge/enrollplus/feature/platform/FeatureRegistryService.kt:169:13 Unresolved reference 'it'.
e: file:///C:/Users/HP/Devin1/VidyaPrayag/server/src/main/kotlin/com/littlebridge/enrollplus/feature/platform/FeatureRegistryService.kt:169:16 Unresolved reference 'PlatformFeaturesTable'.
e: file:///C:/Users/HP/Devin1/VidyaPrayag/server/src/main/kotlin/com/littlebridge/enrollplus/feature/platform/FeatureRegistryService.kt:170:13 Unresolved reference 'it'.
e: file:///C:/Users/HP/Devin1/VidyaPrayag/server/src/main/kotlin/com/littlebridge/enrollplus/feature/platform/FeatureRegistryService.kt:170:16 Unresolved reference 'PlatformFeaturesTable'.
e: file:///C:/Users/HP/Devin1/VidyaPrayag/server/src/main/kotlin/com/littlebridge/enrollplus/feature/platform/FeatureRegistryService.kt:171:13 Unresolved reference 'it'.
e: file:///C:/Users/HP/Devin1/VidyaPrayag/server/src/main/kotlin/com/littlebridge/enrollplus/feature/platform/FeatureRegistryService.kt:171:16 Unresolved reference 'PlatformFeaturesTable'.
e: file:///C:/Users/HP/Devin1/VidyaPrayag/server/src/main/kotlin/com/littlebridge/enrollplus/feature/platform/FeatureRegistryService.kt:172:13 Unresolved reference 'it'.
e: file:///C:/Users/HP/Devin1/VidyaPrayag/server/src/main/kotlin/com/littlebridge/enrollplus/feature/platform/FeatureRegistryService.kt:172:16 Unresolved reference 'PlatformFeaturesTable'.
e: file:///C:/Users/HP/Devin1/VidyaPrayag/server/src/main/kotlin/com/littlebridge/enrollplus/feature/platform/FeatureRegistryService.kt:173:13 Unresolved reference 'it'.
e: file:///C:/Users/HP/Devin1/VidyaPrayag/server/src/main/kotlin/com/littlebridge/enrollplus/feature/platform/FeatureRegistryService.kt:173:16 Unresolved reference 'PlatformFeaturesTable'.
e: file:///C:/Users/HP/Devin1/VidyaPrayag/server/src/main/kotlin/com/littlebridge/enrollplus/feature/platform/FeatureRegistryService.kt:174:13 Unresolved reference 'it'.
e: file:///C:/Users/HP/Devin1/VidyaPrayag/server/src/main/kotlin/com/littlebridge/enrollplus/feature/platform/FeatureRegistryService.kt:174:16 Unresolved reference 'PlatformFeaturesTable'.
e: file:///C:/Users/HP/Devin1/VidyaPrayag/server/src/main/kotlin/com/littlebridge/enrollplus/feature/platform/FeatureRegistryService.kt:175:13 Unresolved reference 'it'.
e: file:///C:/Users/HP/Devin1/VidyaPrayag/server/src/main/kotlin/com/littlebridge/enrollplus/feature/platform/FeatureRegistryService.kt:175:16 Unresolved reference 'PlatformFeaturesTable'.
e: file:///C:/Users/HP/Devin1/VidyaPrayag/server/src/main/kotlin/com/littlebridge/enrollplus/feature/platform/FeatureRegistryService.kt:176:13 Unresolved reference 'it'.
e: file:///C:/Users/HP/Devin1/VidyaPrayag/server/src/main/kotlin/com/littlebridge/enrollplus/feature/platform/FeatureRegistryService.kt:176:16 Unresolved reference 'PlatformFeaturesTable'.
e: file:///C:/Users/HP/Devin1/VidyaPrayag/server/src/main/kotlin/com/littlebridge/enrollplus/feature/platform/FeatureRegistryService.kt:177:13 Unresolved reference 'it'.
e: file:///C:/Users/HP/Devin1/VidyaPrayag/server/src/main/kotlin/com/littlebridge/enrollplus/feature/platform/FeatureRegistryService.kt:177:16 Unresolved reference 'PlatformFeaturesTable'.
e: file:///C:/Users/HP/Devin1/VidyaPrayag/server/src/main/kotlin/com/littlebridge/enrollplus/feature/platform/FeatureRegistryService.kt:178:13 Unresolved reference 'it'.
e: file:///C:/Users/HP/Devin1/VidyaPrayag/server/src/main/kotlin/com/littlebridge/enrollplus/feature/platform/FeatureRegistryService.kt:178:16 Unresolved reference 'PlatformFeaturesTable'.
e: file:///C:/Users/HP/Devin1/VidyaPrayag/server/src/main/kotlin/com/littlebridge/enrollplus/feature/platform/FeatureRegistryService.kt:179:13 Unresolved reference 'it'.
e: file:///C:/Users/HP/Devin1/VidyaPrayag/server/src/main/kotlin/com/littlebridge/enrollplus/feature/platform/FeatureRegistryService.kt:179:16 Unresolved reference 'PlatformFeaturesTable'.
e: file:///C:/Users/HP/Devin1/VidyaPrayag/server/src/main/kotlin/com/littlebridge/enrollplus/feature/platform/FeatureRegistryService.kt:180:13 Unresolved reference 'it'.
e: file:///C:/Users/HP/Devin1/VidyaPrayag/server/src/main/kotlin/com/littlebridge/enrollplus/feature/platform/FeatureRegistryService.kt:180:16 Unresolved reference 'PlatformFeaturesTable'.
e: file:///C:/Users/HP/Devin1/VidyaPrayag/server/src/main/kotlin/com/littlebridge/enrollplus/feature/platform/FeatureRegistryService.kt:181:13 Unresolved reference 'it'.
e: file:///C:/Users/HP/Devin1/VidyaPrayag/server/src/main/kotlin/com/littlebridge/enrollplus/feature/platform/FeatureRegistryService.kt:181:16 Unresolved reference 'PlatformFeaturesTable'.
e: file:///C:/Users/HP/Devin1/VidyaPrayag/server/src/main/kotlin/com/littlebridge/enrollplus/feature/platform/FeatureRegistryService.kt:182:13 Unresolved reference 'it'.
e: file:///C:/Users/HP/Devin1/VidyaPrayag/server/src/main/kotlin/com/littlebridge/enrollplus/feature/platform/FeatureRegistryService.kt:182:16 Unresolved reference 'PlatformFeaturesTable'.
e: file:///C:/Users/HP/Devin1/VidyaPrayag/server/src/main/kotlin/com/littlebridge/enrollplus/feature/platform/FeatureRegistryService.kt:183:13 Unresolved reference 'it'.
e: file:///C:/Users/HP/Devin1/VidyaPrayag/server/src/main/kotlin/com/littlebridge/enrollplus/feature/platform/FeatureRegistryService.kt:183:16 Unresolved reference 'PlatformFeaturesTable'.
e: file:///C:/Users/HP/Devin1/VidyaPrayag/server/src/main/kotlin/com/littlebridge/enrollplus/feature/platform/FeatureRegistryService.kt:184:13 Unresolved reference 'it'.
e: file:///C:/Users/HP/Devin1/VidyaPrayag/server/src/main/kotlin/com/littlebridge/enrollplus/feature/platform/FeatureRegistryService.kt:184:16 Unresolved reference 'PlatformFeaturesTable'.
e: file:///C:/Users/HP/Devin1/VidyaPrayag/server/src/main/kotlin/com/littlebridge/enrollplus/feature/platform/FeatureRegistryService.kt:185:13 Unresolved reference 'it'.
e: file:///C:/Users/HP/Devin1/VidyaPrayag/server/src/main/kotlin/com/littlebridge/enrollplus/feature/platform/FeatureRegistryService.kt:185:16 Unresolved reference 'PlatformFeaturesTable'.
e: file:///C:/Users/HP/Devin1/VidyaPrayag/server/src/main/kotlin/com/littlebridge/enrollplus/feature/platform/FeatureRegistryService.kt:186:13 Unresolved reference 'it'.
e: file:///C:/Users/HP/Devin1/VidyaPrayag/server/src/main/kotlin/com/littlebridge/enrollplus/feature/platform/FeatureRegistryService.kt:186:16 Unresolved reference 'PlatformFeaturesTable'.
e: file:///C:/Users/HP/Devin1/VidyaPrayag/server/src/main/kotlin/com/littlebridge/enrollplus/feature/platform/FeatureRegistryService.kt:187:13 Unresolved reference 'it'.
e: file:///C:/Users/HP/Devin1/VidyaPrayag/server/src/main/kotlin/com/littlebridge/enrollplus/feature/platform/FeatureRegistryService.kt:187:16 Unresolved reference 'PlatformFeaturesTable'.
e: file:///C:/Users/HP/Devin1/VidyaPrayag/server/src/main/kotlin/com/littlebridge/enrollplus/feature/platform/FeatureRegistryService.kt:188:13 Unresolved reference 'it'.
e: file:///C:/Users/HP/Devin1/VidyaPrayag/server/src/main/kotlin/com/littlebridge/enrollplus/feature/platform/FeatureRegistryService.kt:188:16 Unresolved reference 'PlatformFeaturesTable'.
e: file:///C:/Users/HP/Devin1/VidyaPrayag/server/src/main/kotlin/com/littlebridge/enrollplus/feature/platform/FeatureRegistryService.kt:189:13 Unresolved reference 'it'.
e: file:///C:/Users/HP/Devin1/VidyaPrayag/server/src/main/kotlin/com/littlebridge/enrollplus/feature/platform/FeatureRegistryService.kt:189:16 Unresolved reference 'PlatformFeaturesTable'.
e: file:///C:/Users/HP/Devin1/VidyaPrayag/server/src/main/kotlin/com/littlebridge/enrollplus/feature/platform/FeatureRegistryService.kt:190:13 Unresolved reference 'it'.
e: file:///C:/Users/HP/Devin1/VidyaPrayag/server/src/main/kotlin/com/littlebridge/enrollplus/feature/platform/FeatureRegistryService.kt:190:16 Unresolved reference 'PlatformFeaturesTable'.
e: file:///C:/Users/HP/Devin1/VidyaPrayag/server/src/main/kotlin/com/littlebridge/enrollplus/feature/platform/FeatureRegistryService.kt:191:13 Unresolved reference 'it'.
e: file:///C:/Users/HP/Devin1/VidyaPrayag/server/src/main/kotlin/com/littlebridge/enrollplus/feature/platform/FeatureRegistryService.kt:191:16 Unresolved reference 'PlatformFeaturesTable'.
e: file:///C:/Users/HP/Devin1/VidyaPrayag/server/src/main/kotlin/com/littlebridge/enrollplus/feature/platform/FeatureRegistryService.kt:192:13 Unresolved reference 'it'.
e: file:///C:/Users/HP/Devin1/VidyaPrayag/server/src/main/kotlin/com/littlebridge/enrollplus/feature/platform/FeatureRegistryService.kt:192:16 Unresolved reference 'PlatformFeaturesTable'.
e: file:///C:/Users/HP/Devin1/VidyaPrayag/server/src/main/kotlin/com/littlebridge/enrollplus/feature/platform/FeatureRegistryService.kt:193:13 Unresolved reference 'it'.
e: file:///C:/Users/HP/Devin1/VidyaPrayag/server/src/main/kotlin/com/littlebridge/enrollplus/feature/platform/FeatureRegistryService.kt:193:16 Unresolved reference 'PlatformFeaturesTable'.
e: file:///C:/Users/HP/Devin1/VidyaPrayag/server/src/main/kotlin/com/littlebridge/enrollplus/feature/platform/FeatureRegistryService.kt:194:13 Unresolved reference 'it'.
e: file:///C:/Users/HP/Devin1/VidyaPrayag/server/src/main/kotlin/com/littlebridge/enrollplus/feature/platform/FeatureRegistryService.kt:194:16 Unresolved reference 'PlatformFeaturesTable'.
e: file:///C:/Users/HP/Devin1/VidyaPrayag/server/src/main/kotlin/com/littlebridge/enrollplus/feature/platform/FeatureRegistryService.kt:195:13 Unresolved reference 'it'.
e: file:///C:/Users/HP/Devin1/VidyaPrayag/server/src/main/kotlin/com/littlebridge/enrollplus/feature/platform/FeatureRegistryService.kt:195:16 Unresolved reference 'PlatformFeaturesTable'.
e: file:///C:/Users/HP/Devin1/VidyaPrayag/server/src/main/kotlin/com/littlebridge/enrollplus/feature/platform/FeatureRegistryService.kt:196:13 Unresolved reference 'it'.
e: file:///C:/Users/HP/Devin1/VidyaPrayag/server/src/main/kotlin/com/littlebridge/enrollplus/feature/platform/FeatureRegistryService.kt:196:16 Unresolved reference 'PlatformFeaturesTable'.
e: file:///C:/Users/HP/Devin1/VidyaPrayag/server/src/main/kotlin/com/littlebridge/enrollplus/feature/platform/FeatureRegistryService.kt:197:13 Unresolved reference 'it'.
e: file:///C:/Users/HP/Devin1/VidyaPrayag/server/src/main/kotlin/com/littlebridge/enrollplus/feature/platform/FeatureRegistryService.kt:197:16 Unresolved reference 'PlatformFeaturesTable'.
e: file:///C:/Users/HP/Devin1/VidyaPrayag/server/src/main/kotlin/com/littlebridge/enrollplus/feature/platform/FeatureRegistryService.kt:198:13 Unresolved reference 'it'.
e: file:///C:/Users/HP/Devin1/VidyaPrayag/server/src/main/kotlin/com/littlebridge/enrollplus/feature/platform/FeatureRegistryService.kt:198:16 Unresolved reference 'PlatformFeaturesTable'.
e: file:///C:/Users/HP/Devin1/VidyaPrayag/server/src/main/kotlin/com/littlebridge/enrollplus/feature/platform/FeatureRegistryService.kt:199:11 Unresolved reference 'PlatformFeaturesTable'.
e: file:///C:/Users/HP/Devin1/VidyaPrayag/server/src/main/kotlin/com/littlebridge/enrollplus/feature/platform/FeatureRegistryService.kt:199:37 Unresolved reference 'value'.
e: file:///C:/Users/HP/Devin1/VidyaPrayag/server/src/main/kotlin/com/littlebridge/enrollplus/feature/platform/FeatureRegistryService.kt:203:20 Unresolved reference 'PlatformFeaturesTable'.
e: file:///C:/Users/HP/Devin1/VidyaPrayag/server/src/main/kotlin/com/littlebridge/enrollplus/feature/platform/FeatureRegistryService.kt:203:59 Unresolved reference 'PlatformFeaturesTable'.
e: file:///C:/Users/HP/Devin1/VidyaPrayag/server/src/main/kotlin/com/littlebridge/enrollplus/feature/platform/FeatureRegistryService.kt:204:34 None of the following candidates is applicable:
fun <S, ID : EntityID<S>, E : Expression<S>> set(column: Column<ID>, value: E): Unit
fun <S> set(column: Column<S>, value: S): Unit
fun <S> set(column: Column<S>, value: Query): Unit
fun <T, S : T?, E : Expression<S>> set(column: Column<T>, value: E): Unit
fun <S : Comparable<S>> set(column: Column<EntityID<S>>, value: S): Unit
fun <S : Comparable<S>> set(column: Column<EntityID<S>?>, value: S?): Unit
fun <S> set(column: CompositeColumn<S>, value: S): Unit
e: file:///C:/Users/HP/Devin1/VidyaPrayag/server/src/main/kotlin/com/littlebridge/enrollplus/feature/platform/FeatureRegistryService.kt:204:37 Unresolved reference 'PlatformFeaturesTable'.
e: file:///C:/Users/HP/Devin1/VidyaPrayag/server/src/main/kotlin/com/littlebridge/enrollplus/feature/platform/FeatureRegistryService.kt:205:44 Unresolved reference 'PlatformFeaturesTable'.
e: file:///C:/Users/HP/Devin1/VidyaPrayag/server/src/main/kotlin/com/littlebridge/enrollplus/feature/platform/FeatureRegistryService.kt:206:46 Unresolved reference 'PlatformFeaturesTable'.
e: file:///C:/Users/HP/Devin1/VidyaPrayag/server/src/main/kotlin/com/littlebridge/enrollplus/feature/platform/FeatureRegistryService.kt:207:45 Unresolved reference 'PlatformFeaturesTable'.
e: file:///C:/Users/HP/Devin1/VidyaPrayag/server/src/main/kotlin/com/littlebridge/enrollplus/feature/platform/FeatureRegistryService.kt:208:38 None of the following candidates is applicable:
fun <S, ID : EntityID<S>, E : Expression<S>> set(column: Column<ID>, value: E): Unit
fun <S> set(column: Column<S>, value: S): Unit
fun <S> set(column: Column<S>, value: Query): Unit
fun <T, S : T?, E : Expression<S>> set(column: Column<T>, value: E): Unit
fun <S : Comparable<S>> set(column: Column<EntityID<S>>, value: S): Unit
fun <S : Comparable<S>> set(column: Column<EntityID<S>?>, value: S?): Unit
fun <S> set(column: CompositeColumn<S>, value: S): Unit
e: file:///C:/Users/HP/Devin1/VidyaPrayag/server/src/main/kotlin/com/littlebridge/enrollplus/feature/platform/FeatureRegistryService.kt:208:41 Unresolved reference 'PlatformFeaturesTable'.
e: file:///C:/Users/HP/Devin1/VidyaPrayag/server/src/main/kotlin/com/littlebridge/enrollplus/feature/platform/FeatureRegistryService.kt:209:39 Unresolved reference 'PlatformFeaturesTable'.
e: file:///C:/Users/HP/Devin1/VidyaPrayag/server/src/main/kotlin/com/littlebridge/enrollplus/feature/platform/FeatureRegistryService.kt:210:42 Unresolved reference 'PlatformFeaturesTable'.
e: file:///C:/Users/HP/Devin1/VidyaPrayag/server/src/main/kotlin/com/littlebridge/enrollplus/feature/platform/FeatureRegistryService.kt:211:39 Unresolved reference 'PlatformFeaturesTable'.
e: file:///C:/Users/HP/Devin1/VidyaPrayag/server/src/main/kotlin/com/littlebridge/enrollplus/feature/platform/FeatureRegistryService.kt:212:47 Unresolved reference 'PlatformFeaturesTable'.
e: file:///C:/Users/HP/Devin1/VidyaPrayag/server/src/main/kotlin/com/littlebridge/enrollplus/feature/platform/FeatureRegistryService.kt:213:41 Unresolved reference 'PlatformFeaturesTable'.
e: file:///C:/Users/HP/Devin1/VidyaPrayag/server/src/main/kotlin/com/littlebridge/enrollplus/feature/platform/FeatureRegistryService.kt:214:41 Unresolved reference 'PlatformFeaturesTable'.
e: file:///C:/Users/HP/Devin1/VidyaPrayag/server/src/main/kotlin/com/littlebridge/enrollplus/feature/platform/FeatureRegistryService.kt:215:48 Unresolved reference 'PlatformFeaturesTable'.
e: file:///C:/Users/HP/Devin1/VidyaPrayag/server/src/main/kotlin/com/littlebridge/enrollplus/feature/platform/FeatureRegistryService.kt:216:48 Unresolved reference 'PlatformFeaturesTable'.
e: file:///C:/Users/HP/Devin1/VidyaPrayag/server/src/main/kotlin/com/littlebridge/enrollplus/feature/platform/FeatureRegistryService.kt:217:43 Unresolved reference 'PlatformFeaturesTable'.
e: file:///C:/Users/HP/Devin1/VidyaPrayag/server/src/main/kotlin/com/littlebridge/enrollplus/feature/platform/FeatureRegistryService.kt:218:45 Unresolved reference 'PlatformFeaturesTable'.
e: file:///C:/Users/HP/Devin1/VidyaPrayag/server/src/main/kotlin/com/littlebridge/enrollplus/feature/platform/FeatureRegistryService.kt:219:41 Unresolved reference 'PlatformFeaturesTable'.
e: file:///C:/Users/HP/Devin1/VidyaPrayag/server/src/main/kotlin/com/littlebridge/enrollplus/feature/platform/FeatureRegistryService.kt:220:49 Unresolved reference 'PlatformFeaturesTable'.
e: file:///C:/Users/HP/Devin1/VidyaPrayag/server/src/main/kotlin/com/littlebridge/enrollplus/feature/platform/FeatureRegistryService.kt:221:41 Unresolved reference 'PlatformFeaturesTable'.
e: file:///C:/Users/HP/Devin1/VidyaPrayag/server/src/main/kotlin/com/littlebridge/enrollplus/feature/platform/FeatureRegistryService.kt:222:37 Unresolved reference 'PlatformFeaturesTable'.
e: file:///C:/Users/HP/Devin1/VidyaPrayag/server/src/main/kotlin/com/littlebridge/enrollplus/feature/platform/FeatureRegistryService.kt:223:39 Unresolved reference 'PlatformFeaturesTable'.
e: file:///C:/Users/HP/Devin1/VidyaPrayag/server/src/main/kotlin/com/littlebridge/enrollplus/feature/platform/FeatureRegistryService.kt:224:46 Unresolved reference 'PlatformFeaturesTable'.
e: file:///C:/Users/HP/Devin1/VidyaPrayag/server/src/main/kotlin/com/littlebridge/enrollplus/feature/platform/FeatureRegistryService.kt:225:47 Unresolved reference 'PlatformFeaturesTable'.
e: file:///C:/Users/HP/Devin1/VidyaPrayag/server/src/main/kotlin/com/littlebridge/enrollplus/feature/platform/FeatureRegistryService.kt:226:47 Unresolved reference 'PlatformFeaturesTable'.
e: file:///C:/Users/HP/Devin1/VidyaPrayag/server/src/main/kotlin/com/littlebridge/enrollplus/feature/platform/FeatureRegistryService.kt:227:37 Unresolved reference 'PlatformFeaturesTable'.
e: file:///C:/Users/HP/Devin1/VidyaPrayag/server/src/main/kotlin/com/littlebridge/enrollplus/feature/platform/FeatureRegistryService.kt:228:41 Unresolved reference 'PlatformFeaturesTable'.
e: file:///C:/Users/HP/Devin1/VidyaPrayag/server/src/main/kotlin/com/littlebridge/enrollplus/feature/platform/FeatureRegistryService.kt:229:16 Unresolved reference 'PlatformFeaturesTable'.
e: file:///C:/Users/HP/Devin1/VidyaPrayag/server/src/main/kotlin/com/littlebridge/enrollplus/feature/platform/FeatureRegistryService.kt:230:16 Unresolved reference 'PlatformFeaturesTable'.
e: file:///C:/Users/HP/Devin1/VidyaPrayag/server/src/main/kotlin/com/littlebridge/enrollplus/feature/platform/FeatureRegistryService.kt:236:9 Unresolved reference 'PlatformFeaturesTable'.
e: file:///C:/Users/HP/Devin1/VidyaPrayag/server/src/main/kotlin/com/littlebridge/enrollplus/feature/platform/FeatureRegistryService.kt:236:48 Unresolved reference 'PlatformFeaturesTable'.
e: file:///C:/Users/HP/Devin1/VidyaPrayag/server/src/main/kotlin/com/littlebridge/enrollplus/feature/platform/FeatureRegistryService.kt:237:16 Unresolved reference 'PlatformFeaturesTable'.
e: file:///C:/Users/HP/Devin1/VidyaPrayag/server/src/main/kotlin/com/littlebridge/enrollplus/feature/platform/FeatureRegistryService.kt:238:16 Unresolved reference 'PlatformFeaturesTable'.
e: file:///C:/Users/HP/Devin1/VidyaPrayag/server/src/main/kotlin/com/littlebridge/enrollplus/feature/platform/FeatureRegistryService.kt:243:9 Unresolved reference 'PlatformFeaturesTable'.
e: file:///C:/Users/HP/Devin1/VidyaPrayag/server/src/main/kotlin/com/littlebridge/enrollplus/feature/platform/FeatureRegistryService.kt:243:48 Unresolved reference 'PlatformFeaturesTable'.
e: file:///C:/Users/HP/Devin1/VidyaPrayag/server/src/main/kotlin/com/littlebridge/enrollplus/feature/platform/FeatureRegistryService.kt:244:16 Unresolved reference 'PlatformFeaturesTable'.
e: file:///C:/Users/HP/Devin1/VidyaPrayag/server/src/main/kotlin/com/littlebridge/enrollplus/feature/platform/FeatureRegistryService.kt:245:16 Unresolved reference 'PlatformFeaturesTable'.
e: file:///C:/Users/HP/Devin1/VidyaPrayag/server/src/main/kotlin/com/littlebridge/enrollplus/feature/platform/FeatureRegistryService.kt:250:27 Unresolved reference 'PlatformFeaturesTable'.
e: file:///C:/Users/HP/Devin1/VidyaPrayag/server/src/main/kotlin/com/littlebridge/enrollplus/feature/platform/FeatureRegistryService.kt:251:22 Unresolved reference 'PlatformFeaturesTable'.
e: file:///C:/Users/HP/Devin1/VidyaPrayag/server/src/main/kotlin/com/littlebridge/enrollplus/feature/platform/FeatureRegistryService.kt:252:14 None of the following candidates is applicable:
fun orderBy(vararg order: Pair<Expression<*>, SortOrder>): Query
fun orderBy(column: Expression<*>, order: SortOrder): Query
e: file:///C:/Users/HP/Devin1/VidyaPrayag/server/src/main/kotlin/com/littlebridge/enrollplus/feature/platform/FeatureRegistryService.kt:252:22 Unresolved reference 'PlatformFeaturesTable'.
e: file:///C:/Users/HP/Devin1/VidyaPrayag/server/src/main/kotlin/com/littlebridge/enrollplus/feature/platform/FeatureRegistryService.kt:253:20 Unresolved reference 'it'.
e: file:///C:/Users/HP/Devin1/VidyaPrayag/server/src/main/kotlin/com/littlebridge/enrollplus/feature/platform/FeatureRegistryService.kt:264:9 Unresolved reference 'PlatformFeatureFlowsTable'.
e: file:///C:/Users/HP/Devin1/VidyaPrayag/server/src/main/kotlin/com/littlebridge/enrollplus/feature/platform/FeatureRegistryService.kt:265:22 Unresolved reference 'PlatformFeatureFlowsTable'.
e: file:///C:/Users/HP/Devin1/VidyaPrayag/server/src/main/kotlin/com/littlebridge/enrollplus/feature/platform/FeatureRegistryService.kt:266:22 Unresolved reference 'PlatformFeatureFlowsTable'.
e: file:///C:/Users/HP/Devin1/VidyaPrayag/server/src/main/kotlin/com/littlebridge/enrollplus/feature/platform/FeatureRegistryService.kt:269:26 Cannot infer type for this parameter. Specify it 
explicitly.
e: file:///C:/Users/HP/Devin1/VidyaPrayag/server/src/main/kotlin/com/littlebridge/enrollplus/feature/platform/FeatureRegistryService.kt:269:26 Not enough information to infer type argument for 
'T'.
e: file:///C:/Users/HP/Devin1/VidyaPrayag/server/src/main/kotlin/com/littlebridge/enrollplus/feature/platform/FeatureRegistryService.kt:269:30 Unresolved reference 'PlatformFeatureFlowsTable'.
e: file:///C:/Users/HP/Devin1/VidyaPrayag/server/src/main/kotlin/com/littlebridge/enrollplus/feature/platform/FeatureRegistryService.kt:269:60 Unresolved reference 'value'.
e: file:///C:/Users/HP/Devin1/VidyaPrayag/server/src/main/kotlin/com/littlebridge/enrollplus/feature/platform/FeatureRegistryService.kt:271:37 Unresolved reference 'PlatformFeatureFlowsTable'.
e: file:///C:/Users/HP/Devin1/VidyaPrayag/server/src/main/kotlin/com/littlebridge/enrollplus/feature/platform/FeatureRegistryService.kt:272:44 Unresolved reference 'PlatformFeatureFlowsTable'.
e: file:///C:/Users/HP/Devin1/VidyaPrayag/server/src/main/kotlin/com/littlebridge/enrollplus/feature/platform/FeatureRegistryService.kt:273:38 Unresolved reference 'PlatformFeatureFlowsTable'.
e: file:///C:/Users/HP/Devin1/VidyaPrayag/server/src/main/kotlin/com/littlebridge/enrollplus/feature/platform/FeatureRegistryService.kt:274:40 Unresolved reference 'PlatformFeatureFlowsTable'.
e: file:///C:/Users/HP/Devin1/VidyaPrayag/server/src/main/kotlin/com/littlebridge/enrollplus/feature/platform/FeatureRegistryService.kt:275:39 Unresolved reference 'PlatformFeatureFlowsTable'.
e: file:///C:/Users/HP/Devin1/VidyaPrayag/server/src/main/kotlin/com/littlebridge/enrollplus/feature/platform/FeatureRegistryService.kt:276:38 Unresolved reference 'PlatformFeatureFlowsTable'.
e: file:///C:/Users/HP/Devin1/VidyaPrayag/server/src/main/kotlin/com/littlebridge/enrollplus/feature/platform/FeatureRegistryService.kt:277:38 Unresolved reference 'PlatformFeatureFlowsTable'.
e: file:///C:/Users/HP/Devin1/VidyaPrayag/server/src/main/kotlin/com/littlebridge/enrollplus/feature/platform/FeatureRegistryService.kt:278:38 Unresolved reference 'PlatformFeatureFlowsTable'.
e: file:///C:/Users/HP/Devin1/VidyaPrayag/server/src/main/kotlin/com/littlebridge/enrollplus/feature/platform/FeatureRegistryService.kt:284:9 Unresolved reference 'PlatformFeatureFlowsTable'.
e: file:///C:/Users/HP/Devin1/VidyaPrayag/server/src/main/kotlin/com/littlebridge/enrollplus/feature/platform/FeatureRegistryService.kt:284:9 Cannot infer type for this parameter. Specify it 
explicitly.
e: file:///C:/Users/HP/Devin1/VidyaPrayag/server/src/main/kotlin/com/littlebridge/enrollplus/feature/platform/FeatureRegistryService.kt:284:9 Not enough information to infer type argument for 
'E'.
e: file:///C:/Users/HP/Devin1/VidyaPrayag/server/src/main/kotlin/com/littlebridge/enrollplus/feature/platform/FeatureRegistryService.kt:284:9 Not enough information to infer type argument for 
'T'.
e: file:///C:/Users/HP/Devin1/VidyaPrayag/server/src/main/kotlin/com/littlebridge/enrollplus/feature/platform/FeatureRegistryService.kt:285:13 Unresolved reference 'it'.
e: file:///C:/Users/HP/Devin1/VidyaPrayag/server/src/main/kotlin/com/littlebridge/enrollplus/feature/platform/FeatureRegistryService.kt:285:16 Unresolved reference 'PlatformFeatureFlowsTable'.
e: file:///C:/Users/HP/Devin1/VidyaPrayag/server/src/main/kotlin/com/littlebridge/enrollplus/feature/platform/FeatureRegistryService.kt:286:13 Unresolved reference 'it'.
e: file:///C:/Users/HP/Devin1/VidyaPrayag/server/src/main/kotlin/com/littlebridge/enrollplus/feature/platform/FeatureRegistryService.kt:286:16 Unresolved reference 'PlatformFeatureFlowsTable'.
e: file:///C:/Users/HP/Devin1/VidyaPrayag/server/src/main/kotlin/com/littlebridge/enrollplus/feature/platform/FeatureRegistryService.kt:287:13 Unresolved reference 'it'.
e: file:///C:/Users/HP/Devin1/VidyaPrayag/server/src/main/kotlin/com/littlebridge/enrollplus/feature/platform/FeatureRegistryService.kt:287:16 Unresolved reference 'PlatformFeatureFlowsTable'.
e: file:///C:/Users/HP/Devin1/VidyaPrayag/server/src/main/kotlin/com/littlebridge/enrollplus/feature/platform/FeatureRegistryService.kt:288:13 Unresolved reference 'it'.
e: file:///C:/Users/HP/Devin1/VidyaPrayag/server/src/main/kotlin/com/littlebridge/enrollplus/feature/platform/FeatureRegistryService.kt:288:16 Unresolved reference 'PlatformFeatureFlowsTable'.
e: file:///C:/Users/HP/Devin1/VidyaPrayag/server/src/main/kotlin/com/littlebridge/enrollplus/feature/platform/FeatureRegistryService.kt:289:13 Unresolved reference 'it'.
e: file:///C:/Users/HP/Devin1/VidyaPrayag/server/src/main/kotlin/com/littlebridge/enrollplus/feature/platform/FeatureRegistryService.kt:289:16 Unresolved reference 'PlatformFeatureFlowsTable'.
e: file:///C:/Users/HP/Devin1/VidyaPrayag/server/src/main/kotlin/com/littlebridge/enrollplus/feature/platform/FeatureRegistryService.kt:290:13 Unresolved reference 'it'.
e: file:///C:/Users/HP/Devin1/VidyaPrayag/server/src/main/kotlin/com/littlebridge/enrollplus/feature/platform/FeatureRegistryService.kt:290:16 Unresolved reference 'PlatformFeatureFlowsTable'.
e: file:///C:/Users/HP/Devin1/VidyaPrayag/server/src/main/kotlin/com/littlebridge/enrollplus/feature/platform/FeatureRegistryService.kt:291:13 Unresolved reference 'it'.
e: file:///C:/Users/HP/Devin1/VidyaPrayag/server/src/main/kotlin/com/littlebridge/enrollplus/feature/platform/FeatureRegistryService.kt:291:16 Unresolved reference 'PlatformFeatureFlowsTable'.
e: file:///C:/Users/HP/Devin1/VidyaPrayag/server/src/main/kotlin/com/littlebridge/enrollplus/feature/platform/FeatureRegistryService.kt:292:13 Unresolved reference 'it'.
e: file:///C:/Users/HP/Devin1/VidyaPrayag/server/src/main/kotlin/com/littlebridge/enrollplus/feature/platform/FeatureRegistryService.kt:292:16 Unresolved reference 'PlatformFeatureFlowsTable'.
e: file:///C:/Users/HP/Devin1/VidyaPrayag/server/src/main/kotlin/com/littlebridge/enrollplus/feature/platform/FeatureRegistryService.kt:293:13 Unresolved reference 'it'.
e: file:///C:/Users/HP/Devin1/VidyaPrayag/server/src/main/kotlin/com/littlebridge/enrollplus/feature/platform/FeatureRegistryService.kt:293:16 Unresolved reference 'PlatformFeatureFlowsTable'.
e: file:///C:/Users/HP/Devin1/VidyaPrayag/server/src/main/kotlin/com/littlebridge/enrollplus/feature/platform/FeatureRegistryService.kt:294:13 Unresolved reference 'it'.
e: file:///C:/Users/HP/Devin1/VidyaPrayag/server/src/main/kotlin/com/littlebridge/enrollplus/feature/platform/FeatureRegistryService.kt:294:16 Unresolved reference 'PlatformFeatureFlowsTable'.
e: file:///C:/Users/HP/Devin1/VidyaPrayag/server/src/main/kotlin/com/littlebridge/enrollplus/feature/platform/FeatureRegistryService.kt:295:13 Unresolved reference 'it'.
e: file:///C:/Users/HP/Devin1/VidyaPrayag/server/src/main/kotlin/com/littlebridge/enrollplus/feature/platform/FeatureRegistryService.kt:295:16 Unresolved reference 'PlatformFeatureFlowsTable'.
e: file:///C:/Users/HP/Devin1/VidyaPrayag/server/src/main/kotlin/com/littlebridge/enrollplus/feature/platform/FeatureRegistryService.kt:296:11 Unresolved reference 'PlatformFeatureFlowsTable'.
e: file:///C:/Users/HP/Devin1/VidyaPrayag/server/src/main/kotlin/com/littlebridge/enrollplus/feature/platform/FeatureRegistryService.kt:296:41 Unresolved reference 'value'.
e: file:///C:/Users/HP/Devin1/VidyaPrayag/server/src/main/kotlin/com/littlebridge/enrollplus/feature/platform/FeatureRegistryService.kt:300:9 Unresolved reference 'PlatformFeatureFlowsTable'.
e: file:///C:/Users/HP/Devin1/VidyaPrayag/server/src/main/kotlin/com/littlebridge/enrollplus/feature/platform/FeatureRegistryService.kt:300:52 Unresolved reference 'PlatformFeatureFlowsTable'.
e: file:///C:/Users/HP/Devin1/VidyaPrayag/server/src/main/kotlin/com/littlebridge/enrollplus/feature/platform/FeatureRegistryService.kt:301:42 Unresolved reference 'PlatformFeatureFlowsTable'.
e: file:///C:/Users/HP/Devin1/VidyaPrayag/server/src/main/kotlin/com/littlebridge/enrollplus/feature/platform/FeatureRegistryService.kt:302:49 Unresolved reference 'PlatformFeatureFlowsTable'.
e: file:///C:/Users/HP/Devin1/VidyaPrayag/server/src/main/kotlin/com/littlebridge/enrollplus/feature/platform/FeatureRegistryService.kt:303:43 Unresolved reference 'PlatformFeatureFlowsTable'.
e: file:///C:/Users/HP/Devin1/VidyaPrayag/server/src/main/kotlin/com/littlebridge/enrollplus/feature/platform/FeatureRegistryService.kt:304:45 Unresolved reference 'PlatformFeatureFlowsTable'.
e: file:///C:/Users/HP/Devin1/VidyaPrayag/server/src/main/kotlin/com/littlebridge/enrollplus/feature/platform/FeatureRegistryService.kt:305:44 Unresolved reference 'PlatformFeatureFlowsTable'.
e: file:///C:/Users/HP/Devin1/VidyaPrayag/server/src/main/kotlin/com/littlebridge/enrollplus/feature/platform/FeatureRegistryService.kt:306:43 Unresolved reference 'PlatformFeatureFlowsTable'.
e: file:///C:/Users/HP/Devin1/VidyaPrayag/server/src/main/kotlin/com/littlebridge/enrollplus/feature/platform/FeatureRegistryService.kt:307:43 Unresolved reference 'PlatformFeatureFlowsTable'.
e: file:///C:/Users/HP/Devin1/VidyaPrayag/server/src/main/kotlin/com/littlebridge/enrollplus/feature/platform/FeatureRegistryService.kt:308:43 Unresolved reference 'PlatformFeatureFlowsTable'.
e: file:///C:/Users/HP/Devin1/VidyaPrayag/server/src/main/kotlin/com/littlebridge/enrollplus/feature/platform/FeatureRegistryService.kt:309:16 Unresolved reference 'PlatformFeatureFlowsTable'.
e: file:///C:/Users/HP/Devin1/VidyaPrayag/server/src/main/kotlin/com/littlebridge/enrollplus/feature/platform/FeatureRegistryService.kt:314:9 Unresolved reference 'PlatformFeatureFlowsTable'.
e: file:///C:/Users/HP/Devin1/VidyaPrayag/server/src/main/kotlin/com/littlebridge/enrollplus/feature/platform/FeatureRegistryService.kt:314:35 Cannot infer type for this parameter. Specify it 
explicitly.
e: file:///C:/Users/HP/Devin1/VidyaPrayag/server/src/main/kotlin/com/littlebridge/enrollplus/feature/platform/FeatureRegistryService.kt:314:47 Cannot infer type for this parameter. Specify it 
explicitly.
e: file:///C:/Users/HP/Devin1/VidyaPrayag/server/src/main/kotlin/com/littlebridge/enrollplus/feature/platform/FeatureRegistryService.kt:314:49 Unresolved reference 'PlatformFeatureFlowsTable'.
e: file:///C:/Users/HP/Devin1/VidyaPrayag/server/src/main/kotlin/com/littlebridge/enrollplus/feature/platform/FeatureRegistryService.kt:320:9 Unresolved reference 'PlatformFeatureApisTable'.
e: file:///C:/Users/HP/Devin1/VidyaPrayag/server/src/main/kotlin/com/littlebridge/enrollplus/feature/platform/FeatureRegistryService.kt:321:22 Unresolved reference 'PlatformFeatureApisTable'.
e: file:///C:/Users/HP/Devin1/VidyaPrayag/server/src/main/kotlin/com/littlebridge/enrollplus/feature/platform/FeatureRegistryService.kt:322:22 Unresolved reference 'PlatformFeatureApisTable'.
e: file:///C:/Users/HP/Devin1/VidyaPrayag/server/src/main/kotlin/com/littlebridge/enrollplus/feature/platform/FeatureRegistryService.kt:327:9 Unresolved reference 'PlatformFeatureApisTable'.
e: file:///C:/Users/HP/Devin1/VidyaPrayag/server/src/main/kotlin/com/littlebridge/enrollplus/feature/platform/FeatureRegistryService.kt:327:9 Cannot infer type for this parameter. Specify it 
explicitly.
e: file:///C:/Users/HP/Devin1/VidyaPrayag/server/src/main/kotlin/com/littlebridge/enrollplus/feature/platform/FeatureRegistryService.kt:327:9 Not enough information to infer type argument for 
'E'.
e: file:///C:/Users/HP/Devin1/VidyaPrayag/server/src/main/kotlin/com/littlebridge/enrollplus/feature/platform/FeatureRegistryService.kt:327:9 Not enough information to infer type argument for 
'T'.
e: file:///C:/Users/HP/Devin1/VidyaPrayag/server/src/main/kotlin/com/littlebridge/enrollplus/feature/platform/FeatureRegistryService.kt:328:13 Unresolved reference 'it'.
e: file:///C:/Users/HP/Devin1/VidyaPrayag/server/src/main/kotlin/com/littlebridge/enrollplus/feature/platform/FeatureRegistryService.kt:328:16 Unresolved reference 'PlatformFeatureApisTable'.
e: file:///C:/Users/HP/Devin1/VidyaPrayag/server/src/main/kotlin/com/littlebridge/enrollplus/feature/platform/FeatureRegistryService.kt:329:13 Unresolved reference 'it'.
e: file:///C:/Users/HP/Devin1/VidyaPrayag/server/src/main/kotlin/com/littlebridge/enrollplus/feature/platform/FeatureRegistryService.kt:329:16 Unresolved reference 'PlatformFeatureApisTable'.
e: file:///C:/Users/HP/Devin1/VidyaPrayag/server/src/main/kotlin/com/littlebridge/enrollplus/feature/platform/FeatureRegistryService.kt:330:13 Unresolved reference 'it'.
e: file:///C:/Users/HP/Devin1/VidyaPrayag/server/src/main/kotlin/com/littlebridge/enrollplus/feature/platform/FeatureRegistryService.kt:330:16 Unresolved reference 'PlatformFeatureApisTable'.
e: file:///C:/Users/HP/Devin1/VidyaPrayag/server/src/main/kotlin/com/littlebridge/enrollplus/feature/platform/FeatureRegistryService.kt:331:13 Unresolved reference 'it'.
e: file:///C:/Users/HP/Devin1/VidyaPrayag/server/src/main/kotlin/com/littlebridge/enrollplus/feature/platform/FeatureRegistryService.kt:331:16 Unresolved reference 'PlatformFeatureApisTable'.
e: file:///C:/Users/HP/Devin1/VidyaPrayag/server/src/main/kotlin/com/littlebridge/enrollplus/feature/platform/FeatureRegistryService.kt:332:13 Unresolved reference 'it'.
e: file:///C:/Users/HP/Devin1/VidyaPrayag/server/src/main/kotlin/com/littlebridge/enrollplus/feature/platform/FeatureRegistryService.kt:332:16 Unresolved reference 'PlatformFeatureApisTable'.
e: file:///C:/Users/HP/Devin1/VidyaPrayag/server/src/main/kotlin/com/littlebridge/enrollplus/feature/platform/FeatureRegistryService.kt:333:13 Unresolved reference 'it'.
e: file:///C:/Users/HP/Devin1/VidyaPrayag/server/src/main/kotlin/com/littlebridge/enrollplus/feature/platform/FeatureRegistryService.kt:333:16 Unresolved reference 'PlatformFeatureApisTable'.
e: file:///C:/Users/HP/Devin1/VidyaPrayag/server/src/main/kotlin/com/littlebridge/enrollplus/feature/platform/FeatureRegistryService.kt:334:13 Unresolved reference 'it'.
e: file:///C:/Users/HP/Devin1/VidyaPrayag/server/src/main/kotlin/com/littlebridge/enrollplus/feature/platform/FeatureRegistryService.kt:334:16 Unresolved reference 'PlatformFeatureApisTable'.
e: file:///C:/Users/HP/Devin1/VidyaPrayag/server/src/main/kotlin/com/littlebridge/enrollplus/feature/platform/FeatureRegistryService.kt:335:13 Unresolved reference 'it'.
e: file:///C:/Users/HP/Devin1/VidyaPrayag/server/src/main/kotlin/com/littlebridge/enrollplus/feature/platform/FeatureRegistryService.kt:335:16 Unresolved reference 'PlatformFeatureApisTable'.
e: file:///C:/Users/HP/Devin1/VidyaPrayag/server/src/main/kotlin/com/littlebridge/enrollplus/feature/platform/FeatureRegistryService.kt:336:13 Unresolved reference 'it'.
e: file:///C:/Users/HP/Devin1/VidyaPrayag/server/src/main/kotlin/com/littlebridge/enrollplus/feature/platform/FeatureRegistryService.kt:336:16 Unresolved reference 'PlatformFeatureApisTable'.
e: file:///C:/Users/HP/Devin1/VidyaPrayag/server/src/main/kotlin/com/littlebridge/enrollplus/feature/platform/FeatureRegistryService.kt:337:13 Unresolved reference 'it'.
e: file:///C:/Users/HP/Devin1/VidyaPrayag/server/src/main/kotlin/com/littlebridge/enrollplus/feature/platform/FeatureRegistryService.kt:337:16 Unresolved reference 'PlatformFeatureApisTable'.
e: file:///C:/Users/HP/Devin1/VidyaPrayag/server/src/main/kotlin/com/littlebridge/enrollplus/feature/platform/FeatureRegistryService.kt:338:13 Unresolved reference 'it'.
e: file:///C:/Users/HP/Devin1/VidyaPrayag/server/src/main/kotlin/com/littlebridge/enrollplus/feature/platform/FeatureRegistryService.kt:338:16 Unresolved reference 'PlatformFeatureApisTable'.
e: file:///C:/Users/HP/Devin1/VidyaPrayag/server/src/main/kotlin/com/littlebridge/enrollplus/feature/platform/FeatureRegistryService.kt:339:13 Unresolved reference 'it'.
e: file:///C:/Users/HP/Devin1/VidyaPrayag/server/src/main/kotlin/com/littlebridge/enrollplus/feature/platform/FeatureRegistryService.kt:339:16 Unresolved reference 'PlatformFeatureApisTable'.
e: file:///C:/Users/HP/Devin1/VidyaPrayag/server/src/main/kotlin/com/littlebridge/enrollplus/feature/platform/FeatureRegistryService.kt:340:13 Unresolved reference 'it'.
e: file:///C:/Users/HP/Devin1/VidyaPrayag/server/src/main/kotlin/com/littlebridge/enrollplus/feature/platform/FeatureRegistryService.kt:340:16 Unresolved reference 'PlatformFeatureApisTable'.
e: file:///C:/Users/HP/Devin1/VidyaPrayag/server/src/main/kotlin/com/littlebridge/enrollplus/feature/platform/FeatureRegistryService.kt:341:11 Unresolved reference 'PlatformFeatureApisTable'.
e: file:///C:/Users/HP/Devin1/VidyaPrayag/server/src/main/kotlin/com/littlebridge/enrollplus/feature/platform/FeatureRegistryService.kt:341:40 Unresolved reference 'value'.
e: file:///C:/Users/HP/Devin1/VidyaPrayag/server/src/main/kotlin/com/littlebridge/enrollplus/feature/platform/FeatureRegistryService.kt:345:9 Unresolved reference 'PlatformFeatureApisTable'.
e: file:///C:/Users/HP/Devin1/VidyaPrayag/server/src/main/kotlin/com/littlebridge/enrollplus/feature/platform/FeatureRegistryService.kt:345:51 Unresolved reference 'PlatformFeatureApisTable'.
e: file:///C:/Users/HP/Devin1/VidyaPrayag/server/src/main/kotlin/com/littlebridge/enrollplus/feature/platform/FeatureRegistryService.kt:346:41 Unresolved reference 'PlatformFeatureApisTable'.
e: file:///C:/Users/HP/Devin1/VidyaPrayag/server/src/main/kotlin/com/littlebridge/enrollplus/feature/platform/FeatureRegistryService.kt:347:39 Unresolved reference 'PlatformFeatureApisTable'.
e: file:///C:/Users/HP/Devin1/VidyaPrayag/server/src/main/kotlin/com/littlebridge/enrollplus/feature/platform/FeatureRegistryService.kt:348:44 Unresolved reference 'PlatformFeatureApisTable'.
e: file:///C:/Users/HP/Devin1/VidyaPrayag/server/src/main/kotlin/com/littlebridge/enrollplus/feature/platform/FeatureRegistryService.kt:349:44 Unresolved reference 'PlatformFeatureApisTable'.
e: file:///C:/Users/HP/Devin1/VidyaPrayag/server/src/main/kotlin/com/littlebridge/enrollplus/feature/platform/FeatureRegistryService.kt:350:40 Unresolved reference 'PlatformFeatureApisTable'.
e: file:///C:/Users/HP/Devin1/VidyaPrayag/server/src/main/kotlin/com/littlebridge/enrollplus/feature/platform/FeatureRegistryService.kt:351:45 Unresolved reference 'PlatformFeatureApisTable'.
e: file:///C:/Users/HP/Devin1/VidyaPrayag/server/src/main/kotlin/com/littlebridge/enrollplus/feature/platform/FeatureRegistryService.kt:352:49 Unresolved reference 'PlatformFeatureApisTable'.
e: file:///C:/Users/HP/Devin1/VidyaPrayag/server/src/main/kotlin/com/littlebridge/enrollplus/feature/platform/FeatureRegistryService.kt:353:46 Unresolved reference 'PlatformFeatureApisTable'.
e: file:///C:/Users/HP/Devin1/VidyaPrayag/server/src/main/kotlin/com/littlebridge/enrollplus/feature/platform/FeatureRegistryService.kt:354:46 Unresolved reference 'PlatformFeatureApisTable'.
e: file:///C:/Users/HP/Devin1/VidyaPrayag/server/src/main/kotlin/com/littlebridge/enrollplus/feature/platform/FeatureRegistryService.kt:355:43 Unresolved reference 'PlatformFeatureApisTable'.
e: file:///C:/Users/HP/Devin1/VidyaPrayag/server/src/main/kotlin/com/littlebridge/enrollplus/feature/platform/FeatureRegistryService.kt:356:16 Unresolved reference 'PlatformFeatureApisTable'.
e: file:///C:/Users/HP/Devin1/VidyaPrayag/server/src/main/kotlin/com/littlebridge/enrollplus/feature/platform/FeatureRegistryService.kt:361:9 Unresolved reference 'PlatformFeatureApisTable'.
e: file:///C:/Users/HP/Devin1/VidyaPrayag/server/src/main/kotlin/com/littlebridge/enrollplus/feature/platform/FeatureRegistryService.kt:361:34 Cannot infer type for this parameter. Specify it 
explicitly.
e: file:///C:/Users/HP/Devin1/VidyaPrayag/server/src/main/kotlin/com/littlebridge/enrollplus/feature/platform/FeatureRegistryService.kt:361:46 Cannot infer type for this parameter. Specify it 
explicitly.
e: file:///C:/Users/HP/Devin1/VidyaPrayag/server/src/main/kotlin/com/littlebridge/enrollplus/feature/platform/FeatureRegistryService.kt:361:48 Unresolved reference 'PlatformFeatureApisTable'.
e: file:///C:/Users/HP/Devin1/VidyaPrayag/server/src/main/kotlin/com/littlebridge/enrollplus/feature/platform/FeatureRegistryService.kt:367:14 Cannot infer type for this parameter. Specify it 
explicitly.
e: file:///C:/Users/HP/Devin1/VidyaPrayag/server/src/main/kotlin/com/littlebridge/enrollplus/feature/platform/FeatureRegistryService.kt:367:14 Not enough information to infer type argument for 
'T'.
e: file:///C:/Users/HP/Devin1/VidyaPrayag/server/src/main/kotlin/com/littlebridge/enrollplus/feature/platform/FeatureRegistryService.kt:367:19 Unresolved reference 'PlatformScreensTable'.
e: file:///C:/Users/HP/Devin1/VidyaPrayag/server/src/main/kotlin/com/littlebridge/enrollplus/feature/platform/FeatureRegistryService.kt:367:44 Unresolved reference 'value'.
e: file:///C:/Users/HP/Devin1/VidyaPrayag/server/src/main/kotlin/com/littlebridge/enrollplus/feature/platform/FeatureRegistryService.kt:368:26 Unresolved reference 'PlatformScreensTable'.
e: file:///C:/Users/HP/Devin1/VidyaPrayag/server/src/main/kotlin/com/littlebridge/enrollplus/feature/platform/FeatureRegistryService.kt:369:21 Unresolved reference 'PlatformScreensTable'.
e: file:///C:/Users/HP/Devin1/VidyaPrayag/server/src/main/kotlin/com/littlebridge/enrollplus/feature/platform/FeatureRegistryService.kt:369:21 Argument type mismatch: actual type is 'String', 
but 'Expression<uninferred T (of fun <T> get)>' was expected.
e: file:///C:/Users/HP/Devin1/VidyaPrayag/server/src/main/kotlin/com/littlebridge/enrollplus/feature/platform/FeatureRegistryService.kt:370:22 Unresolved reference 'PlatformScreensTable'.
e: file:///C:/Users/HP/Devin1/VidyaPrayag/server/src/main/kotlin/com/littlebridge/enrollplus/feature/platform/FeatureRegistryService.kt:371:23 Unresolved reference 'PlatformScreensTable'.
e: file:///C:/Users/HP/Devin1/VidyaPrayag/server/src/main/kotlin/com/littlebridge/enrollplus/feature/platform/FeatureRegistryService.kt:372:24 Unresolved reference 'PlatformScreensTable'.
e: file:///C:/Users/HP/Devin1/VidyaPrayag/server/src/main/kotlin/com/littlebridge/enrollplus/feature/platform/FeatureRegistryService.kt:373:31 Unresolved reference 'PlatformScreensTable'.
e: file:///C:/Users/HP/Devin1/VidyaPrayag/server/src/main/kotlin/com/littlebridge/enrollplus/feature/platform/FeatureRegistryService.kt:374:28 Unresolved reference 'PlatformScreensTable'.
e: file:///C:/Users/HP/Devin1/VidyaPrayag/server/src/main/kotlin/com/littlebridge/enrollplus/feature/platform/FeatureRegistryService.kt:375:29 Unresolved reference 'PlatformScreensTable'.
e: file:///C:/Users/HP/Devin1/VidyaPrayag/server/src/main/kotlin/com/littlebridge/enrollplus/feature/platform/FeatureRegistryService.kt:376:34 Unresolved reference 'PlatformScreensTable'.
e: file:///C:/Users/HP/Devin1/VidyaPrayag/server/src/main/kotlin/com/littlebridge/enrollplus/feature/platform/FeatureRegistryService.kt:377:28 Unresolved reference 'PlatformScreensTable'.
e: file:///C:/Users/HP/Devin1/VidyaPrayag/server/src/main/kotlin/com/littlebridge/enrollplus/feature/platform/FeatureRegistryService.kt:378:30 Unresolved reference 'PlatformScreensTable'.
e: file:///C:/Users/HP/Devin1/VidyaPrayag/server/src/main/kotlin/com/littlebridge/enrollplus/feature/platform/FeatureRegistryService.kt:379:28 Unresolved reference 'PlatformScreensTable'.
e: file:///C:/Users/HP/Devin1/VidyaPrayag/server/src/main/kotlin/com/littlebridge/enrollplus/feature/platform/FeatureRegistryService.kt:380:22 Cannot infer type for this parameter. Specify it 
explicitly.
e: file:///C:/Users/HP/Devin1/VidyaPrayag/server/src/main/kotlin/com/littlebridge/enrollplus/feature/platform/FeatureRegistryService.kt:380:22 Not enough information to infer type argument for 
'T'.
e: file:///C:/Users/HP/Devin1/VidyaPrayag/server/src/main/kotlin/com/littlebridge/enrollplus/feature/platform/FeatureRegistryService.kt:380:27 Unresolved reference 'PlatformScreensTable'.
e: file:///C:/Users/HP/Devin1/VidyaPrayag/server/src/main/kotlin/com/littlebridge/enrollplus/feature/platform/FeatureRegistryService.kt:382:27 Unresolved reference 'PlatformScreensTable'.
e: file:///C:/Users/HP/Devin1/VidyaPrayag/server/src/main/kotlin/com/littlebridge/enrollplus/feature/platform/FeatureRegistryService.kt:383:25 Unresolved reference 'PlatformScreensTable'.
e: file:///C:/Users/HP/Devin1/VidyaPrayag/server/src/main/kotlin/com/littlebridge/enrollplus/feature/platform/FeatureRegistryService.kt:387:14 Cannot infer type for this parameter. Specify it 
explicitly.
e: file:///C:/Users/HP/Devin1/VidyaPrayag/server/src/main/kotlin/com/littlebridge/enrollplus/feature/platform/FeatureRegistryService.kt:387:14 Not enough information to infer type argument for 
'T'.
e: file:///C:/Users/HP/Devin1/VidyaPrayag/server/src/main/kotlin/com/littlebridge/enrollplus/feature/platform/FeatureRegistryService.kt:387:19 Unresolved reference 'PlatformFeatureApisTable'.
e: file:///C:/Users/HP/Devin1/VidyaPrayag/server/src/main/kotlin/com/littlebridge/enrollplus/feature/platform/FeatureRegistryService.kt:387:48 Unresolved reference 'value'.
e: file:///C:/Users/HP/Devin1/VidyaPrayag/server/src/main/kotlin/com/littlebridge/enrollplus/feature/platform/FeatureRegistryService.kt:388:22 Cannot infer type for this parameter. Specify it 
explicitly.
e: file:///C:/Users/HP/Devin1/VidyaPrayag/server/src/main/kotlin/com/littlebridge/enrollplus/feature/platform/FeatureRegistryService.kt:388:22 Not enough information to infer type argument for 
'T'.
e: file:///C:/Users/HP/Devin1/VidyaPrayag/server/src/main/kotlin/com/littlebridge/enrollplus/feature/platform/FeatureRegistryService.kt:388:27 Unresolved reference 'PlatformFeatureApisTable'.
e: file:///C:/Users/HP/Devin1/VidyaPrayag/server/src/main/kotlin/com/littlebridge/enrollplus/feature/platform/FeatureRegistryService.kt:389:25 Unresolved reference 'PlatformFeatureApisTable'.
e: file:///C:/Users/HP/Devin1/VidyaPrayag/server/src/main/kotlin/com/littlebridge/enrollplus/feature/platform/FeatureRegistryService.kt:390:23 Unresolved reference 'PlatformFeatureApisTable'.
e: file:///C:/Users/HP/Devin1/VidyaPrayag/server/src/main/kotlin/com/littlebridge/enrollplus/feature/platform/FeatureRegistryService.kt:391:28 Unresolved reference 'PlatformFeatureApisTable'.
e: file:///C:/Users/HP/Devin1/VidyaPrayag/server/src/main/kotlin/com/littlebridge/enrollplus/feature/platform/FeatureRegistryService.kt:392:28 Unresolved reference 'PlatformFeatureApisTable'.
e: file:///C:/Users/HP/Devin1/VidyaPrayag/server/src/main/kotlin/com/littlebridge/enrollplus/feature/platform/FeatureRegistryService.kt:393:24 Unresolved reference 'PlatformFeatureApisTable'.
e: file:///C:/Users/HP/Devin1/VidyaPrayag/server/src/main/kotlin/com/littlebridge/enrollplus/feature/platform/FeatureRegistryService.kt:394:29 Unresolved reference 'PlatformFeatureApisTable'.
e: file:///C:/Users/HP/Devin1/VidyaPrayag/server/src/main/kotlin/com/littlebridge/enrollplus/feature/platform/FeatureRegistryService.kt:395:33 Unresolved reference 'PlatformFeatureApisTable'.
e: file:///C:/Users/HP/Devin1/VidyaPrayag/server/src/main/kotlin/com/littlebridge/enrollplus/feature/platform/FeatureRegistryService.kt:396:30 Unresolved reference 'PlatformFeatureApisTable'.
e: file:///C:/Users/HP/Devin1/VidyaPrayag/server/src/main/kotlin/com/littlebridge/enrollplus/feature/platform/FeatureRegistryService.kt:397:30 Unresolved reference 'PlatformFeatureApisTable'.
e: file:///C:/Users/HP/Devin1/VidyaPrayag/server/src/main/kotlin/com/littlebridge/enrollplus/feature/platform/FeatureRegistryService.kt:398:27 Unresolved reference 'PlatformFeatureApisTable'.
e: file:///C:/Users/HP/Devin1/VidyaPrayag/server/src/main/kotlin/com/littlebridge/enrollplus/feature/platform/FeatureRegistryService.kt:402:14 Cannot infer type for this parameter. Specify it 
explicitly.
e: file:///C:/Users/HP/Devin1/VidyaPrayag/server/src/main/kotlin/com/littlebridge/enrollplus/feature/platform/FeatureRegistryService.kt:402:14 Not enough information to infer type argument for 
'T'.
e: file:///C:/Users/HP/Devin1/VidyaPrayag/server/src/main/kotlin/com/littlebridge/enrollplus/feature/platform/FeatureRegistryService.kt:402:19 Unresolved reference 'PlatformTestCasesTable'.
e: file:///C:/Users/HP/Devin1/VidyaPrayag/server/src/main/kotlin/com/littlebridge/enrollplus/feature/platform/FeatureRegistryService.kt:402:46 Unresolved reference 'value'.
e: file:///C:/Users/HP/Devin1/VidyaPrayag/server/src/main/kotlin/com/littlebridge/enrollplus/feature/platform/FeatureRegistryService.kt:403:24 Unresolved reference 'PlatformTestCasesTable'.
e: file:///C:/Users/HP/Devin1/VidyaPrayag/server/src/main/kotlin/com/littlebridge/enrollplus/feature/platform/FeatureRegistryService.kt:404:22 Cannot infer type for this parameter. Specify it 
explicitly.
e: file:///C:/Users/HP/Devin1/VidyaPrayag/server/src/main/kotlin/com/littlebridge/enrollplus/feature/platform/FeatureRegistryService.kt:404:22 Not enough information to infer type argument for 
'T'.
e: file:///C:/Users/HP/Devin1/VidyaPrayag/server/src/main/kotlin/com/littlebridge/enrollplus/feature/platform/FeatureRegistryService.kt:404:27 Unresolved reference 'PlatformTestCasesTable'.
e: file:///C:/Users/HP/Devin1/VidyaPrayag/server/src/main/kotlin/com/littlebridge/enrollplus/feature/platform/FeatureRegistryService.kt:406:21 Cannot infer type for this parameter. Specify it 
explicitly.
e: file:///C:/Users/HP/Devin1/VidyaPrayag/server/src/main/kotlin/com/littlebridge/enrollplus/feature/platform/FeatureRegistryService.kt:406:21 Not enough information to infer type argument for 
'T'.
e: file:///C:/Users/HP/Devin1/VidyaPrayag/server/src/main/kotlin/com/littlebridge/enrollplus/feature/platform/FeatureRegistryService.kt:406:26 Unresolved reference 'PlatformTestCasesTable'.
e: file:///C:/Users/HP/Devin1/VidyaPrayag/server/src/main/kotlin/com/littlebridge/enrollplus/feature/platform/FeatureRegistryService.kt:407:18 Cannot infer type for this parameter. Specify it 
explicitly.
e: file:///C:/Users/HP/Devin1/VidyaPrayag/server/src/main/kotlin/com/littlebridge/enrollplus/feature/platform/FeatureRegistryService.kt:407:18 Not enough information to infer type argument for 
'T'.
e: file:///C:/Users/HP/Devin1/VidyaPrayag/server/src/main/kotlin/com/littlebridge/enrollplus/feature/platform/FeatureRegistryService.kt:407:23 Unresolved reference 'PlatformTestCasesTable'.
e: file:///C:/Users/HP/Devin1/VidyaPrayag/server/src/main/kotlin/com/littlebridge/enrollplus/feature/platform/FeatureRegistryService.kt:408:22 Unresolved reference 'PlatformTestCasesTable'.
e: file:///C:/Users/HP/Devin1/VidyaPrayag/server/src/main/kotlin/com/littlebridge/enrollplus/feature/platform/FeatureRegistryService.kt:409:28 Unresolved reference 'PlatformTestCasesTable'.
e: file:///C:/Users/HP/Devin1/VidyaPrayag/server/src/main/kotlin/com/littlebridge/enrollplus/feature/platform/FeatureRegistryService.kt:410:30 Unresolved reference 'PlatformTestCasesTable'.
e: file:///C:/Users/HP/Devin1/VidyaPrayag/server/src/main/kotlin/com/littlebridge/enrollplus/feature/platform/FeatureRegistryService.kt:411:27 Unresolved reference 'PlatformTestCasesTable'.
e: file:///C:/Users/HP/Devin1/VidyaPrayag/server/src/main/kotlin/com/littlebridge/enrollplus/feature/platform/FeatureRegistryService.kt:412:32 Unresolved reference 'PlatformTestCasesTable'.
e: file:///C:/Users/HP/Devin1/VidyaPrayag/server/src/main/kotlin/com/littlebridge/enrollplus/feature/platform/FeatureRegistryService.kt:413:25 Unresolved reference 'PlatformTestCasesTable'.
e: file:///C:/Users/HP/Devin1/VidyaPrayag/server/src/main/kotlin/com/littlebridge/enrollplus/feature/platform/FeatureRegistryService.kt:414:26 Unresolved reference 'PlatformTestCasesTable'.
e: file:///C:/Users/HP/Devin1/VidyaPrayag/server/src/main/kotlin/com/littlebridge/enrollplus/feature/platform/FeatureRegistryService.kt:415:23 Unresolved reference 'PlatformTestCasesTable'.
e: file:///C:/Users/HP/Devin1/VidyaPrayag/server/src/main/kotlin/com/littlebridge/enrollplus/feature/platform/FeatureRegistryService.kt:416:23 Cannot infer type for this parameter. Specify it 
explicitly.
e: file:///C:/Users/HP/Devin1/VidyaPrayag/server/src/main/kotlin/com/littlebridge/enrollplus/feature/platform/FeatureRegistryService.kt:416:23 Not enough information to infer type argument for 
'T'.
e: file:///C:/Users/HP/Devin1/VidyaPrayag/server/src/main/kotlin/com/littlebridge/enrollplus/feature/platform/FeatureRegistryService.kt:416:28 Unresolved reference 'PlatformTestCasesTable'.
e: file:///C:/Users/HP/Devin1/VidyaPrayag/server/src/main/kotlin/com/littlebridge/enrollplus/feature/platform/FeatureRegistryService.kt:418:30 Unresolved reference 'PlatformTestCasesTable'.
e: file:///C:/Users/HP/Devin1/VidyaPrayag/server/src/main/kotlin/com/littlebridge/enrollplus/feature/platform/FeatureRegistryService.kt:419:28 Unresolved reference 'PlatformTestCasesTable'.
e: file:///C:/Users/HP/Devin1/VidyaPrayag/server/src/main/kotlin/com/littlebridge/enrollplus/feature/platform/FeatureRegistryService.kt:420:24 Unresolved reference 'PlatformTestCasesTable'.
e: file:///C:/Users/HP/Devin1/VidyaPrayag/server/src/main/kotlin/com/littlebridge/enrollplus/feature/platform/FeatureRegistryService.kt:421:28 Unresolved reference 'PlatformTestCasesTable'.
e: file:///C:/Users/HP/Devin1/VidyaPrayag/server/src/main/kotlin/com/littlebridge/enrollplus/feature/platform/FeatureRegistryService.kt:422:25 Unresolved reference 'PlatformTestCasesTable'.
e: file:///C:/Users/HP/Devin1/VidyaPrayag/server/src/main/kotlin/com/littlebridge/enrollplus/feature/platform/FeatureRegistryService.kt:423:26 Cannot infer type for this parameter. Specify it 
explicitly.
e: file:///C:/Users/HP/Devin1/VidyaPrayag/server/src/main/kotlin/com/littlebridge/enrollplus/feature/platform/FeatureRegistryService.kt:423:26 Not enough information to infer type argument for 
'T'.
e: file:///C:/Users/HP/Devin1/VidyaPrayag/server/src/main/kotlin/com/littlebridge/enrollplus/feature/platform/FeatureRegistryService.kt:423:31 Unresolved reference 'PlatformTestCasesTable'.
e: file:///C:/Users/HP/Devin1/VidyaPrayag/server/src/main/kotlin/com/littlebridge/enrollplus/feature/platform/FeatureRegistryService.kt:424:26 Cannot infer type for this parameter. Specify it 
explicitly.
e: file:///C:/Users/HP/Devin1/VidyaPrayag/server/src/main/kotlin/com/littlebridge/enrollplus/feature/platform/FeatureRegistryService.kt:424:26 Not enough information to infer type argument for 
'T'.
e: file:///C:/Users/HP/Devin1/VidyaPrayag/server/src/main/kotlin/com/littlebridge/enrollplus/feature/platform/FeatureRegistryService.kt:424:31 Unresolved reference 'PlatformTestCasesTable'.
e: file:///C:/Users/HP/Devin1/VidyaPrayag/server/src/main/kotlin/com/littlebridge/enrollplus/feature/platform/FeatureRegistryService.kt:425:31 Unresolved reference 'PlatformTestCasesTable'.
e: file:///C:/Users/HP/Devin1/VidyaPrayag/server/src/main/kotlin/com/littlebridge/enrollplus/feature/platform/FeatureRegistryService.kt:426:25 Unresolved reference 'PlatformTestCasesTable'.
e: file:///C:/Users/HP/Devin1/VidyaPrayag/server/src/main/kotlin/com/littlebridge/enrollplus/feature/platform/FeatureRegistryService.kt:427:22 Cannot infer type for this parameter. Specify it 
explicitly.
e: file:///C:/Users/HP/Devin1/VidyaPrayag/server/src/main/kotlin/com/littlebridge/enrollplus/feature/platform/FeatureRegistryService.kt:427:22 Not enough information to infer type argument for 
'T'.
e: file:///C:/Users/HP/Devin1/VidyaPrayag/server/src/main/kotlin/com/littlebridge/enrollplus/feature/platform/FeatureRegistryService.kt:427:27 Unresolved reference 'PlatformTestCasesTable'.
e: file:///C:/Users/HP/Devin1/VidyaPrayag/server/src/main/kotlin/com/littlebridge/enrollplus/feature/platform/FeatureRegistryService.kt:428:22 Cannot infer type for this parameter. Specify it 
explicitly.
e: file:///C:/Users/HP/Devin1/VidyaPrayag/server/src/main/kotlin/com/littlebridge/enrollplus/feature/platform/FeatureRegistryService.kt:428:22 Not enough information to infer type argument for 
'T'.
e: file:///C:/Users/HP/Devin1/VidyaPrayag/server/src/main/kotlin/com/littlebridge/enrollplus/feature/platform/FeatureRegistryService.kt:428:27 Unresolved reference 'PlatformTestCasesTable'.
e: file:///C:/Users/HP/Devin1/VidyaPrayag/server/src/main/kotlin/com/littlebridge/enrollplus/feature/platform/FeatureRegistryService.kt:432:14 Cannot infer type for this parameter. Specify it 
explicitly.
e: file:///C:/Users/HP/Devin1/VidyaPrayag/server/src/main/kotlin/com/littlebridge/enrollplus/feature/platform/FeatureRegistryService.kt:432:14 Not enough information to infer type argument for 
'T'.
e: file:///C:/Users/HP/Devin1/VidyaPrayag/server/src/main/kotlin/com/littlebridge/enrollplus/feature/platform/FeatureRegistryService.kt:432:19 Unresolved reference 'PlatformBugsTable'.
e: file:///C:/Users/HP/Devin1/VidyaPrayag/server/src/main/kotlin/com/littlebridge/enrollplus/feature/platform/FeatureRegistryService.kt:432:41 Unresolved reference 'value'.
e: file:///C:/Users/HP/Devin1/VidyaPrayag/server/src/main/kotlin/com/littlebridge/enrollplus/feature/platform/FeatureRegistryService.kt:433:23 Unresolved reference 'PlatformBugsTable'.
e: file:///C:/Users/HP/Devin1/VidyaPrayag/server/src/main/kotlin/com/littlebridge/enrollplus/feature/platform/FeatureRegistryService.kt:434:22 Unresolved reference 'PlatformBugsTable'.
e: file:///C:/Users/HP/Devin1/VidyaPrayag/server/src/main/kotlin/com/littlebridge/enrollplus/feature/platform/FeatureRegistryService.kt:435:23 Unresolved reference 'PlatformBugsTable'.
e: file:///C:/Users/HP/Devin1/VidyaPrayag/server/src/main/kotlin/com/littlebridge/enrollplus/feature/platform/FeatureRegistryService.kt:436:25 Unresolved reference 'PlatformBugsTable'.
e: file:///C:/Users/HP/Devin1/VidyaPrayag/server/src/main/kotlin/com/littlebridge/enrollplus/feature/platform/FeatureRegistryService.kt:437:25 Unresolved reference 'PlatformBugsTable'.
e: file:///C:/Users/HP/Devin1/VidyaPrayag/server/src/main/kotlin/com/littlebridge/enrollplus/feature/platform/FeatureRegistryService.kt:438:22 Cannot infer type for this parameter. Specify it 
explicitly.
e: file:///C:/Users/HP/Devin1/VidyaPrayag/server/src/main/kotlin/com/littlebridge/enrollplus/feature/platform/FeatureRegistryService.kt:438:22 Not enough information to infer type argument for 
'T'.
e: file:///C:/Users/HP/Devin1/VidyaPrayag/server/src/main/kotlin/com/littlebridge/enrollplus/feature/platform/FeatureRegistryService.kt:438:27 Unresolved reference 'PlatformBugsTable'.
e: file:///C:/Users/HP/Devin1/VidyaPrayag/server/src/main/kotlin/com/littlebridge/enrollplus/feature/platform/FeatureRegistryService.kt:440:23 Cannot infer type for this parameter. Specify it 
explicitly.
e: file:///C:/Users/HP/Devin1/VidyaPrayag/server/src/main/kotlin/com/littlebridge/enrollplus/feature/platform/FeatureRegistryService.kt:440:23 Not enough information to infer type argument for 
'T'.
e: file:///C:/Users/HP/Devin1/VidyaPrayag/server/src/main/kotlin/com/littlebridge/enrollplus/feature/platform/FeatureRegistryService.kt:440:28 Unresolved reference 'PlatformBugsTable'.
e: file:///C:/Users/HP/Devin1/VidyaPrayag/server/src/main/kotlin/com/littlebridge/enrollplus/feature/platform/FeatureRegistryService.kt:442:23 Cannot infer type for this parameter. Specify it 
explicitly.
e: file:///C:/Users/HP/Devin1/VidyaPrayag/server/src/main/kotlin/com/littlebridge/enrollplus/feature/platform/FeatureRegistryService.kt:442:23 Not enough information to infer type argument for 
'T'.
e: file:///C:/Users/HP/Devin1/VidyaPrayag/server/src/main/kotlin/com/littlebridge/enrollplus/feature/platform/FeatureRegistryService.kt:442:28 Unresolved reference 'PlatformBugsTable'.
e: file:///C:/Users/HP/Devin1/VidyaPrayag/server/src/main/kotlin/com/littlebridge/enrollplus/feature/platform/FeatureRegistryService.kt:444:22 Cannot infer type for this parameter. Specify it 
explicitly.
e: file:///C:/Users/HP/Devin1/VidyaPrayag/server/src/main/kotlin/com/littlebridge/enrollplus/feature/platform/FeatureRegistryService.kt:444:22 Not enough information to infer type argument for 
'T'.
e: file:///C:/Users/HP/Devin1/VidyaPrayag/server/src/main/kotlin/com/littlebridge/enrollplus/feature/platform/FeatureRegistryService.kt:444:27 Unresolved reference 'PlatformBugsTable'.
e: file:///C:/Users/HP/Devin1/VidyaPrayag/server/src/main/kotlin/com/littlebridge/enrollplus/feature/platform/FeatureRegistryService.kt:445:22 Cannot infer type for this parameter. Specify it 
explicitly.
e: file:///C:/Users/HP/Devin1/VidyaPrayag/server/src/main/kotlin/com/littlebridge/enrollplus/feature/platform/FeatureRegistryService.kt:445:22 Not enough information to infer type argument for 
'T'.
e: file:///C:/Users/HP/Devin1/VidyaPrayag/server/src/main/kotlin/com/littlebridge/enrollplus/feature/platform/FeatureRegistryService.kt:445:27 Unresolved reference 'PlatformBugsTable'.
e: file:///C:/Users/HP/Devin1/VidyaPrayag/server/src/main/kotlin/com/littlebridge/enrollplus/feature/platform/FeatureRegistryService.kt:446:22 Cannot infer type for this parameter. Specify it 
explicitly.
e: file:///C:/Users/HP/Devin1/VidyaPrayag/server/src/main/kotlin/com/littlebridge/enrollplus/feature/platform/FeatureRegistryService.kt:446:22 Not enough information to infer type argument for 
'T'.
e: file:///C:/Users/HP/Devin1/VidyaPrayag/server/src/main/kotlin/com/littlebridge/enrollplus/feature/platform/FeatureRegistryService.kt:446:27 Unresolved reference 'PlatformBugsTable'.
e: file:///C:/Users/HP/Devin1/VidyaPrayag/server/src/main/kotlin/com/littlebridge/enrollplus/feature/platform/GitChangeTrackingService.kt:4:39 Unresolved reference 'PlatformFeatureFilesTable'.
e: file:///C:/Users/HP/Devin1/VidyaPrayag/server/src/main/kotlin/com/littlebridge/enrollplus/feature/platform/GitChangeTrackingService.kt:40:21 Cannot infer type for this parameter. Specify it 
explicitly.
e: file:///C:/Users/HP/Devin1/VidyaPrayag/server/src/main/kotlin/com/littlebridge/enrollplus/feature/platform/GitChangeTrackingService.kt:40:21 Not enough information to infer type argument for 
'T'.
e: file:///C:/Users/HP/Devin1/VidyaPrayag/server/src/main/kotlin/com/littlebridge/enrollplus/feature/platform/GitChangeTrackingService.kt:41:13 Unresolved reference 'PlatformFeatureFilesTable'.
e: file:///C:/Users/HP/Devin1/VidyaPrayag/server/src/main/kotlin/com/littlebridge/enrollplus/feature/platform/GitChangeTrackingService.kt:41:51 Cannot infer type for this parameter. Specify it 
explicitly.
e: file:///C:/Users/HP/Devin1/VidyaPrayag/server/src/main/kotlin/com/littlebridge/enrollplus/feature/platform/GitChangeTrackingService.kt:41:51 Not enough information to infer type argument for 
'R'.
e: file:///C:/Users/HP/Devin1/VidyaPrayag/server/src/main/kotlin/com/littlebridge/enrollplus/feature/platform/GitChangeTrackingService.kt:41:55 Cannot infer type for this parameter. Specify it 
explicitly.
e: file:///C:/Users/HP/Devin1/VidyaPrayag/server/src/main/kotlin/com/littlebridge/enrollplus/feature/platform/GitChangeTrackingService.kt:42:17 Cannot infer type for this parameter. Specify it 
explicitly.
e: file:///C:/Users/HP/Devin1/VidyaPrayag/server/src/main/kotlin/com/littlebridge/enrollplus/feature/platform/GitChangeTrackingService.kt:42:17 Not enough information to infer type argument for 
'T'.
e: file:///C:/Users/HP/Devin1/VidyaPrayag/server/src/main/kotlin/com/littlebridge/enrollplus/feature/platform/GitChangeTrackingService.kt:42:21 Unresolved reference 'PlatformFeatureFilesTable'.
e: file:///C:/Users/HP/Devin1/VidyaPrayag/server/src/main/kotlin/com/littlebridge/enrollplus/feature/platform/GitChangeTrackingService.kt:42:51 Unresolved reference 'value'.
e: file:///C:/Users/HP/Devin1/VidyaPrayag/server/src/main/kotlin/com/littlebridge/enrollplus/feature/platform/GitChangeTrackingService.kt:42:57 Cannot infer type for this parameter. Specify it 
explicitly.
e: file:///C:/Users/HP/Devin1/VidyaPrayag/server/src/main/kotlin/com/littlebridge/enrollplus/feature/platform/GitChangeTrackingService.kt:42:57 Not enough information to infer type argument for 
'B'.
e: file:///C:/Users/HP/Devin1/VidyaPrayag/server/src/main/kotlin/com/littlebridge/enrollplus/feature/platform/GitChangeTrackingService.kt:42:60 Cannot infer type for this parameter. Specify it 
explicitly.
e: file:///C:/Users/HP/Devin1/VidyaPrayag/server/src/main/kotlin/com/littlebridge/enrollplus/feature/platform/GitChangeTrackingService.kt:42:60 Not enough information to infer type argument for 
'T'.
e: file:///C:/Users/HP/Devin1/VidyaPrayag/server/src/main/kotlin/com/littlebridge/enrollplus/feature/platform/GitChangeTrackingService.kt:42:64 Unresolved reference 'PlatformFeatureFilesTable'.
e: file:///C:/Users/HP/Devin1/VidyaPrayag/server/src/main/kotlin/com/littlebridge/enrollplus/feature/platform/GitChangeTrackingService.kt:46:32 Function 'component1()' is ambiguous for this 
expression: 
fun <T> Array<out T>.component1(): T
fun ByteArray.component1(): Byte
fun ShortArray.component1(): Short
fun IntArray.component1(): Int
fun LongArray.component1(): Long
fun FloatArray.component1(): Float
fun DoubleArray.component1(): Double
fun BooleanArray.component1(): Boolean
fun CharArray.component1(): Char
fun <T> List<T>.component1(): T
fun <K, V> Map.Entry<K, V>.component1(): K
fun UIntArray.component1(): UInt
fun ULongArray.component1(): ULong
fun UByteArray.component1(): UByte
fun UShortArray.component1(): UShort.
e: file:///C:/Users/HP/Devin1/VidyaPrayag/server/src/main/kotlin/com/littlebridge/enrollplus/feature/platform/GitChangeTrackingService.kt:46:32 Function 'component2()' is ambiguous for this 
expression: 
fun <T> Array<out T>.component2(): T
fun ByteArray.component2(): Byte
fun ShortArray.component2(): Short
fun IntArray.component2(): Int
fun LongArray.component2(): Long
fun FloatArray.component2(): Float
fun DoubleArray.component2(): Double
fun BooleanArray.component2(): Boolean
fun CharArray.component2(): Char
fun <T> List<T>.component2(): T
fun <K, V> Map.Entry<K, V>.component2(): V
fun UIntArray.component2(): UInt
fun ULongArray.component2(): ULong
fun UByteArray.component2(): UByte
fun UShortArray.component2(): UShort.
e: file:///C:/Users/HP/Devin1/VidyaPrayag/server/src/main/kotlin/com/littlebridge/enrollplus/feature/platform/GitChangeTrackingService.kt:46:32 Method 'iterator()' is ambiguous for this 
expression. Applicable candidates:
fun <T> Enumeration<T>.iterator(): Iterator<T>
fun <T> Iterator<T>.iterator(): Iterator<T>
fun <K, V> Map<out K, V>.iterator(): Iterator<Map.Entry<K, V>>
fun <K, V> MutableMap<K, V>.iterator(): MutableIterator<MutableMap.MutableEntry<K, V>>
fun CharSequence.iterator(): CharIterator
fun BufferedInputStream.iterator(): ByteIterator
e: file:///C:/Users/HP/Devin1/VidyaPrayag/server/src/main/kotlin/com/littlebridge/enrollplus/feature/platform/GitChangeTrackingService.kt:51:25 Unresolved reference 'PlatformFeatureFilesTable'.
e: file:///C:/Users/HP/Devin1/VidyaPrayag/server/src/main/kotlin/com/littlebridge/enrollplus/feature/platform/GitChangeTrackingService.kt:52:39 Unresolved reference 'PlatformFeatureFilesTable'.
e: file:///C:/Users/HP/Devin1/VidyaPrayag/server/src/main/kotlin/com/littlebridge/enrollplus/feature/platform/GitChangeTrackingService.kt:54:32 Unresolved reference 'PlatformFeatureFilesTable'.
e: file:///C:/Users/HP/Devin1/VidyaPrayag/server/src/main/kotlin/com/littlebridge/enrollplus/feature/platform/GitChangeTrackingService.kt:55:32 Unresolved reference 'PlatformFeatureFilesTable'.
e: file:///C:/Users/HP/Devin1/VidyaPrayag/server/src/main/kotlin/com/littlebridge/enrollplus/feature/platform/GitChangeTrackingService.kt:56:32 Unresolved reference 'PlatformFeatureFilesTable'.
e: file:///C:/Users/HP/Devin1/VidyaPrayag/server/src/main/kotlin/com/littlebridge/enrollplus/feature/platform/GitChangeTrackingService.kt:57:32 Unresolved reference 'PlatformFeatureFilesTable'.
e: file:///C:/Users/HP/Devin1/VidyaPrayag/server/src/main/kotlin/com/littlebridge/enrollplus/feature/platform/GitChangeTrackingService.kt:131:9 Unresolved reference 'PlatformFeatureFilesTable'.
e: file:///C:/Users/HP/Devin1/VidyaPrayag/server/src/main/kotlin/com/littlebridge/enrollplus/feature/platform/GitChangeTrackingService.kt:131:9 Cannot infer type for this parameter. Specify it 
explicitly.
e: file:///C:/Users/HP/Devin1/VidyaPrayag/server/src/main/kotlin/com/littlebridge/enrollplus/feature/platform/GitChangeTrackingService.kt:131:9 Not enough information to infer type argument for 
'E'.
e: file:///C:/Users/HP/Devin1/VidyaPrayag/server/src/main/kotlin/com/littlebridge/enrollplus/feature/platform/GitChangeTrackingService.kt:131:9 Not enough information to infer type argument for 
'T'.
e: file:///C:/Users/HP/Devin1/VidyaPrayag/server/src/main/kotlin/com/littlebridge/enrollplus/feature/platform/GitChangeTrackingService.kt:132:13 Unresolved reference 'it'.
e: file:///C:/Users/HP/Devin1/VidyaPrayag/server/src/main/kotlin/com/littlebridge/enrollplus/feature/platform/GitChangeTrackingService.kt:132:16 Unresolved reference 'PlatformFeatureFilesTable'.
e: file:///C:/Users/HP/Devin1/VidyaPrayag/server/src/main/kotlin/com/littlebridge/enrollplus/feature/platform/GitChangeTrackingService.kt:133:13 Unresolved reference 'it'.
e: file:///C:/Users/HP/Devin1/VidyaPrayag/server/src/main/kotlin/com/littlebridge/enrollplus/feature/platform/GitChangeTrackingService.kt:133:16 Unresolved reference 'PlatformFeatureFilesTable'.
e: file:///C:/Users/HP/Devin1/VidyaPrayag/server/src/main/kotlin/com/littlebridge/enrollplus/feature/platform/GitChangeTrackingService.kt:134:13 Unresolved reference 'it'.
e: file:///C:/Users/HP/Devin1/VidyaPrayag/server/src/main/kotlin/com/littlebridge/enrollplus/feature/platform/GitChangeTrackingService.kt:134:16 Unresolved reference 'PlatformFeatureFilesTable'.
e: file:///C:/Users/HP/Devin1/VidyaPrayag/server/src/main/kotlin/com/littlebridge/enrollplus/feature/platform/GitChangeTrackingService.kt:135:13 Unresolved reference 'it'.
e: file:///C:/Users/HP/Devin1/VidyaPrayag/server/src/main/kotlin/com/littlebridge/enrollplus/feature/platform/GitChangeTrackingService.kt:135:16 Unresolved reference 'PlatformFeatureFilesTable'.
e: file:///C:/Users/HP/Devin1/VidyaPrayag/server/src/main/kotlin/com/littlebridge/enrollplus/feature/platform/GitChangeTrackingService.kt:136:13 Unresolved reference 'it'.
e: file:///C:/Users/HP/Devin1/VidyaPrayag/server/src/main/kotlin/com/littlebridge/enrollplus/feature/platform/GitChangeTrackingService.kt:136:16 Unresolved reference 'PlatformFeatureFilesTable'.
e: file:///C:/Users/HP/Devin1/VidyaPrayag/server/src/main/kotlin/com/littlebridge/enrollplus/feature/platform/GitChangeTrackingService.kt:137:13 Unresolved reference 'it'.
e: file:///C:/Users/HP/Devin1/VidyaPrayag/server/src/main/kotlin/com/littlebridge/enrollplus/feature/platform/GitChangeTrackingService.kt:137:16 Unresolved reference 'PlatformFeatureFilesTable'.
e: file:///C:/Users/HP/Devin1/VidyaPrayag/server/src/main/kotlin/com/littlebridge/enrollplus/feature/platform/GitChangeTrackingService.kt:138:13 Unresolved reference 'it'.
e: file:///C:/Users/HP/Devin1/VidyaPrayag/server/src/main/kotlin/com/littlebridge/enrollplus/feature/platform/GitChangeTrackingService.kt:138:16 Unresolved reference 'PlatformFeatureFilesTable'.
e: file:///C:/Users/HP/Devin1/VidyaPrayag/server/src/main/kotlin/com/littlebridge/enrollplus/feature/platform/GitChangeTrackingService.kt:139:11 Unresolved reference 'PlatformFeatureFilesTable'.
e: file:///C:/Users/HP/Devin1/VidyaPrayag/server/src/main/kotlin/com/littlebridge/enrollplus/feature/platform/GitChangeTrackingService.kt:139:41 Unresolved reference 'value'.
e: file:///C:/Users/HP/Devin1/VidyaPrayag/server/src/main/kotlin/com/littlebridge/enrollplus/feature/platform/GitChangeTrackingService.kt:143:9 Unresolved reference 'PlatformFeatureFilesTable'.
e: file:///C:/Users/HP/Devin1/VidyaPrayag/server/src/main/kotlin/com/littlebridge/enrollplus/feature/platform/GitChangeTrackingService.kt:143:35 Cannot infer type for this parameter. Specify it 
explicitly.
e: file:///C:/Users/HP/Devin1/VidyaPrayag/server/src/main/kotlin/com/littlebridge/enrollplus/feature/platform/GitChangeTrackingService.kt:143:47 Cannot infer type for this parameter. Specify it 
explicitly.
e: file:///C:/Users/HP/Devin1/VidyaPrayag/server/src/main/kotlin/com/littlebridge/enrollplus/feature/platform/GitChangeTrackingService.kt:143:49 Unresolved reference 'PlatformFeatureFilesTable'.
e: file:///C:/Users/HP/Devin1/VidyaPrayag/server/src/main/kotlin/com/littlebridge/enrollplus/feature/platform/GitChangeTrackingService.kt:147:9 Unresolved reference 'PlatformFeatureFilesTable'.
e: file:///C:/Users/HP/Devin1/VidyaPrayag/server/src/main/kotlin/com/littlebridge/enrollplus/feature/platform/GitChangeTrackingService.kt:148:22 Unresolved reference 'PlatformFeatureFilesTable'.
e: file:///C:/Users/HP/Devin1/VidyaPrayag/server/src/main/kotlin/com/littlebridge/enrollplus/feature/platform/GitChangeTrackingService.kt:149:22 Unresolved reference 'PlatformFeatureFilesTable'.
e: file:///C:/Users/HP/Devin1/VidyaPrayag/server/src/main/kotlin/com/littlebridge/enrollplus/feature/platform/GitChangeTrackingService.kt:152:26 Cannot infer type for this parameter. Specify it 
explicitly.
e: file:///C:/Users/HP/Devin1/VidyaPrayag/server/src/main/kotlin/com/littlebridge/enrollplus/feature/platform/GitChangeTrackingService.kt:152:26 Not enough information to infer type argument 
for 'T'.
e: file:///C:/Users/HP/Devin1/VidyaPrayag/server/src/main/kotlin/com/littlebridge/enrollplus/feature/platform/GitChangeTrackingService.kt:152:30 Unresolved reference 'PlatformFeatureFilesTable'.
e: file:///C:/Users/HP/Devin1/VidyaPrayag/server/src/main/kotlin/com/littlebridge/enrollplus/feature/platform/GitChangeTrackingService.kt:152:60 Unresolved reference 'value'.
e: file:///C:/Users/HP/Devin1/VidyaPrayag/server/src/main/kotlin/com/littlebridge/enrollplus/feature/platform/GitChangeTrackingService.kt:154:37 Unresolved reference 'PlatformFeatureFilesTable'.
e: file:///C:/Users/HP/Devin1/VidyaPrayag/server/src/main/kotlin/com/littlebridge/enrollplus/feature/platform/GitChangeTrackingService.kt:155:37 Unresolved reference 'PlatformFeatureFilesTable'.
e: file:///C:/Users/HP/Devin1/VidyaPrayag/server/src/main/kotlin/com/littlebridge/enrollplus/feature/platform/GitChangeTrackingService.kt:156:40 Cannot infer type for this parameter. Specify it 
explicitly.
e: file:///C:/Users/HP/Devin1/VidyaPrayag/server/src/main/kotlin/com/littlebridge/enrollplus/feature/platform/GitChangeTrackingService.kt:156:40 Not enough information to infer type argument 
for 'T'.
e: file:///C:/Users/HP/Devin1/VidyaPrayag/server/src/main/kotlin/com/littlebridge/enrollplus/feature/platform/GitChangeTrackingService.kt:156:44 Unresolved reference 'PlatformFeatureFilesTable'.
e: file:///C:/Users/HP/Devin1/VidyaPrayag/server/src/main/kotlin/com/littlebridge/enrollplus/feature/platform/GitChangeTrackingService.kt:157:43 Unresolved reference 'PlatformFeatureFilesTable'.
e: file:///C:/Users/HP/Devin1/VidyaPrayag/server/src/main/kotlin/com/littlebridge/enrollplus/feature/platform/GitChangeTrackingService.kt:158:43 Unresolved reference 'PlatformFeatureFilesTable'.
e: file:///C:/Users/HP/Devin1/VidyaPrayag/server/src/main/kotlin/com/littlebridge/enrollplus/feature/platform/GitChangeTrackingService.kt:159:46 Unresolved reference 'PlatformFeatureFilesTable'.
e: file:///C:/Users/HP/Devin1/VidyaPrayag/server/src/main/kotlin/com/littlebridge/enrollplus/feature/platform/PlatformAuditService.kt:4:39 Unresolved reference 'PlatformAuditLogTable'.
e: file:///C:/Users/HP/Devin1/VidyaPrayag/server/src/main/kotlin/com/littlebridge/enrollplus/feature/platform/PlatformAuditService.kt:26:9 Cannot infer type for this parameter. Specify it 
explicitly.
e: file:///C:/Users/HP/Devin1/VidyaPrayag/server/src/main/kotlin/com/littlebridge/enrollplus/feature/platform/PlatformAuditService.kt:27:13 Unresolved reference 'PlatformAuditLogTable'.
e: file:///C:/Users/HP/Devin1/VidyaPrayag/server/src/main/kotlin/com/littlebridge/enrollplus/feature/platform/PlatformAuditService.kt:28:17 Unresolved reference 'it'.
e: file:///C:/Users/HP/Devin1/VidyaPrayag/server/src/main/kotlin/com/littlebridge/enrollplus/feature/platform/PlatformAuditService.kt:28:20 Unresolved reference 'PlatformAuditLogTable'.
e: file:///C:/Users/HP/Devin1/VidyaPrayag/server/src/main/kotlin/com/littlebridge/enrollplus/feature/platform/PlatformAuditService.kt:29:17 Unresolved reference 'it'.
e: file:///C:/Users/HP/Devin1/VidyaPrayag/server/src/main/kotlin/com/littlebridge/enrollplus/feature/platform/PlatformAuditService.kt:29:20 Unresolved reference 'PlatformAuditLogTable'.
e: file:///C:/Users/HP/Devin1/VidyaPrayag/server/src/main/kotlin/com/littlebridge/enrollplus/feature/platform/PlatformAuditService.kt:30:17 Unresolved reference 'it'.
e: file:///C:/Users/HP/Devin1/VidyaPrayag/server/src/main/kotlin/com/littlebridge/enrollplus/feature/platform/PlatformAuditService.kt:30:20 Unresolved reference 'PlatformAuditLogTable'.
e: file:///C:/Users/HP/Devin1/VidyaPrayag/server/src/main/kotlin/com/littlebridge/enrollplus/feature/platform/PlatformAuditService.kt:31:17 Unresolved reference 'it'.
e: file:///C:/Users/HP/Devin1/VidyaPrayag/server/src/main/kotlin/com/littlebridge/enrollplus/feature/platform/PlatformAuditService.kt:31:20 Unresolved reference 'PlatformAuditLogTable'.
e: file:///C:/Users/HP/Devin1/VidyaPrayag/server/src/main/kotlin/com/littlebridge/enrollplus/feature/platform/PlatformAuditService.kt:32:17 Unresolved reference 'it'.
e: file:///C:/Users/HP/Devin1/VidyaPrayag/server/src/main/kotlin/com/littlebridge/enrollplus/feature/platform/PlatformAuditService.kt:32:20 Unresolved reference 'PlatformAuditLogTable'.
e: file:///C:/Users/HP/Devin1/VidyaPrayag/server/src/main/kotlin/com/littlebridge/enrollplus/feature/platform/PlatformAuditService.kt:33:17 Unresolved reference 'it'.
e: file:///C:/Users/HP/Devin1/VidyaPrayag/server/src/main/kotlin/com/littlebridge/enrollplus/feature/platform/PlatformAuditService.kt:33:20 Unresolved reference 'PlatformAuditLogTable'.
e: file:///C:/Users/HP/Devin1/VidyaPrayag/server/src/main/kotlin/com/littlebridge/enrollplus/feature/platform/PlatformAuditService.kt:34:17 Unresolved reference 'it'.
e: file:///C:/Users/HP/Devin1/VidyaPrayag/server/src/main/kotlin/com/littlebridge/enrollplus/feature/platform/PlatformAuditService.kt:34:20 Unresolved reference 'PlatformAuditLogTable'.
e: file:///C:/Users/HP/Devin1/VidyaPrayag/server/src/main/kotlin/com/littlebridge/enrollplus/feature/platform/PlatformAuditService.kt:35:17 Unresolved reference 'it'.
e: file:///C:/Users/HP/Devin1/VidyaPrayag/server/src/main/kotlin/com/littlebridge/enrollplus/feature/platform/PlatformAuditService.kt:35:20 Unresolved reference 'PlatformAuditLogTable'.
e: file:///C:/Users/HP/Devin1/VidyaPrayag/server/src/main/kotlin/com/littlebridge/enrollplus/feature/platform/PlatformAuditService.kt:36:17 Unresolved reference 'it'.
e: file:///C:/Users/HP/Devin1/VidyaPrayag/server/src/main/kotlin/com/littlebridge/enrollplus/feature/platform/PlatformAuditService.kt:36:20 Unresolved reference 'PlatformAuditLogTable'.
e: file:///C:/Users/HP/Devin1/VidyaPrayag/server/src/main/kotlin/com/littlebridge/enrollplus/feature/platform/PlatformAuditService.kt:49:35 Unresolved reference 'PlatformAuditLogTable'.
e: file:///C:/Users/HP/Devin1/VidyaPrayag/server/src/main/kotlin/com/littlebridge/enrollplus/feature/platform/PlatformAuditService.kt:50:38 Unresolved reference 'PlatformAuditLogTable'.
e: file:///C:/Users/HP/Devin1/VidyaPrayag/server/src/main/kotlin/com/littlebridge/enrollplus/feature/platform/PlatformAuditService.kt:51:34 Unresolved reference 'PlatformAuditLogTable'.
e: file:///C:/Users/HP/Devin1/VidyaPrayag/server/src/main/kotlin/com/littlebridge/enrollplus/feature/platform/PlatformAuditService.kt:53:21 Unresolved reference 'PlatformAuditLogTable'.
e: file:///C:/Users/HP/Devin1/VidyaPrayag/server/src/main/kotlin/com/littlebridge/enrollplus/feature/platform/PlatformAuditService.kt:54:21 Unresolved reference 'PlatformAuditLogTable'.
e: file:///C:/Users/HP/Devin1/VidyaPrayag/server/src/main/kotlin/com/littlebridge/enrollplus/feature/platform/PlatformAuditService.kt:55:22 Unresolved reference 'PlatformAuditLogTable'.
e: file:///C:/Users/HP/Devin1/VidyaPrayag/server/src/main/kotlin/com/littlebridge/enrollplus/feature/platform/PlatformAuditService.kt:59:26 Cannot infer type for this parameter. Specify it 
explicitly.
e: file:///C:/Users/HP/Devin1/VidyaPrayag/server/src/main/kotlin/com/littlebridge/enrollplus/feature/platform/PlatformAuditService.kt:59:26 Not enough information to infer type argument for 'T'.
e: file:///C:/Users/HP/Devin1/VidyaPrayag/server/src/main/kotlin/com/littlebridge/enrollplus/feature/platform/PlatformAuditService.kt:59:30 Unresolved reference 'PlatformAuditLogTable'.
e: file:///C:/Users/HP/Devin1/VidyaPrayag/server/src/main/kotlin/com/littlebridge/enrollplus/feature/platform/PlatformAuditService.kt:59:56 Unresolved reference 'value'.
e: file:///C:/Users/HP/Devin1/VidyaPrayag/server/src/main/kotlin/com/littlebridge/enrollplus/feature/platform/PlatformAuditService.kt:60:32 Cannot infer type for this parameter. Specify it 
explicitly.
e: file:///C:/Users/HP/Devin1/VidyaPrayag/server/src/main/kotlin/com/littlebridge/enrollplus/feature/platform/PlatformAuditService.kt:60:32 Not enough information to infer type argument for 'T'.
e: file:///C:/Users/HP/Devin1/VidyaPrayag/server/src/main/kotlin/com/littlebridge/enrollplus/feature/platform/PlatformAuditService.kt:60:36 Unresolved reference 'PlatformAuditLogTable'.
e: file:///C:/Users/HP/Devin1/VidyaPrayag/server/src/main/kotlin/com/littlebridge/enrollplus/feature/platform/PlatformAuditService.kt:62:34 Unresolved reference 'PlatformAuditLogTable'.
e: file:///C:/Users/HP/Devin1/VidyaPrayag/server/src/main/kotlin/com/littlebridge/enrollplus/feature/platform/PlatformAuditService.kt:63:39 Unresolved reference 'PlatformAuditLogTable'.
e: file:///C:/Users/HP/Devin1/VidyaPrayag/server/src/main/kotlin/com/littlebridge/enrollplus/feature/platform/PlatformAuditService.kt:64:33 Cannot infer type for this parameter. Specify it 
explicitly.
e: file:///C:/Users/HP/Devin1/VidyaPrayag/server/src/main/kotlin/com/littlebridge/enrollplus/feature/platform/PlatformAuditService.kt:64:33 Not enough information to infer type argument for 'T'.
e: file:///C:/Users/HP/Devin1/VidyaPrayag/server/src/main/kotlin/com/littlebridge/enrollplus/feature/platform/PlatformAuditService.kt:64:37 Unresolved reference 'PlatformAuditLogTable'.
e: file:///C:/Users/HP/Devin1/VidyaPrayag/server/src/main/kotlin/com/littlebridge/enrollplus/feature/platform/PlatformAuditService.kt:65:40 Unresolved reference 'PlatformAuditLogTable'.
e: file:///C:/Users/HP/Devin1/VidyaPrayag/server/src/main/kotlin/com/littlebridge/enrollplus/feature/platform/PlatformAuditService.kt:66:40 Unresolved reference 'PlatformAuditLogTable'.
e: file:///C:/Users/HP/Devin1/VidyaPrayag/server/src/main/kotlin/com/littlebridge/enrollplus/feature/platform/PlatformAuditService.kt:67:38 Unresolved reference 'PlatformAuditLogTable'.
e: file:///C:/Users/HP/Devin1/VidyaPrayag/server/src/main/kotlin/com/littlebridge/enrollplus/feature/platform/PlatformAuditService.kt:68:38 Unresolved reference 'PlatformAuditLogTable'.
e: file:///C:/Users/HP/Devin1/VidyaPrayag/server/src/main/kotlin/com/littlebridge/enrollplus/feature/platform/PlatformAuditService.kt:69:34 Cannot infer type for this parameter. Specify it 
explicitly.
e: file:///C:/Users/HP/Devin1/VidyaPrayag/server/src/main/kotlin/com/littlebridge/enrollplus/feature/platform/PlatformAuditService.kt:69:34 Not enough information to infer type argument for 'T'.
e: file:///C:/Users/HP/Devin1/VidyaPrayag/server/src/main/kotlin/com/littlebridge/enrollplus/feature/platform/PlatformAuditService.kt:69:38 Unresolved reference 'PlatformAuditLogTable'.
e: file:///C:/Users/HP/Devin1/VidyaPrayag/server/src/main/kotlin/com/littlebridge/enrollplus/feature/platform/PlatformDashboardService.kt:4:39 Unresolved reference 'PlatformFeaturesTable'.
e: file:///C:/Users/HP/Devin1/VidyaPrayag/server/src/main/kotlin/com/littlebridge/enrollplus/feature/platform/PlatformDashboardService.kt:5:39 Unresolved reference 'PlatformTestCasesTable'.
e: file:///C:/Users/HP/Devin1/VidyaPrayag/server/src/main/kotlin/com/littlebridge/enrollplus/feature/platform/PlatformDashboardService.kt:6:39 Unresolved reference 'PlatformBugsTable'.
e: file:///C:/Users/HP/Devin1/VidyaPrayag/server/src/main/kotlin/com/littlebridge/enrollplus/feature/platform/PlatformDashboardService.kt:7:39 Unresolved reference 'PlatformAuditLogTable'.
e: file:///C:/Users/HP/Devin1/VidyaPrayag/server/src/main/kotlin/com/littlebridge/enrollplus/feature/platform/PlatformDashboardService.kt:8:39 Unresolved reference 'PlatformDiscoveredApisTable'.
e: file:///C:/Users/HP/Devin1/VidyaPrayag/server/src/main/kotlin/com/littlebridge/enrollplus/feature/platform/PlatformDashboardService.kt:17:29 Unresolved reference 'PlatformFeaturesTable'.
e: file:///C:/Users/HP/Devin1/VidyaPrayag/server/src/main/kotlin/com/littlebridge/enrollplus/feature/platform/PlatformDashboardService.kt:18:22 Unresolved reference 'PlatformFeaturesTable'.
e: file:///C:/Users/HP/Devin1/VidyaPrayag/server/src/main/kotlin/com/littlebridge/enrollplus/feature/platform/PlatformDashboardService.kt:19:30 Unresolved reference 'PlatformTestCasesTable'.
e: file:///C:/Users/HP/Devin1/VidyaPrayag/server/src/main/kotlin/com/littlebridge/enrollplus/feature/platform/PlatformDashboardService.kt:20:25 Unresolved reference 'PlatformBugsTable'.
e: file:///C:/Users/HP/Devin1/VidyaPrayag/server/src/main/kotlin/com/littlebridge/enrollplus/feature/platform/PlatformDashboardService.kt:21:24 Unresolved reference 'PlatformBugsTable'.
e: file:///C:/Users/HP/Devin1/VidyaPrayag/server/src/main/kotlin/com/littlebridge/enrollplus/feature/platform/PlatformDashboardService.kt:22:22 Unresolved reference 'PlatformBugsTable'.
e: file:///C:/Users/HP/Devin1/VidyaPrayag/server/src/main/kotlin/com/littlebridge/enrollplus/feature/platform/PlatformDashboardService.kt:24:33 Unresolved reference 'PlatformFeaturesTable'.
e: file:///C:/Users/HP/Devin1/VidyaPrayag/server/src/main/kotlin/com/littlebridge/enrollplus/feature/platform/PlatformDashboardService.kt:25:23 Unresolved reference 'PlatformFeaturesTable'.
e: file:///C:/Users/HP/Devin1/VidyaPrayag/server/src/main/kotlin/com/littlebridge/enrollplus/feature/platform/PlatformDashboardService.kt:25:71 Unresolved reference 'PlatformFeaturesTable'.
e: file:///C:/Users/HP/Devin1/VidyaPrayag/server/src/main/kotlin/com/littlebridge/enrollplus/feature/platform/PlatformDashboardService.kt:28:27 Unresolved reference 'PlatformTestCasesTable'.
e: file:///C:/Users/HP/Devin1/VidyaPrayag/server/src/main/kotlin/com/littlebridge/enrollplus/feature/platform/PlatformDashboardService.kt:28:70 Unresolved reference 'PlatformTestCasesTable'.
e: file:///C:/Users/HP/Devin1/VidyaPrayag/server/src/main/kotlin/com/littlebridge/enrollplus/feature/platform/PlatformDashboardService.kt:31:28 Unresolved reference 'PlatformBugsTable'.
e: file:///C:/Users/HP/Devin1/VidyaPrayag/server/src/main/kotlin/com/littlebridge/enrollplus/feature/platform/PlatformDashboardService.kt:32:23 Unresolved reference 'PlatformBugsTable'.
e: file:///C:/Users/HP/Devin1/VidyaPrayag/server/src/main/kotlin/com/littlebridge/enrollplus/feature/platform/PlatformDashboardService.kt:32:70 Unresolved reference 'PlatformBugsTable'.
e: file:///C:/Users/HP/Devin1/VidyaPrayag/server/src/main/kotlin/com/littlebridge/enrollplus/feature/platform/PlatformDashboardService.kt:33:24 Unresolved reference 'PlatformBugsTable'.
e: file:///C:/Users/HP/Devin1/VidyaPrayag/server/src/main/kotlin/com/littlebridge/enrollplus/feature/platform/PlatformDashboardService.kt:34:23 Unresolved reference 'PlatformBugsTable'.
e: file:///C:/Users/HP/Devin1/VidyaPrayag/server/src/main/kotlin/com/littlebridge/enrollplus/feature/platform/PlatformDashboardService.kt:34:67 Unresolved reference 'PlatformBugsTable'.
e: file:///C:/Users/HP/Devin1/VidyaPrayag/server/src/main/kotlin/com/littlebridge/enrollplus/feature/platform/PlatformDashboardService.kt:35:26 Unresolved reference 'PlatformBugsTable'.
e: file:///C:/Users/HP/Devin1/VidyaPrayag/server/src/main/kotlin/com/littlebridge/enrollplus/feature/platform/PlatformDashboardService.kt:36:23 Unresolved reference 'PlatformBugsTable'.
e: file:///C:/Users/HP/Devin1/VidyaPrayag/server/src/main/kotlin/com/littlebridge/enrollplus/feature/platform/PlatformDashboardService.kt:36:68 Unresolved reference 'PlatformBugsTable'.
e: file:///C:/Users/HP/Devin1/VidyaPrayag/server/src/main/kotlin/com/littlebridge/enrollplus/feature/platform/PlatformDashboardService.kt:39:31 Unresolved reference 'PlatformFeaturesTable'.
e: file:///C:/Users/HP/Devin1/VidyaPrayag/server/src/main/kotlin/com/littlebridge/enrollplus/feature/platform/PlatformDashboardService.kt:40:23 Unresolved reference 'PlatformFeaturesTable'.
e: file:///C:/Users/HP/Devin1/VidyaPrayag/server/src/main/kotlin/com/littlebridge/enrollplus/feature/platform/PlatformDashboardService.kt:40:71 Unresolved reference 'PlatformFeaturesTable'.
e: file:///C:/Users/HP/Devin1/VidyaPrayag/server/src/main/kotlin/com/littlebridge/enrollplus/feature/platform/PlatformDashboardService.kt:40:107 Cannot infer type for this parameter. Specify it 
explicitly.
e: file:///C:/Users/HP/Devin1/VidyaPrayag/server/src/main/kotlin/com/littlebridge/enrollplus/feature/platform/PlatformDashboardService.kt:41:28 Unresolved reference 'PlatformFeaturesTable'.
e: file:///C:/Users/HP/Devin1/VidyaPrayag/server/src/main/kotlin/com/littlebridge/enrollplus/feature/platform/PlatformDashboardService.kt:42:23 Unresolved reference 'PlatformFeaturesTable'.
e: file:///C:/Users/HP/Devin1/VidyaPrayag/server/src/main/kotlin/com/littlebridge/enrollplus/feature/platform/PlatformDashboardService.kt:42:71 Unresolved reference 'PlatformFeaturesTable'.
e: file:///C:/Users/HP/Devin1/VidyaPrayag/server/src/main/kotlin/com/littlebridge/enrollplus/feature/platform/PlatformDashboardService.kt:42:107 Cannot infer type for this parameter. Specify it 
explicitly.
e: file:///C:/Users/HP/Devin1/VidyaPrayag/server/src/main/kotlin/com/littlebridge/enrollplus/feature/platform/PlatformDashboardService.kt:42:125 Unresolved reference 'PlatformFeaturesTable'.
e: file:///C:/Users/HP/Devin1/VidyaPrayag/server/src/main/kotlin/com/littlebridge/enrollplus/feature/platform/PlatformDashboardService.kt:52:27 Unresolved reference 'PlatformTestCasesTable'.
e: file:///C:/Users/HP/Devin1/VidyaPrayag/server/src/main/kotlin/com/littlebridge/enrollplus/feature/platform/PlatformDashboardService.kt:52:70 Unresolved reference 'PlatformTestCasesTable'.
e: file:///C:/Users/HP/Devin1/VidyaPrayag/server/src/main/kotlin/com/littlebridge/enrollplus/feature/platform/PlatformDashboardService.kt:74:9 Unresolved reference 'PlatformFeaturesTable'.
e: file:///C:/Users/HP/Devin1/VidyaPrayag/server/src/main/kotlin/com/littlebridge/enrollplus/feature/platform/PlatformDashboardService.kt:74:31 Cannot infer type for this parameter. Specify it 
explicitly.
e: file:///C:/Users/HP/Devin1/VidyaPrayag/server/src/main/kotlin/com/littlebridge/enrollplus/feature/platform/PlatformDashboardService.kt:74:37 Unresolved reference 'PlatformFeaturesTable'.
e: file:///C:/Users/HP/Devin1/VidyaPrayag/server/src/main/kotlin/com/littlebridge/enrollplus/feature/platform/PlatformDashboardService.kt:74:67 Unresolved reference 'PlatformFeaturesTable'.
e: file:///C:/Users/HP/Devin1/VidyaPrayag/server/src/main/kotlin/com/littlebridge/enrollplus/feature/platform/PlatformDashboardService.kt:75:14 Unresolved reference. None of the following 
candidates is applicable because of a receiver type mismatch:
fun FieldSet.selectAll(): Query
e: file:///C:/Users/HP/Devin1/VidyaPrayag/server/src/main/kotlin/com/littlebridge/enrollplus/feature/platform/PlatformDashboardService.kt:76:22 Unresolved reference 'PlatformFeaturesTable'.
e: file:///C:/Users/HP/Devin1/VidyaPrayag/server/src/main/kotlin/com/littlebridge/enrollplus/feature/platform/PlatformDashboardService.kt:77:22 Unresolved reference 'PlatformFeaturesTable'.
e: file:///C:/Users/HP/Devin1/VidyaPrayag/server/src/main/kotlin/com/littlebridge/enrollplus/feature/platform/PlatformDashboardService.kt:80:33 Unresolved reference 'PlatformFeaturesTable'.
e: file:///C:/Users/HP/Devin1/VidyaPrayag/server/src/main/kotlin/com/littlebridge/enrollplus/feature/platform/PlatformDashboardService.kt:81:33 Unresolved reference 'PlatformFeaturesTable'.
e: file:///C:/Users/HP/Devin1/VidyaPrayag/server/src/main/kotlin/com/littlebridge/enrollplus/feature/platform/PlatformDashboardService.kt:87:9 Unresolved reference 'PlatformFeaturesTable'.
e: file:///C:/Users/HP/Devin1/VidyaPrayag/server/src/main/kotlin/com/littlebridge/enrollplus/feature/platform/PlatformDashboardService.kt:87:31 Cannot infer type for this parameter. Specify it 
explicitly.
e: file:///C:/Users/HP/Devin1/VidyaPrayag/server/src/main/kotlin/com/littlebridge/enrollplus/feature/platform/PlatformDashboardService.kt:87:37 Unresolved reference 'PlatformFeaturesTable'.
e: file:///C:/Users/HP/Devin1/VidyaPrayag/server/src/main/kotlin/com/littlebridge/enrollplus/feature/platform/PlatformDashboardService.kt:87:69 Unresolved reference 'PlatformFeaturesTable'.
e: file:///C:/Users/HP/Devin1/VidyaPrayag/server/src/main/kotlin/com/littlebridge/enrollplus/feature/platform/PlatformDashboardService.kt:88:14 Unresolved reference. None of the following 
candidates is applicable because of a receiver type mismatch:
fun FieldSet.selectAll(): Query
e: file:///C:/Users/HP/Devin1/VidyaPrayag/server/src/main/kotlin/com/littlebridge/enrollplus/feature/platform/PlatformDashboardService.kt:89:22 Unresolved reference 'PlatformFeaturesTable'.
e: file:///C:/Users/HP/Devin1/VidyaPrayag/server/src/main/kotlin/com/littlebridge/enrollplus/feature/platform/PlatformDashboardService.kt:90:22 Unresolved reference 'PlatformFeaturesTable'.
e: file:///C:/Users/HP/Devin1/VidyaPrayag/server/src/main/kotlin/com/littlebridge/enrollplus/feature/platform/PlatformDashboardService.kt:93:33 Unresolved reference 'PlatformFeaturesTable'.
e: file:///C:/Users/HP/Devin1/VidyaPrayag/server/src/main/kotlin/com/littlebridge/enrollplus/feature/platform/PlatformDashboardService.kt:94:33 Unresolved reference 'PlatformFeaturesTable'.
e: file:///C:/Users/HP/Devin1/VidyaPrayag/server/src/main/kotlin/com/littlebridge/enrollplus/feature/platform/PlatformDashboardService.kt:100:9 Unresolved reference 'PlatformFeaturesTable'.
e: file:///C:/Users/HP/Devin1/VidyaPrayag/server/src/main/kotlin/com/littlebridge/enrollplus/feature/platform/PlatformDashboardService.kt:100:31 Cannot infer type for this parameter. Specify it 
explicitly.
e: file:///C:/Users/HP/Devin1/VidyaPrayag/server/src/main/kotlin/com/littlebridge/enrollplus/feature/platform/PlatformDashboardService.kt:100:37 Unresolved reference 'PlatformFeaturesTable'.
e: file:///C:/Users/HP/Devin1/VidyaPrayag/server/src/main/kotlin/com/littlebridge/enrollplus/feature/platform/PlatformDashboardService.kt:100:65 Unresolved reference 'PlatformFeaturesTable'.
e: file:///C:/Users/HP/Devin1/VidyaPrayag/server/src/main/kotlin/com/littlebridge/enrollplus/feature/platform/PlatformDashboardService.kt:101:14 Unresolved reference. None of the following 
candidates is applicable because of a receiver type mismatch:
fun FieldSet.selectAll(): Query
e: file:///C:/Users/HP/Devin1/VidyaPrayag/server/src/main/kotlin/com/littlebridge/enrollplus/feature/platform/PlatformDashboardService.kt:102:23 Unresolved reference 'PlatformFeaturesTable'.
e: file:///C:/Users/HP/Devin1/VidyaPrayag/server/src/main/kotlin/com/littlebridge/enrollplus/feature/platform/PlatformDashboardService.kt:102:71 Unresolved reference 'PlatformFeaturesTable'.
e: file:///C:/Users/HP/Devin1/VidyaPrayag/server/src/main/kotlin/com/littlebridge/enrollplus/feature/platform/PlatformDashboardService.kt:102:98 Cannot infer type for this parameter. Specify it 
explicitly.
e: file:///C:/Users/HP/Devin1/VidyaPrayag/server/src/main/kotlin/com/littlebridge/enrollplus/feature/platform/PlatformDashboardService.kt:103:22 Unresolved reference 'PlatformFeaturesTable'.
e: file:///C:/Users/HP/Devin1/VidyaPrayag/server/src/main/kotlin/com/littlebridge/enrollplus/feature/platform/PlatformDashboardService.kt:106:33 Unresolved reference 'PlatformFeaturesTable'.
e: file:///C:/Users/HP/Devin1/VidyaPrayag/server/src/main/kotlin/com/littlebridge/enrollplus/feature/platform/PlatformDashboardService.kt:107:33 Unresolved reference 'PlatformFeaturesTable'.
e: file:///C:/Users/HP/Devin1/VidyaPrayag/server/src/main/kotlin/com/littlebridge/enrollplus/feature/platform/PlatformDashboardService.kt:114:22 Unresolved reference 'PlatformTestCasesTable'.
e: file:///C:/Users/HP/Devin1/VidyaPrayag/server/src/main/kotlin/com/littlebridge/enrollplus/feature/platform/PlatformDashboardService.kt:114:65 Unresolved reference 'PlatformTestCasesTable'.
e: file:///C:/Users/HP/Devin1/VidyaPrayag/server/src/main/kotlin/com/littlebridge/enrollplus/feature/platform/PlatformDashboardService.kt:115:22 Unresolved reference 'PlatformTestCasesTable'.
e: file:///C:/Users/HP/Devin1/VidyaPrayag/server/src/main/kotlin/com/littlebridge/enrollplus/feature/platform/PlatformDashboardService.kt:115:65 Unresolved reference 'PlatformTestCasesTable'.
e: file:///C:/Users/HP/Devin1/VidyaPrayag/server/src/main/kotlin/com/littlebridge/enrollplus/feature/platform/PlatformDashboardService.kt:116:23 Unresolved reference 'PlatformTestCasesTable'.
e: file:///C:/Users/HP/Devin1/VidyaPrayag/server/src/main/kotlin/com/littlebridge/enrollplus/feature/platform/PlatformDashboardService.kt:116:66 Unresolved reference 'PlatformTestCasesTable'.
e: file:///C:/Users/HP/Devin1/VidyaPrayag/server/src/main/kotlin/com/littlebridge/enrollplus/feature/platform/PlatformDashboardService.kt:117:23 Unresolved reference 'PlatformTestCasesTable'.
e: file:///C:/Users/HP/Devin1/VidyaPrayag/server/src/main/kotlin/com/littlebridge/enrollplus/feature/platform/PlatformDashboardService.kt:117:66 Unresolved reference 'PlatformTestCasesTable'.
e: file:///C:/Users/HP/Devin1/VidyaPrayag/server/src/main/kotlin/com/littlebridge/enrollplus/feature/platform/PlatformDashboardService.kt:118:27 Unresolved reference 'PlatformTestCasesTable'.
e: file:///C:/Users/HP/Devin1/VidyaPrayag/server/src/main/kotlin/com/littlebridge/enrollplus/feature/platform/PlatformDashboardService.kt:118:70 Unresolved reference 'PlatformTestCasesTable'.
e: file:///C:/Users/HP/Devin1/VidyaPrayag/server/src/main/kotlin/com/littlebridge/enrollplus/feature/platform/PlatformDashboardService.kt:119:27 Unresolved reference 'PlatformTestCasesTable'.
e: file:///C:/Users/HP/Devin1/VidyaPrayag/server/src/main/kotlin/com/littlebridge/enrollplus/feature/platform/PlatformDashboardService.kt:119:70 Unresolved reference 'PlatformTestCasesTable'.
e: file:///C:/Users/HP/Devin1/VidyaPrayag/server/src/main/kotlin/com/littlebridge/enrollplus/feature/platform/PlatformDashboardService.kt:125:24 Unresolved reference 'PlatformBugsTable'.
e: file:///C:/Users/HP/Devin1/VidyaPrayag/server/src/main/kotlin/com/littlebridge/enrollplus/feature/platform/PlatformDashboardService.kt:125:63 Unresolved reference 'PlatformBugsTable'.
e: file:///C:/Users/HP/Devin1/VidyaPrayag/server/src/main/kotlin/com/littlebridge/enrollplus/feature/platform/PlatformDashboardService.kt:125:110 Unresolved reference 'PlatformBugsTable'.
e: file:///C:/Users/HP/Devin1/VidyaPrayag/server/src/main/kotlin/com/littlebridge/enrollplus/feature/platform/PlatformDashboardService.kt:126:21 Unresolved reference 'PlatformBugsTable'.
e: file:///C:/Users/HP/Devin1/VidyaPrayag/server/src/main/kotlin/com/littlebridge/enrollplus/feature/platform/PlatformDashboardService.kt:126:60 Unresolved reference 'PlatformBugsTable'.
e: file:///C:/Users/HP/Devin1/VidyaPrayag/server/src/main/kotlin/com/littlebridge/enrollplus/feature/platform/PlatformDashboardService.kt:126:104 Unresolved reference 'PlatformBugsTable'.
e: file:///C:/Users/HP/Devin1/VidyaPrayag/server/src/main/kotlin/com/littlebridge/enrollplus/feature/platform/PlatformDashboardService.kt:127:22 Unresolved reference 'PlatformBugsTable'.
e: file:///C:/Users/HP/Devin1/VidyaPrayag/server/src/main/kotlin/com/littlebridge/enrollplus/feature/platform/PlatformDashboardService.kt:127:61 Unresolved reference 'PlatformBugsTable'.
e: file:///C:/Users/HP/Devin1/VidyaPrayag/server/src/main/kotlin/com/littlebridge/enrollplus/feature/platform/PlatformDashboardService.kt:127:106 Unresolved reference 'PlatformBugsTable'.
e: file:///C:/Users/HP/Devin1/VidyaPrayag/server/src/main/kotlin/com/littlebridge/enrollplus/feature/platform/PlatformDashboardService.kt:128:21 Unresolved reference 'PlatformBugsTable'.
e: file:///C:/Users/HP/Devin1/VidyaPrayag/server/src/main/kotlin/com/littlebridge/enrollplus/feature/platform/PlatformDashboardService.kt:128:60 Unresolved reference 'PlatformBugsTable'.
e: file:///C:/Users/HP/Devin1/VidyaPrayag/server/src/main/kotlin/com/littlebridge/enrollplus/feature/platform/PlatformDashboardService.kt:128:104 Unresolved reference 'PlatformBugsTable'.
e: file:///C:/Users/HP/Devin1/VidyaPrayag/server/src/main/kotlin/com/littlebridge/enrollplus/feature/platform/PlatformDashboardService.kt:129:24 Unresolved reference 'PlatformBugsTable'.
e: file:///C:/Users/HP/Devin1/VidyaPrayag/server/src/main/kotlin/com/littlebridge/enrollplus/feature/platform/PlatformDashboardService.kt:129:63 Unresolved reference 'PlatformBugsTable'.
e: file:///C:/Users/HP/Devin1/VidyaPrayag/server/src/main/kotlin/com/littlebridge/enrollplus/feature/platform/PlatformDashboardService.kt:129:110 Unresolved reference 'PlatformBugsTable'.
e: file:///C:/Users/HP/Devin1/VidyaPrayag/server/src/main/kotlin/com/littlebridge/enrollplus/feature/platform/PlatformDashboardService.kt:134:9 Unresolved reference 'PlatformAuditLogTable'.
e: file:///C:/Users/HP/Devin1/VidyaPrayag/server/src/main/kotlin/com/littlebridge/enrollplus/feature/platform/PlatformDashboardService.kt:135:22 Unresolved reference 'PlatformAuditLogTable'.
e: file:///C:/Users/HP/Devin1/VidyaPrayag/server/src/main/kotlin/com/littlebridge/enrollplus/feature/platform/PlatformDashboardService.kt:138:33 Cannot infer type for this parameter. Specify it 
explicitly.
e: file:///C:/Users/HP/Devin1/VidyaPrayag/server/src/main/kotlin/com/littlebridge/enrollplus/feature/platform/PlatformDashboardService.kt:138:33 Not enough information to infer type argument 
for 'T'.
e: file:///C:/Users/HP/Devin1/VidyaPrayag/server/src/main/kotlin/com/littlebridge/enrollplus/feature/platform/PlatformDashboardService.kt:138:37 Unresolved reference 'PlatformAuditLogTable'.
e: file:///C:/Users/HP/Devin1/VidyaPrayag/server/src/main/kotlin/com/littlebridge/enrollplus/feature/platform/PlatformDashboardService.kt:138:69 Cannot infer type for this parameter. Specify it 
explicitly.
e: file:///C:/Users/HP/Devin1/VidyaPrayag/server/src/main/kotlin/com/littlebridge/enrollplus/feature/platform/PlatformDashboardService.kt:138:69 Not enough information to infer type argument 
for 'T'.
e: file:///C:/Users/HP/Devin1/VidyaPrayag/server/src/main/kotlin/com/littlebridge/enrollplus/feature/platform/PlatformDashboardService.kt:138:69 Not enough information to infer type argument 
for 'R'.
e: file:///C:/Users/HP/Devin1/VidyaPrayag/server/src/main/kotlin/com/littlebridge/enrollplus/feature/platform/PlatformDashboardService.kt:138:75 Cannot infer type for this parameter. Specify it 
explicitly.
e: file:///C:/Users/HP/Devin1/VidyaPrayag/server/src/main/kotlin/com/littlebridge/enrollplus/feature/platform/PlatformDashboardService.kt:143:26 Cannot infer type for this parameter. Specify it 
explicitly.
e: file:///C:/Users/HP/Devin1/VidyaPrayag/server/src/main/kotlin/com/littlebridge/enrollplus/feature/platform/PlatformDashboardService.kt:143:26 Not enough information to infer type argument 
for 'T'.
e: file:///C:/Users/HP/Devin1/VidyaPrayag/server/src/main/kotlin/com/littlebridge/enrollplus/feature/platform/PlatformDashboardService.kt:143:30 Unresolved reference 'PlatformAuditLogTable'.
e: file:///C:/Users/HP/Devin1/VidyaPrayag/server/src/main/kotlin/com/littlebridge/enrollplus/feature/platform/PlatformDashboardService.kt:143:56 Unresolved reference 'value'.
e: file:///C:/Users/HP/Devin1/VidyaPrayag/server/src/main/kotlin/com/littlebridge/enrollplus/feature/platform/PlatformDashboardService.kt:144:32 Cannot infer type for this parameter. Specify it 
explicitly.
e: file:///C:/Users/HP/Devin1/VidyaPrayag/server/src/main/kotlin/com/littlebridge/enrollplus/feature/platform/PlatformDashboardService.kt:144:32 Not enough information to infer type argument 
for 'T'.
e: file:///C:/Users/HP/Devin1/VidyaPrayag/server/src/main/kotlin/com/littlebridge/enrollplus/feature/platform/PlatformDashboardService.kt:144:36 Unresolved reference 'PlatformAuditLogTable'.
e: file:///C:/Users/HP/Devin1/VidyaPrayag/server/src/main/kotlin/com/littlebridge/enrollplus/feature/platform/PlatformDashboardService.kt:146:34 Unresolved reference 'PlatformAuditLogTable'.
e: file:///C:/Users/HP/Devin1/VidyaPrayag/server/src/main/kotlin/com/littlebridge/enrollplus/feature/platform/PlatformDashboardService.kt:147:39 Unresolved reference 'PlatformAuditLogTable'.
e: file:///C:/Users/HP/Devin1/VidyaPrayag/server/src/main/kotlin/com/littlebridge/enrollplus/feature/platform/PlatformDashboardService.kt:148:33 Cannot infer type for this parameter. Specify it 
explicitly.
e: file:///C:/Users/HP/Devin1/VidyaPrayag/server/src/main/kotlin/com/littlebridge/enrollplus/feature/platform/PlatformDashboardService.kt:148:33 Not enough information to infer type argument 
for 'T'.
e: file:///C:/Users/HP/Devin1/VidyaPrayag/server/src/main/kotlin/com/littlebridge/enrollplus/feature/platform/PlatformDashboardService.kt:148:37 Unresolved reference 'PlatformAuditLogTable'.
e: file:///C:/Users/HP/Devin1/VidyaPrayag/server/src/main/kotlin/com/littlebridge/enrollplus/feature/platform/PlatformDashboardService.kt:149:34 Cannot infer type for this parameter. Specify it 
explicitly.
e: file:///C:/Users/HP/Devin1/VidyaPrayag/server/src/main/kotlin/com/littlebridge/enrollplus/feature/platform/PlatformDashboardService.kt:149:34 Not enough information to infer type argument 
for 'T'.
e: file:///C:/Users/HP/Devin1/VidyaPrayag/server/src/main/kotlin/com/littlebridge/enrollplus/feature/platform/PlatformDashboardService.kt:149:38 Unresolved reference 'PlatformAuditLogTable'.
e: file:///C:/Users/HP/Devin1/VidyaPrayag/server/src/main/kotlin/com/littlebridge/enrollplus/feature/platform/PlatformDashboardService.kt:155:9 Unresolved reference 'PlatformFeaturesTable'.
e: file:///C:/Users/HP/Devin1/VidyaPrayag/server/src/main/kotlin/com/littlebridge/enrollplus/feature/platform/PlatformDashboardService.kt:156:23 Unresolved reference 'PlatformFeaturesTable'.
e: file:///C:/Users/HP/Devin1/VidyaPrayag/server/src/main/kotlin/com/littlebridge/enrollplus/feature/platform/PlatformDashboardService.kt:156:71 Unresolved reference 'PlatformFeaturesTable'.
e: file:///C:/Users/HP/Devin1/VidyaPrayag/server/src/main/kotlin/com/littlebridge/enrollplus/feature/platform/PlatformDashboardService.kt:156:107 Cannot infer type for this parameter. Specify 
it explicitly.
e: file:///C:/Users/HP/Devin1/VidyaPrayag/server/src/main/kotlin/com/littlebridge/enrollplus/feature/platform/PlatformDashboardService.kt:157:22 Unresolved reference 'PlatformFeaturesTable'.
e: file:///C:/Users/HP/Devin1/VidyaPrayag/server/src/main/kotlin/com/littlebridge/enrollplus/feature/platform/PlatformDashboardService.kt:164:31 Unresolved reference 'PlatformFeaturesTable'.
e: file:///C:/Users/HP/Devin1/VidyaPrayag/server/src/main/kotlin/com/littlebridge/enrollplus/feature/platform/PlatformDashboardService.kt:165:23 Unresolved reference 'PlatformFeaturesTable'.
e: file:///C:/Users/HP/Devin1/VidyaPrayag/server/src/main/kotlin/com/littlebridge/enrollplus/feature/platform/PlatformDashboardService.kt:165:71 Unresolved reference 'PlatformFeaturesTable'.
e: file:///C:/Users/HP/Devin1/VidyaPrayag/server/src/main/kotlin/com/littlebridge/enrollplus/feature/platform/PlatformDashboardService.kt:166:28 Unresolved reference 'PlatformBugsTable'.
e: file:///C:/Users/HP/Devin1/VidyaPrayag/server/src/main/kotlin/com/littlebridge/enrollplus/feature/platform/PlatformDashboardService.kt:167:23 Unresolved reference 'PlatformBugsTable'.
e: file:///C:/Users/HP/Devin1/VidyaPrayag/server/src/main/kotlin/com/littlebridge/enrollplus/feature/platform/PlatformDashboardService.kt:167:70 Unresolved reference 'PlatformBugsTable'.
e: file:///C:/Users/HP/Devin1/VidyaPrayag/server/src/main/kotlin/com/littlebridge/enrollplus/feature/platform/PlatformDashboardService.kt:168:27 Unresolved reference 'PlatformBugsTable'.
e: file:///C:/Users/HP/Devin1/VidyaPrayag/server/src/main/kotlin/com/littlebridge/enrollplus/feature/platform/PlatformDashboardService.kt:169:23 Unresolved reference 'PlatformBugsTable'.
e: file:///C:/Users/HP/Devin1/VidyaPrayag/server/src/main/kotlin/com/littlebridge/enrollplus/feature/platform/PlatformDashboardService.kt:169:75 Unresolved reference 'PlatformBugsTable'.
e: file:///C:/Users/HP/Devin1/VidyaPrayag/server/src/main/kotlin/com/littlebridge/enrollplus/feature/platform/PlatformDashboardService.kt:170:32 Unresolved reference 'PlatformFeaturesTable'.
e: file:///C:/Users/HP/Devin1/VidyaPrayag/server/src/main/kotlin/com/littlebridge/enrollplus/feature/platform/PlatformDashboardService.kt:171:23 Unresolved reference 'PlatformFeaturesTable'.
e: file:///C:/Users/HP/Devin1/VidyaPrayag/server/src/main/kotlin/com/littlebridge/enrollplus/feature/platform/PlatformDashboardService.kt:171:71 Unresolved reference 'PlatformFeaturesTable'.
e: file:///C:/Users/HP/Devin1/VidyaPrayag/server/src/main/kotlin/com/littlebridge/enrollplus/feature/platform/PlatformDashboardService.kt:172:24 Unresolved reference 
'PlatformDiscoveredApisTable'.
e: file:///C:/Users/HP/Devin1/VidyaPrayag/server/src/main/kotlin/com/littlebridge/enrollplus/feature/platform/PlatformDashboardService.kt:173:23 Unresolved reference 
'PlatformDiscoveredApisTable'.
e: file:///C:/Users/HP/Devin1/VidyaPrayag/server/src/main/kotlin/com/littlebridge/enrollplus/feature/platform/PlatformDashboardService.kt:173:73 Unresolved reference 
'PlatformDiscoveredApisTable'.
e: file:///C:/Users/HP/Devin1/VidyaPrayag/server/src/main/kotlin/com/littlebridge/enrollplus/feature/platform/PlatformDashboardService.kt:173:115 Cannot infer type for this parameter. Specify 
it explicitly.
e: file:///C:/Users/HP/Devin1/VidyaPrayag/server/src/main/kotlin/com/littlebridge/enrollplus/feature/platform/PlatformNotificationService.kt:4:39 Unresolved reference 
'PlatformNotificationsTable'.
e: file:///C:/Users/HP/Devin1/VidyaPrayag/server/src/main/kotlin/com/littlebridge/enrollplus/feature/platform/PlatformNotificationService.kt:25:9 Cannot infer type for this parameter. Specify 
it explicitly.
e: file:///C:/Users/HP/Devin1/VidyaPrayag/server/src/main/kotlin/com/littlebridge/enrollplus/feature/platform/PlatformNotificationService.kt:26:13 Unresolved reference 
'PlatformNotificationsTable'.
e: file:///C:/Users/HP/Devin1/VidyaPrayag/server/src/main/kotlin/com/littlebridge/enrollplus/feature/platform/PlatformNotificationService.kt:27:17 Unresolved reference 'it'.
e: file:///C:/Users/HP/Devin1/VidyaPrayag/server/src/main/kotlin/com/littlebridge/enrollplus/feature/platform/PlatformNotificationService.kt:27:20 Unresolved reference 
'PlatformNotificationsTable'.
e: file:///C:/Users/HP/Devin1/VidyaPrayag/server/src/main/kotlin/com/littlebridge/enrollplus/feature/platform/PlatformNotificationService.kt:28:17 Unresolved reference 'it'.
e: file:///C:/Users/HP/Devin1/VidyaPrayag/server/src/main/kotlin/com/littlebridge/enrollplus/feature/platform/PlatformNotificationService.kt:28:20 Unresolved reference 
'PlatformNotificationsTable'.
e: file:///C:/Users/HP/Devin1/VidyaPrayag/server/src/main/kotlin/com/littlebridge/enrollplus/feature/platform/PlatformNotificationService.kt:29:17 Unresolved reference 'it'.
e: file:///C:/Users/HP/Devin1/VidyaPrayag/server/src/main/kotlin/com/littlebridge/enrollplus/feature/platform/PlatformNotificationService.kt:29:20 Unresolved reference 
'PlatformNotificationsTable'.
e: file:///C:/Users/HP/Devin1/VidyaPrayag/server/src/main/kotlin/com/littlebridge/enrollplus/feature/platform/PlatformNotificationService.kt:30:17 Unresolved reference 'it'.
e: file:///C:/Users/HP/Devin1/VidyaPrayag/server/src/main/kotlin/com/littlebridge/enrollplus/feature/platform/PlatformNotificationService.kt:30:20 Unresolved reference 
'PlatformNotificationsTable'.
e: file:///C:/Users/HP/Devin1/VidyaPrayag/server/src/main/kotlin/com/littlebridge/enrollplus/feature/platform/PlatformNotificationService.kt:31:17 Unresolved reference 'it'.
e: file:///C:/Users/HP/Devin1/VidyaPrayag/server/src/main/kotlin/com/littlebridge/enrollplus/feature/platform/PlatformNotificationService.kt:31:20 Unresolved reference 
'PlatformNotificationsTable'.
e: file:///C:/Users/HP/Devin1/VidyaPrayag/server/src/main/kotlin/com/littlebridge/enrollplus/feature/platform/PlatformNotificationService.kt:32:17 Unresolved reference 'it'.
e: file:///C:/Users/HP/Devin1/VidyaPrayag/server/src/main/kotlin/com/littlebridge/enrollplus/feature/platform/PlatformNotificationService.kt:32:20 Unresolved reference 
'PlatformNotificationsTable'.
e: file:///C:/Users/HP/Devin1/VidyaPrayag/server/src/main/kotlin/com/littlebridge/enrollplus/feature/platform/PlatformNotificationService.kt:33:17 Unresolved reference 'it'.
e: file:///C:/Users/HP/Devin1/VidyaPrayag/server/src/main/kotlin/com/littlebridge/enrollplus/feature/platform/PlatformNotificationService.kt:33:20 Unresolved reference 
'PlatformNotificationsTable'.
e: file:///C:/Users/HP/Devin1/VidyaPrayag/server/src/main/kotlin/com/littlebridge/enrollplus/feature/platform/PlatformNotificationService.kt:34:17 Unresolved reference 'it'.
e: file:///C:/Users/HP/Devin1/VidyaPrayag/server/src/main/kotlin/com/littlebridge/enrollplus/feature/platform/PlatformNotificationService.kt:34:20 Unresolved reference 
'PlatformNotificationsTable'.
e: file:///C:/Users/HP/Devin1/VidyaPrayag/server/src/main/kotlin/com/littlebridge/enrollplus/feature/platform/PlatformNotificationService.kt:35:17 Unresolved reference 'it'.
e: file:///C:/Users/HP/Devin1/VidyaPrayag/server/src/main/kotlin/com/littlebridge/enrollplus/feature/platform/PlatformNotificationService.kt:35:20 Unresolved reference 
'PlatformNotificationsTable'.
e: file:///C:/Users/HP/Devin1/VidyaPrayag/server/src/main/kotlin/com/littlebridge/enrollplus/feature/platform/PlatformNotificationService.kt:41:9 Unresolved reference 
'PlatformNotificationsTable'.
e: file:///C:/Users/HP/Devin1/VidyaPrayag/server/src/main/kotlin/com/littlebridge/enrollplus/feature/platform/PlatformNotificationService.kt:41:56 Unresolved reference 
'PlatformNotificationsTable'.
e: file:///C:/Users/HP/Devin1/VidyaPrayag/server/src/main/kotlin/com/littlebridge/enrollplus/feature/platform/PlatformNotificationService.kt:42:22 Unresolved reference 
'PlatformNotificationsTable'.
e: file:///C:/Users/HP/Devin1/VidyaPrayag/server/src/main/kotlin/com/littlebridge/enrollplus/feature/platform/PlatformNotificationService.kt:46:26 Cannot infer type for this parameter. Specify 
it explicitly.
e: file:///C:/Users/HP/Devin1/VidyaPrayag/server/src/main/kotlin/com/littlebridge/enrollplus/feature/platform/PlatformNotificationService.kt:46:26 Not enough information to infer type argument 
for 'T'.
e: file:///C:/Users/HP/Devin1/VidyaPrayag/server/src/main/kotlin/com/littlebridge/enrollplus/feature/platform/PlatformNotificationService.kt:46:30 Unresolved reference 
'PlatformNotificationsTable'.
e: file:///C:/Users/HP/Devin1/VidyaPrayag/server/src/main/kotlin/com/littlebridge/enrollplus/feature/platform/PlatformNotificationService.kt:46:61 Unresolved reference 'value'.
e: file:///C:/Users/HP/Devin1/VidyaPrayag/server/src/main/kotlin/com/littlebridge/enrollplus/feature/platform/PlatformNotificationService.kt:47:36 Unresolved reference 
'PlatformNotificationsTable'.
e: file:///C:/Users/HP/Devin1/VidyaPrayag/server/src/main/kotlin/com/littlebridge/enrollplus/feature/platform/PlatformNotificationService.kt:47:36 Argument type mismatch: actual type is 
'CharCategory', but 'Expression<uninferred T (of fun <T> get)>' was expected.
e: file:///C:/Users/HP/Devin1/VidyaPrayag/server/src/main/kotlin/com/littlebridge/enrollplus/feature/platform/PlatformNotificationService.kt:48:33 Unresolved reference 
'PlatformNotificationsTable'.
e: file:///C:/Users/HP/Devin1/VidyaPrayag/server/src/main/kotlin/com/littlebridge/enrollplus/feature/platform/PlatformNotificationService.kt:49:32 Unresolved reference 
'PlatformNotificationsTable'.
e: file:///C:/Users/HP/Devin1/VidyaPrayag/server/src/main/kotlin/com/littlebridge/enrollplus/feature/platform/PlatformNotificationService.kt:50:39 Unresolved reference 
'PlatformNotificationsTable'.
e: file:///C:/Users/HP/Devin1/VidyaPrayag/server/src/main/kotlin/com/littlebridge/enrollplus/feature/platform/PlatformNotificationService.kt:51:33 Cannot infer type for this parameter. Specify 
it explicitly.
e: file:///C:/Users/HP/Devin1/VidyaPrayag/server/src/main/kotlin/com/littlebridge/enrollplus/feature/platform/PlatformNotificationService.kt:51:33 Not enough information to infer type argument 
for 'T'.
e: file:///C:/Users/HP/Devin1/VidyaPrayag/server/src/main/kotlin/com/littlebridge/enrollplus/feature/platform/PlatformNotificationService.kt:51:37 Unresolved reference 
'PlatformNotificationsTable'.
e: file:///C:/Users/HP/Devin1/VidyaPrayag/server/src/main/kotlin/com/littlebridge/enrollplus/feature/platform/PlatformNotificationService.kt:52:37 Unresolved reference 
'PlatformNotificationsTable'.
e: file:///C:/Users/HP/Devin1/VidyaPrayag/server/src/main/kotlin/com/littlebridge/enrollplus/feature/platform/PlatformNotificationService.kt:53:35 Unresolved reference 
'PlatformNotificationsTable'.
e: file:///C:/Users/HP/Devin1/VidyaPrayag/server/src/main/kotlin/com/littlebridge/enrollplus/feature/platform/PlatformNotificationService.kt:54:34 Cannot infer type for this parameter. Specify 
it explicitly.
e: file:///C:/Users/HP/Devin1/VidyaPrayag/server/src/main/kotlin/com/littlebridge/enrollplus/feature/platform/PlatformNotificationService.kt:54:34 Not enough information to infer type argument 
for 'T'.
e: file:///C:/Users/HP/Devin1/VidyaPrayag/server/src/main/kotlin/com/littlebridge/enrollplus/feature/platform/PlatformNotificationService.kt:54:38 Unresolved reference 
'PlatformNotificationsTable'.
e: file:///C:/Users/HP/Devin1/VidyaPrayag/server/src/main/kotlin/com/littlebridge/enrollplus/feature/platform/PlatformNotificationService.kt:60:9 Unresolved reference 
'PlatformNotificationsTable'.
e: file:///C:/Users/HP/Devin1/VidyaPrayag/server/src/main/kotlin/com/littlebridge/enrollplus/feature/platform/PlatformNotificationService.kt:61:23 Unresolved reference 
'PlatformNotificationsTable'.
e: file:///C:/Users/HP/Devin1/VidyaPrayag/server/src/main/kotlin/com/littlebridge/enrollplus/feature/platform/PlatformNotificationService.kt:61:73 Unresolved reference 
'PlatformNotificationsTable'.
e: file:///C:/Users/HP/Devin1/VidyaPrayag/server/src/main/kotlin/com/littlebridge/enrollplus/feature/platform/PlatformNotificationService.kt:66:9 Unresolved reference 
'PlatformNotificationsTable'.
e: file:///C:/Users/HP/Devin1/VidyaPrayag/server/src/main/kotlin/com/littlebridge/enrollplus/feature/platform/PlatformNotificationService.kt:67:24 Unresolved reference 
'PlatformNotificationsTable'.
e: file:///C:/Users/HP/Devin1/VidyaPrayag/server/src/main/kotlin/com/littlebridge/enrollplus/feature/platform/PlatformNotificationService.kt:67:66 Unresolved reference 
'PlatformNotificationsTable'.
e: file:///C:/Users/HP/Devin1/VidyaPrayag/server/src/main/kotlin/com/littlebridge/enrollplus/feature/platform/PlatformNotificationService.kt:68:16 Unresolved reference 
'PlatformNotificationsTable'.
e: file:///C:/Users/HP/Devin1/VidyaPrayag/server/src/main/kotlin/com/littlebridge/enrollplus/feature/platform/PlatformNotificationService.kt:72:9 Unresolved reference 
'PlatformNotificationsTable'.
e: file:///C:/Users/HP/Devin1/VidyaPrayag/server/src/main/kotlin/com/littlebridge/enrollplus/feature/platform/PlatformNotificationService.kt:73:23 Unresolved reference 
'PlatformNotificationsTable'.
e: file:///C:/Users/HP/Devin1/VidyaPrayag/server/src/main/kotlin/com/littlebridge/enrollplus/feature/platform/PlatformNotificationService.kt:74:16 Unresolved reference 
'PlatformNotificationsTable'.
e: file:///C:/Users/HP/Devin1/VidyaPrayag/server/src/main/kotlin/com/littlebridge/enrollplus/feature/platform/ScreenDiscoveryService.kt:4:39 Unresolved reference 
'PlatformDiscoveredScreensTable'.
e: file:///C:/Users/HP/Devin1/VidyaPrayag/server/src/main/kotlin/com/littlebridge/enrollplus/feature/platform/ScreenDiscoveryService.kt:5:39 Unresolved reference 'PlatformScreensTable'.
e: file:///C:/Users/HP/Devin1/VidyaPrayag/server/src/main/kotlin/com/littlebridge/enrollplus/feature/platform/ScreenDiscoveryService.kt:156:24 Unresolved reference 
'PlatformDiscoveredScreensTable'.
e: file:///C:/Users/HP/Devin1/VidyaPrayag/server/src/main/kotlin/com/littlebridge/enrollplus/feature/platform/ScreenDiscoveryService.kt:157:22 Unresolved reference 
'PlatformDiscoveredScreensTable'.
e: file:///C:/Users/HP/Devin1/VidyaPrayag/server/src/main/kotlin/com/littlebridge/enrollplus/feature/platform/ScreenDiscoveryService.kt:161:28 Unresolved reference 'PlatformScreensTable'.
e: file:///C:/Users/HP/Devin1/VidyaPrayag/server/src/main/kotlin/com/littlebridge/enrollplus/feature/platform/ScreenDiscoveryService.kt:162:22 Unresolved reference 'PlatformScreensTable'.
e: file:///C:/Users/HP/Devin1/VidyaPrayag/server/src/main/kotlin/com/littlebridge/enrollplus/feature/platform/ScreenDiscoveryService.kt:165:44 Cannot infer type for this parameter. Specify it 
explicitly.
e: file:///C:/Users/HP/Devin1/VidyaPrayag/server/src/main/kotlin/com/littlebridge/enrollplus/feature/platform/ScreenDiscoveryService.kt:165:44 Not enough information to infer type argument for 
'T'.
e: file:///C:/Users/HP/Devin1/VidyaPrayag/server/src/main/kotlin/com/littlebridge/enrollplus/feature/platform/ScreenDiscoveryService.kt:165:48 Unresolved reference 'PlatformScreensTable'.
e: file:///C:/Users/HP/Devin1/VidyaPrayag/server/src/main/kotlin/com/littlebridge/enrollplus/feature/platform/ScreenDiscoveryService.kt:165:74 Unresolved reference 'value'.
e: file:///C:/Users/HP/Devin1/VidyaPrayag/server/src/main/kotlin/com/littlebridge/enrollplus/feature/platform/ScreenDiscoveryService.kt:168:13 Unresolved reference 
'PlatformDiscoveredScreensTable'.
e: file:///C:/Users/HP/Devin1/VidyaPrayag/server/src/main/kotlin/com/littlebridge/enrollplus/feature/platform/ScreenDiscoveryService.kt:169:17 Unresolved reference 'it'.
e: file:///C:/Users/HP/Devin1/VidyaPrayag/server/src/main/kotlin/com/littlebridge/enrollplus/feature/platform/ScreenDiscoveryService.kt:169:20 Unresolved reference 
'PlatformDiscoveredScreensTable'.
e: file:///C:/Users/HP/Devin1/VidyaPrayag/server/src/main/kotlin/com/littlebridge/enrollplus/feature/platform/ScreenDiscoveryService.kt:170:17 Unresolved reference 'it'.
e: file:///C:/Users/HP/Devin1/VidyaPrayag/server/src/main/kotlin/com/littlebridge/enrollplus/feature/platform/ScreenDiscoveryService.kt:170:20 Unresolved reference 
'PlatformDiscoveredScreensTable'.
e: file:///C:/Users/HP/Devin1/VidyaPrayag/server/src/main/kotlin/com/littlebridge/enrollplus/feature/platform/ScreenDiscoveryService.kt:171:17 Unresolved reference 'it'.
e: file:///C:/Users/HP/Devin1/VidyaPrayag/server/src/main/kotlin/com/littlebridge/enrollplus/feature/platform/ScreenDiscoveryService.kt:171:20 Unresolved reference 
'PlatformDiscoveredScreensTable'.
e: file:///C:/Users/HP/Devin1/VidyaPrayag/server/src/main/kotlin/com/littlebridge/enrollplus/feature/platform/ScreenDiscoveryService.kt:172:17 Unresolved reference 'it'.
e: file:///C:/Users/HP/Devin1/VidyaPrayag/server/src/main/kotlin/com/littlebridge/enrollplus/feature/platform/ScreenDiscoveryService.kt:172:20 Unresolved reference 
'PlatformDiscoveredScreensTable'.
e: file:///C:/Users/HP/Devin1/VidyaPrayag/server/src/main/kotlin/com/littlebridge/enrollplus/feature/platform/ScreenDiscoveryService.kt:173:17 Unresolved reference 'it'.
e: file:///C:/Users/HP/Devin1/VidyaPrayag/server/src/main/kotlin/com/littlebridge/enrollplus/feature/platform/ScreenDiscoveryService.kt:173:20 Unresolved reference 
'PlatformDiscoveredScreensTable'.
e: file:///C:/Users/HP/Devin1/VidyaPrayag/server/src/main/kotlin/com/littlebridge/enrollplus/feature/platform/ScreenDiscoveryService.kt:174:17 Unresolved reference 'it'.
e: file:///C:/Users/HP/Devin1/VidyaPrayag/server/src/main/kotlin/com/littlebridge/enrollplus/feature/platform/ScreenDiscoveryService.kt:174:20 Unresolved reference 
'PlatformDiscoveredScreensTable'.
e: file:///C:/Users/HP/Devin1/VidyaPrayag/server/src/main/kotlin/com/littlebridge/enrollplus/feature/platform/ScreenDiscoveryService.kt:175:17 Unresolved reference 'it'.
e: file:///C:/Users/HP/Devin1/VidyaPrayag/server/src/main/kotlin/com/littlebridge/enrollplus/feature/platform/ScreenDiscoveryService.kt:175:20 Unresolved reference 
'PlatformDiscoveredScreensTable'.
e: file:///C:/Users/HP/Devin1/VidyaPrayag/server/src/main/kotlin/com/littlebridge/enrollplus/feature/platform/ScreenDiscoveryService.kt:176:17 Unresolved reference 'it'.
e: file:///C:/Users/HP/Devin1/VidyaPrayag/server/src/main/kotlin/com/littlebridge/enrollplus/feature/platform/ScreenDiscoveryService.kt:176:20 Unresolved reference 
'PlatformDiscoveredScreensTable'.
e: file:///C:/Users/HP/Devin1/VidyaPrayag/server/src/main/kotlin/com/littlebridge/enrollplus/feature/platform/ScreenDiscoveryService.kt:177:17 Unresolved reference 'it'.
e: file:///C:/Users/HP/Devin1/VidyaPrayag/server/src/main/kotlin/com/littlebridge/enrollplus/feature/platform/ScreenDiscoveryService.kt:177:20 Unresolved reference 
'PlatformDiscoveredScreensTable'.
e: file:///C:/Users/HP/Devin1/VidyaPrayag/server/src/main/kotlin/com/littlebridge/enrollplus/feature/platform/ScreenDiscoveryService.kt:178:17 Unresolved reference 'it'.
e: file:///C:/Users/HP/Devin1/VidyaPrayag/server/src/main/kotlin/com/littlebridge/enrollplus/feature/platform/ScreenDiscoveryService.kt:178:20 Unresolved reference 
'PlatformDiscoveredScreensTable'.
e: file:///C:/Users/HP/Devin1/VidyaPrayag/server/src/main/kotlin/com/littlebridge/enrollplus/feature/platform/ScreenDiscoveryService.kt:179:17 Unresolved reference 'it'.
e: file:///C:/Users/HP/Devin1/VidyaPrayag/server/src/main/kotlin/com/littlebridge/enrollplus/feature/platform/ScreenDiscoveryService.kt:179:20 Unresolved reference 
'PlatformDiscoveredScreensTable'.
e: file:///C:/Users/HP/Devin1/VidyaPrayag/server/src/main/kotlin/com/littlebridge/enrollplus/feature/platform/ScreenDiscoveryService.kt:180:17 Unresolved reference 'it'.
e: file:///C:/Users/HP/Devin1/VidyaPrayag/server/src/main/kotlin/com/littlebridge/enrollplus/feature/platform/ScreenDiscoveryService.kt:180:20 Unresolved reference 
'PlatformDiscoveredScreensTable'.
e: file:///C:/Users/HP/Devin1/VidyaPrayag/server/src/main/kotlin/com/littlebridge/enrollplus/feature/platform/ScreenDiscoveryService.kt:184:27 Cannot infer type for this parameter. Specify it 
explicitly.
e: file:///C:/Users/HP/Devin1/VidyaPrayag/server/src/main/kotlin/com/littlebridge/enrollplus/feature/platform/ScreenDiscoveryService.kt:184:36 Unresolved reference 
'PlatformDiscoveredScreensTable'.
e: file:///C:/Users/HP/Devin1/VidyaPrayag/server/src/main/kotlin/com/littlebridge/enrollplus/feature/platform/ScreenDiscoveryService.kt:184:36 Argument type mismatch: actual type is 'String', 
but 'Expression<uninferred T (of fun <T> get)>' was expected.
e: file:///C:/Users/HP/Devin1/VidyaPrayag/server/src/main/kotlin/com/littlebridge/enrollplus/feature/platform/ScreenDiscoveryService.kt:185:17 Cannot infer type for this parameter. Specify it 
explicitly.
e: file:///C:/Users/HP/Devin1/VidyaPrayag/server/src/main/kotlin/com/littlebridge/enrollplus/feature/platform/ScreenDiscoveryService.kt:185:17 Not enough information to infer type argument for 
'T'.
e: file:///C:/Users/HP/Devin1/VidyaPrayag/server/src/main/kotlin/com/littlebridge/enrollplus/feature/platform/ScreenDiscoveryService.kt:185:26 Unresolved reference 
'PlatformDiscoveredScreensTable'.
e: file:///C:/Users/HP/Devin1/VidyaPrayag/server/src/main/kotlin/com/littlebridge/enrollplus/feature/platform/ScreenDiscoveryService.kt:186:17 Cannot infer type for this parameter. Specify it 
explicitly.
e: file:///C:/Users/HP/Devin1/VidyaPrayag/server/src/main/kotlin/com/littlebridge/enrollplus/feature/platform/ScreenDiscoveryService.kt:186:17 Not enough information to infer type argument for 
'T'.
e: file:///C:/Users/HP/Devin1/VidyaPrayag/server/src/main/kotlin/com/littlebridge/enrollplus/feature/platform/ScreenDiscoveryService.kt:186:26 Unresolved reference 
'PlatformDiscoveredScreensTable'.
e: file:///C:/Users/HP/Devin1/VidyaPrayag/server/src/main/kotlin/com/littlebridge/enrollplus/feature/platform/ScreenDiscoveryService.kt:187:13 Unresolved reference 
'PlatformDiscoveredScreensTable'.
e: file:///C:/Users/HP/Devin1/VidyaPrayag/server/src/main/kotlin/com/littlebridge/enrollplus/feature/platform/ScreenDiscoveryService.kt:188:27 Unresolved reference 
'PlatformDiscoveredScreensTable'.
e: file:///C:/Users/HP/Devin1/VidyaPrayag/server/src/main/kotlin/com/littlebridge/enrollplus/feature/platform/ScreenDiscoveryService.kt:188:64 Cannot infer type for this parameter. Specify it 
explicitly.
e: file:///C:/Users/HP/Devin1/VidyaPrayag/server/src/main/kotlin/com/littlebridge/enrollplus/feature/platform/ScreenDiscoveryService.kt:188:73 Unresolved reference 
'PlatformDiscoveredScreensTable'.
e: file:///C:/Users/HP/Devin1/VidyaPrayag/server/src/main/kotlin/com/littlebridge/enrollplus/feature/platform/ScreenDiscoveryService.kt:190:17 None of the following candidates is applicable:
fun <S, ID : EntityID<S>, E : Expression<S>> set(column: Column<ID>, value: E): Unit
fun <S> set(column: Column<S>, value: S): Unit
fun <S> set(column: Column<S>, value: Query): Unit
fun <T, S : T?, E : Expression<S>> set(column: Column<T>, value: E): Unit
fun <S : Comparable<S>> set(column: Column<EntityID<S>>, value: S): Unit
fun <S : Comparable<S>> set(column: Column<EntityID<S>?>, value: S?): Unit
fun <S> set(column: CompositeColumn<S>, value: S): Unit
e: file:///C:/Users/HP/Devin1/VidyaPrayag/server/src/main/kotlin/com/littlebridge/enrollplus/feature/platform/ScreenDiscoveryService.kt:190:20 Unresolved reference 
'PlatformDiscoveredScreensTable'.
e: file:///C:/Users/HP/Devin1/VidyaPrayag/server/src/main/kotlin/com/littlebridge/enrollplus/feature/platform/ScreenDiscoveryService.kt:191:20 Unresolved reference 
'PlatformDiscoveredScreensTable'.
e: file:///C:/Users/HP/Devin1/VidyaPrayag/server/src/main/kotlin/com/littlebridge/enrollplus/feature/platform/ScreenDiscoveryService.kt:192:20 Unresolved reference 
'PlatformDiscoveredScreensTable'.
e: file:///C:/Users/HP/Devin1/VidyaPrayag/server/src/main/kotlin/com/littlebridge/enrollplus/feature/platform/ScreenDiscoveryService.kt:193:20 Unresolved reference 
'PlatformDiscoveredScreensTable'.
e: file:///C:/Users/HP/Devin1/VidyaPrayag/server/src/main/kotlin/com/littlebridge/enrollplus/feature/platform/ScreenDiscoveryService.kt:194:20 Unresolved reference 
'PlatformDiscoveredScreensTable'.
e: file:///C:/Users/HP/Devin1/VidyaPrayag/server/src/main/kotlin/com/littlebridge/enrollplus/feature/platform/ScreenDiscoveryService.kt:195:20 Unresolved reference 
'PlatformDiscoveredScreensTable'.
e: file:///C:/Users/HP/Devin1/VidyaPrayag/server/src/main/kotlin/com/littlebridge/enrollplus/feature/platform/ScreenDiscoveryService.kt:196:20 Unresolved reference 
'PlatformDiscoveredScreensTable'.
e: file:///C:/Users/HP/Devin1/VidyaPrayag/server/src/main/kotlin/com/littlebridge/enrollplus/feature/platform/ScreenDiscoveryService.kt:197:17 Cannot infer type for this parameter. Specify it 
explicitly.
e: file:///C:/Users/HP/Devin1/VidyaPrayag/server/src/main/kotlin/com/littlebridge/enrollplus/feature/platform/ScreenDiscoveryService.kt:197:17 Not enough information to infer type argument for 
'S'.
e: file:///C:/Users/HP/Devin1/VidyaPrayag/server/src/main/kotlin/com/littlebridge/enrollplus/feature/platform/ScreenDiscoveryService.kt:197:20 Unresolved reference 
'PlatformDiscoveredScreensTable'.
e: file:///C:/Users/HP/Devin1/VidyaPrayag/server/src/main/kotlin/com/littlebridge/enrollplus/feature/platform/ScreenDiscoveryService.kt:198:20 Unresolved reference 
'PlatformDiscoveredScreensTable'.
e: file:///C:/Users/HP/Devin1/VidyaPrayag/server/src/main/kotlin/com/littlebridge/enrollplus/feature/platform/ScreenDiscoveryService.kt:199:20 Unresolved reference 
'PlatformDiscoveredScreensTable'.
e: file:///C:/Users/HP/Devin1/VidyaPrayag/server/src/main/kotlin/com/littlebridge/enrollplus/feature/platform/ScreenDiscoveryService.kt:212:34 Unresolved reference 
'PlatformDiscoveredScreensTable'.
e: file:///C:/Users/HP/Devin1/VidyaPrayag/server/src/main/kotlin/com/littlebridge/enrollplus/feature/platform/ScreenDiscoveryService.kt:213:36 Unresolved reference 
'PlatformDiscoveredScreensTable'.
e: file:///C:/Users/HP/Devin1/VidyaPrayag/server/src/main/kotlin/com/littlebridge/enrollplus/feature/platform/ScreenDiscoveryService.kt:215:21 Unresolved reference 
'PlatformDiscoveredScreensTable'.
e: file:///C:/Users/HP/Devin1/VidyaPrayag/server/src/main/kotlin/com/littlebridge/enrollplus/feature/platform/ScreenDiscoveryService.kt:216:21 Unresolved reference 
'PlatformDiscoveredScreensTable'.
e: file:///C:/Users/HP/Devin1/VidyaPrayag/server/src/main/kotlin/com/littlebridge/enrollplus/feature/platform/ScreenDiscoveryService.kt:217:22 Unresolved reference 
'PlatformDiscoveredScreensTable'.
e: file:///C:/Users/HP/Devin1/VidyaPrayag/server/src/main/kotlin/com/littlebridge/enrollplus/feature/platform/ScreenDiscoveryService.kt:221:26 Cannot infer type for this parameter. Specify it 
explicitly.
e: file:///C:/Users/HP/Devin1/VidyaPrayag/server/src/main/kotlin/com/littlebridge/enrollplus/feature/platform/ScreenDiscoveryService.kt:221:26 Not enough information to infer type argument for 
'T'.
e: file:///C:/Users/HP/Devin1/VidyaPrayag/server/src/main/kotlin/com/littlebridge/enrollplus/feature/platform/ScreenDiscoveryService.kt:221:30 Unresolved reference 
'PlatformDiscoveredScreensTable'.
e: file:///C:/Users/HP/Devin1/VidyaPrayag/server/src/main/kotlin/com/littlebridge/enrollplus/feature/platform/ScreenDiscoveryService.kt:221:65 Unresolved reference 'value'.
e: file:///C:/Users/HP/Devin1/VidyaPrayag/server/src/main/kotlin/com/littlebridge/enrollplus/feature/platform/ScreenDiscoveryService.kt:222:37 Unresolved reference 
'PlatformDiscoveredScreensTable'.
e: file:///C:/Users/HP/Devin1/VidyaPrayag/server/src/main/kotlin/com/littlebridge/enrollplus/feature/platform/ScreenDiscoveryService.kt:223:32 Unresolved reference 
'PlatformDiscoveredScreensTable'.
e: file:///C:/Users/HP/Devin1/VidyaPrayag/server/src/main/kotlin/com/littlebridge/enrollplus/feature/platform/ScreenDiscoveryService.kt:223:32 Argument type mismatch: actual type is 'String', 
but 'Expression<uninferred T (of fun <T> get)>' was expected.
e: file:///C:/Users/HP/Devin1/VidyaPrayag/server/src/main/kotlin/com/littlebridge/enrollplus/feature/platform/ScreenDiscoveryService.kt:224:34 Unresolved reference 
'PlatformDiscoveredScreensTable'.
e: file:///C:/Users/HP/Devin1/VidyaPrayag/server/src/main/kotlin/com/littlebridge/enrollplus/feature/platform/ScreenDiscoveryService.kt:225:37 Unresolved reference 
'PlatformDiscoveredScreensTable'.
e: file:///C:/Users/HP/Devin1/VidyaPrayag/server/src/main/kotlin/com/littlebridge/enrollplus/feature/platform/ScreenDiscoveryService.kt:226:34 Unresolved reference 
'PlatformDiscoveredScreensTable'.
e: file:///C:/Users/HP/Devin1/VidyaPrayag/server/src/main/kotlin/com/littlebridge/enrollplus/feature/platform/ScreenDiscoveryService.kt:227:40 Unresolved reference 
'PlatformDiscoveredScreensTable'.
e: file:///C:/Users/HP/Devin1/VidyaPrayag/server/src/main/kotlin/com/littlebridge/enrollplus/feature/platform/ScreenDiscoveryService.kt:228:42 Unresolved reference 
'PlatformDiscoveredScreensTable'.
e: file:///C:/Users/HP/Devin1/VidyaPrayag/server/src/main/kotlin/com/littlebridge/enrollplus/feature/platform/ScreenDiscoveryService.kt:229:37 Unresolved reference 
'PlatformDiscoveredScreensTable'.
e: file:///C:/Users/HP/Devin1/VidyaPrayag/server/src/main/kotlin/com/littlebridge/enrollplus/feature/platform/ScreenDiscoveryService.kt:230:40 Cannot infer type for this parameter. Specify it 
explicitly.
e: file:///C:/Users/HP/Devin1/VidyaPrayag/server/src/main/kotlin/com/littlebridge/enrollplus/feature/platform/ScreenDiscoveryService.kt:230:40 Not enough information to infer type argument for 
'T'.
e: file:///C:/Users/HP/Devin1/VidyaPrayag/server/src/main/kotlin/com/littlebridge/enrollplus/feature/platform/ScreenDiscoveryService.kt:230:44 Unresolved reference 
'PlatformDiscoveredScreensTable'.
e: file:///C:/Users/HP/Devin1/VidyaPrayag/server/src/main/kotlin/com/littlebridge/enrollplus/feature/platform/ScreenDiscoveryService.kt:231:37 Cannot infer type for this parameter. Specify it 
explicitly.
e: file:///C:/Users/HP/Devin1/VidyaPrayag/server/src/main/kotlin/com/littlebridge/enrollplus/feature/platform/ScreenDiscoveryService.kt:231:37 Not enough information to infer type argument for 
'T'.
e: file:///C:/Users/HP/Devin1/VidyaPrayag/server/src/main/kotlin/com/littlebridge/enrollplus/feature/platform/ScreenDiscoveryService.kt:231:41 Unresolved reference 
'PlatformDiscoveredScreensTable'.
e: file:///C:/Users/HP/Devin1/VidyaPrayag/server/src/main/kotlin/com/littlebridge/enrollplus/feature/platform/ScreenDiscoveryService.kt:232:36 Cannot infer type for this parameter. Specify it 
explicitly.
e: file:///C:/Users/HP/Devin1/VidyaPrayag/server/src/main/kotlin/com/littlebridge/enrollplus/feature/platform/ScreenDiscoveryService.kt:232:36 Not enough information to infer type argument for 
'T'.
e: file:///C:/Users/HP/Devin1/VidyaPrayag/server/src/main/kotlin/com/littlebridge/enrollplus/feature/platform/ScreenDiscoveryService.kt:232:40 Unresolved reference 
'PlatformDiscoveredScreensTable'.
e: file:///C:/Users/HP/Devin1/VidyaPrayag/server/src/main/kotlin/com/littlebridge/enrollplus/feature/platform/ScreenDiscoveryService.kt:233:40 Cannot infer type for this parameter. Specify it 
explicitly.
e: file:///C:/Users/HP/Devin1/VidyaPrayag/server/src/main/kotlin/com/littlebridge/enrollplus/feature/platform/ScreenDiscoveryService.kt:233:40 Not enough information to infer type argument for 
'T'.
e: file:///C:/Users/HP/Devin1/VidyaPrayag/server/src/main/kotlin/com/littlebridge/enrollplus/feature/platform/ScreenDiscoveryService.kt:233:44 Unresolved reference 
'PlatformDiscoveredScreensTable'.
e: file:///C:/Users/HP/Devin1/VidyaPrayag/server/src/main/kotlin/com/littlebridge/enrollplus/feature/platform/ScreenDiscoveryService.kt:244:26 Unresolved reference 
'PlatformDiscoveredScreensTable'.
e: file:///C:/Users/HP/Devin1/VidyaPrayag/server/src/main/kotlin/com/littlebridge/enrollplus/feature/platform/ScreenDiscoveryService.kt:245:22 Unresolved reference 
'PlatformDiscoveredScreensTable'.
e: file:///C:/Users/HP/Devin1/VidyaPrayag/server/src/main/kotlin/com/littlebridge/enrollplus/feature/platform/ScreenDiscoveryService.kt:249:24 Unresolved reference 'PlatformScreensTable'.
e: file:///C:/Users/HP/Devin1/VidyaPrayag/server/src/main/kotlin/com/littlebridge/enrollplus/feature/platform/ScreenDiscoveryService.kt:249:24 Cannot infer type for this parameter. Specify it 
explicitly.
e: file:///C:/Users/HP/Devin1/VidyaPrayag/server/src/main/kotlin/com/littlebridge/enrollplus/feature/platform/ScreenDiscoveryService.kt:249:24 Not enough information to infer type argument for 
'E'.
e: file:///C:/Users/HP/Devin1/VidyaPrayag/server/src/main/kotlin/com/littlebridge/enrollplus/feature/platform/ScreenDiscoveryService.kt:249:24 Not enough information to infer type argument for 
'T'.
e: file:///C:/Users/HP/Devin1/VidyaPrayag/server/src/main/kotlin/com/littlebridge/enrollplus/feature/platform/ScreenDiscoveryService.kt:250:13 Unresolved reference 'it'.
e: file:///C:/Users/HP/Devin1/VidyaPrayag/server/src/main/kotlin/com/littlebridge/enrollplus/feature/platform/ScreenDiscoveryService.kt:250:16 Unresolved reference 'PlatformScreensTable'.
e: file:///C:/Users/HP/Devin1/VidyaPrayag/server/src/main/kotlin/com/littlebridge/enrollplus/feature/platform/ScreenDiscoveryService.kt:250:60 Unresolved reference 
'PlatformDiscoveredScreensTable'.
e: file:///C:/Users/HP/Devin1/VidyaPrayag/server/src/main/kotlin/com/littlebridge/enrollplus/feature/platform/ScreenDiscoveryService.kt:251:13 Unresolved reference 'it'.
e: file:///C:/Users/HP/Devin1/VidyaPrayag/server/src/main/kotlin/com/littlebridge/enrollplus/feature/platform/ScreenDiscoveryService.kt:251:16 Unresolved reference 'PlatformScreensTable'.
e: file:///C:/Users/HP/Devin1/VidyaPrayag/server/src/main/kotlin/com/littlebridge/enrollplus/feature/platform/ScreenDiscoveryService.kt:251:70 Unresolved reference 
'PlatformDiscoveredScreensTable'.
e: file:///C:/Users/HP/Devin1/VidyaPrayag/server/src/main/kotlin/com/littlebridge/enrollplus/feature/platform/ScreenDiscoveryService.kt:251:70 Argument type mismatch: actual type is 'String', 
but 'Expression<uninferred T (of fun <T> get)>' was expected.
e: file:///C:/Users/HP/Devin1/VidyaPrayag/server/src/main/kotlin/com/littlebridge/enrollplus/feature/platform/ScreenDiscoveryService.kt:252:13 Unresolved reference 'it'.
e: file:///C:/Users/HP/Devin1/VidyaPrayag/server/src/main/kotlin/com/littlebridge/enrollplus/feature/platform/ScreenDiscoveryService.kt:252:16 Unresolved reference 'PlatformScreensTable'.
e: file:///C:/Users/HP/Devin1/VidyaPrayag/server/src/main/kotlin/com/littlebridge/enrollplus/feature/platform/ScreenDiscoveryService.kt:252:57 Unresolved reference 
'PlatformDiscoveredScreensTable'.
e: file:///C:/Users/HP/Devin1/VidyaPrayag/server/src/main/kotlin/com/littlebridge/enrollplus/feature/platform/ScreenDiscoveryService.kt:253:13 Unresolved reference 'it'.
e: file:///C:/Users/HP/Devin1/VidyaPrayag/server/src/main/kotlin/com/littlebridge/enrollplus/feature/platform/ScreenDiscoveryService.kt:253:16 Unresolved reference 'PlatformScreensTable'.
e: file:///C:/Users/HP/Devin1/VidyaPrayag/server/src/main/kotlin/com/littlebridge/enrollplus/feature/platform/ScreenDiscoveryService.kt:253:58 Unresolved reference 
'PlatformDiscoveredScreensTable'.
e: file:///C:/Users/HP/Devin1/VidyaPrayag/server/src/main/kotlin/com/littlebridge/enrollplus/feature/platform/ScreenDiscoveryService.kt:254:13 Unresolved reference 'it'.
e: file:///C:/Users/HP/Devin1/VidyaPrayag/server/src/main/kotlin/com/littlebridge/enrollplus/feature/platform/ScreenDiscoveryService.kt:254:16 Unresolved reference 'PlatformScreensTable'.
e: file:///C:/Users/HP/Devin1/VidyaPrayag/server/src/main/kotlin/com/littlebridge/enrollplus/feature/platform/ScreenDiscoveryService.kt:255:13 Unresolved reference 'it'.
e: file:///C:/Users/HP/Devin1/VidyaPrayag/server/src/main/kotlin/com/littlebridge/enrollplus/feature/platform/ScreenDiscoveryService.kt:255:16 Unresolved reference 'PlatformScreensTable'.
e: file:///C:/Users/HP/Devin1/VidyaPrayag/server/src/main/kotlin/com/littlebridge/enrollplus/feature/platform/ScreenDiscoveryService.kt:256:13 Unresolved reference 'it'.
e: file:///C:/Users/HP/Devin1/VidyaPrayag/server/src/main/kotlin/com/littlebridge/enrollplus/feature/platform/ScreenDiscoveryService.kt:256:16 Unresolved reference 'PlatformScreensTable'.
e: file:///C:/Users/HP/Devin1/VidyaPrayag/server/src/main/kotlin/com/littlebridge/enrollplus/feature/platform/ScreenDiscoveryService.kt:257:11 Unresolved reference 'PlatformScreensTable'.
e: file:///C:/Users/HP/Devin1/VidyaPrayag/server/src/main/kotlin/com/littlebridge/enrollplus/feature/platform/ScreenDiscoveryService.kt:257:36 Unresolved reference 'value'.
e: file:///C:/Users/HP/Devin1/VidyaPrayag/server/src/main/kotlin/com/littlebridge/enrollplus/feature/platform/ScreenDiscoveryService.kt:260:9 Unresolved reference 
'PlatformDiscoveredScreensTable'.
e: file:///C:/Users/HP/Devin1/VidyaPrayag/server/src/main/kotlin/com/littlebridge/enrollplus/feature/platform/ScreenDiscoveryService.kt:261:23 Unresolved reference 
'PlatformDiscoveredScreensTable'.
e: file:///C:/Users/HP/Devin1/VidyaPrayag/server/src/main/kotlin/com/littlebridge/enrollplus/feature/platform/ScreenDiscoveryService.kt:263:16 Unresolved reference 
'PlatformDiscoveredScreensTable'.
e: file:///C:/Users/HP/Devin1/VidyaPrayag/server/src/main/kotlin/com/littlebridge/enrollplus/feature/platform/ScreenDiscoveryService.kt:264:13 Cannot infer type for this parameter. Specify it 
explicitly.
e: file:///C:/Users/HP/Devin1/VidyaPrayag/server/src/main/kotlin/com/littlebridge/enrollplus/feature/platform/ScreenDiscoveryService.kt:264:13 Not enough information to infer type argument for 
'S'.
e: file:///C:/Users/HP/Devin1/VidyaPrayag/server/src/main/kotlin/com/littlebridge/enrollplus/feature/platform/ScreenDiscoveryService.kt:264:16 Unresolved reference 
'PlatformDiscoveredScreensTable'.
e: file:///C:/Users/HP/Devin1/VidyaPrayag/server/src/main/kotlin/com/littlebridge/enrollplus/feature/platform/ScreenDiscoveryService.kt:265:16 Unresolved reference 
'PlatformDiscoveredScreensTable'.
e: file:///C:/Users/HP/Devin1/VidyaPrayag/server/src/main/kotlin/com/littlebridge/enrollplus/feature/platform/ScreenRegistryService.kt:4:39 Unresolved reference 'PlatformScreensTable'.
e: file:///C:/Users/HP/Devin1/VidyaPrayag/server/src/main/kotlin/com/littlebridge/enrollplus/feature/platform/ScreenRegistryService.kt:5:39 Unresolved reference 'PlatformFeaturesTable'.
e: file:///C:/Users/HP/Devin1/VidyaPrayag/server/src/main/kotlin/com/littlebridge/enrollplus/feature/platform/ScreenRegistryService.kt:23:34 Unresolved reference 'PlatformScreensTable'.
e: file:///C:/Users/HP/Devin1/VidyaPrayag/server/src/main/kotlin/com/littlebridge/enrollplus/feature/platform/ScreenRegistryService.kt:24:37 Unresolved reference 'PlatformScreensTable'.
e: file:///C:/Users/HP/Devin1/VidyaPrayag/server/src/main/kotlin/com/littlebridge/enrollplus/feature/platform/ScreenRegistryService.kt:26:18 Unresolved reference 'PlatformScreensTable'.
e: file:///C:/Users/HP/Devin1/VidyaPrayag/server/src/main/kotlin/com/littlebridge/enrollplus/feature/platform/ScreenRegistryService.kt:26:44 None of the following candidates is applicable:
fun <T : String?> Expression<T>.like(pattern: String): LikeEscapeOp
fun <T : String?> Expression<T>.like(expression: ExpressionWithColumnType<String>): LikeEscapeOp
fun <T : String?> Expression<T>.like(pattern: LikePattern): LikeEscapeOp
fun Expression<EntityID<String>>.like(pattern: String): LikeEscapeOp
fun Expression<EntityID<String>>.like(expression: ExpressionWithColumnType<String>): LikeEscapeOp
fun Expression<EntityID<String>>.like(pattern: LikePattern): LikeEscapeOp
e: file:///C:/Users/HP/Devin1/VidyaPrayag/server/src/main/kotlin/com/littlebridge/enrollplus/feature/platform/ScreenRegistryService.kt:27:18 Unresolved reference 'PlatformScreensTable'.
e: file:///C:/Users/HP/Devin1/VidyaPrayag/server/src/main/kotlin/com/littlebridge/enrollplus/feature/platform/ScreenRegistryService.kt:28:18 Unresolved reference 'PlatformScreensTable'.
e: file:///C:/Users/HP/Devin1/VidyaPrayag/server/src/main/kotlin/com/littlebridge/enrollplus/feature/platform/ScreenRegistryService.kt:31:21 Unresolved reference 'PlatformScreensTable'.
e: file:///C:/Users/HP/Devin1/VidyaPrayag/server/src/main/kotlin/com/littlebridge/enrollplus/feature/platform/ScreenRegistryService.kt:32:21 Unresolved reference 'PlatformScreensTable'.
e: file:///C:/Users/HP/Devin1/VidyaPrayag/server/src/main/kotlin/com/littlebridge/enrollplus/feature/platform/ScreenRegistryService.kt:33:14 None of the following candidates is applicable:
fun orderBy(vararg order: Pair<Expression<*>, SortOrder>): Query
fun orderBy(column: Expression<*>, order: SortOrder): Query
e: file:///C:/Users/HP/Devin1/VidyaPrayag/server/src/main/kotlin/com/littlebridge/enrollplus/feature/platform/ScreenRegistryService.kt:33:22 Unresolved reference 'PlatformScreensTable'.
e: file:///C:/Users/HP/Devin1/VidyaPrayag/server/src/main/kotlin/com/littlebridge/enrollplus/feature/platform/ScreenRegistryService.kt:34:14 Unresolved reference 'limit'.
e: file:///C:/Users/HP/Devin1/VidyaPrayag/server/src/main/kotlin/com/littlebridge/enrollplus/feature/platform/ScreenRegistryService.kt:35:20 Cannot infer type for this parameter. Specify it 
explicitly.
e: file:///C:/Users/HP/Devin1/VidyaPrayag/server/src/main/kotlin/com/littlebridge/enrollplus/feature/platform/ScreenRegistryService.kt:36:35 Cannot infer type for this parameter. Specify it 
explicitly.
e: file:///C:/Users/HP/Devin1/VidyaPrayag/server/src/main/kotlin/com/littlebridge/enrollplus/feature/platform/ScreenRegistryService.kt:36:35 Not enough information to infer type argument for 
'E'.
e: file:///C:/Users/HP/Devin1/VidyaPrayag/server/src/main/kotlin/com/littlebridge/enrollplus/feature/platform/ScreenRegistryService.kt:36:35 Not enough information to infer type argument for 
'T'.
e: file:///C:/Users/HP/Devin1/VidyaPrayag/server/src/main/kotlin/com/littlebridge/enrollplus/feature/platform/ScreenRegistryService.kt:36:39 Unresolved reference 'PlatformScreensTable'.
e: file:///C:/Users/HP/Devin1/VidyaPrayag/server/src/main/kotlin/com/littlebridge/enrollplus/feature/platform/ScreenRegistryService.kt:36:72 Cannot infer type for this parameter. Specify it 
explicitly.
e: file:///C:/Users/HP/Devin1/VidyaPrayag/server/src/main/kotlin/com/littlebridge/enrollplus/feature/platform/ScreenRegistryService.kt:36:72 Not enough information to infer type argument for 
'T'.
e: file:///C:/Users/HP/Devin1/VidyaPrayag/server/src/main/kotlin/com/littlebridge/enrollplus/feature/platform/ScreenRegistryService.kt:36:72 Not enough information to infer type argument for 
'R'.
e: file:///C:/Users/HP/Devin1/VidyaPrayag/server/src/main/kotlin/com/littlebridge/enrollplus/feature/platform/ScreenRegistryService.kt:36:78 Cannot infer type for this parameter. Specify it 
explicitly.
e: file:///C:/Users/HP/Devin1/VidyaPrayag/server/src/main/kotlin/com/littlebridge/enrollplus/feature/platform/ScreenRegistryService.kt:37:21 Unresolved reference 'PlatformFeaturesTable'.
e: file:///C:/Users/HP/Devin1/VidyaPrayag/server/src/main/kotlin/com/littlebridge/enrollplus/feature/platform/ScreenRegistryService.kt:37:63 Unresolved reference 'PlatformFeaturesTable'.
e: file:///C:/Users/HP/Devin1/VidyaPrayag/server/src/main/kotlin/com/littlebridge/enrollplus/feature/platform/ScreenRegistryService.kt:38:42 Cannot infer type for this parameter. Specify it 
explicitly.
e: file:///C:/Users/HP/Devin1/VidyaPrayag/server/src/main/kotlin/com/littlebridge/enrollplus/feature/platform/ScreenRegistryService.kt:38:46 Unresolved reference 'PlatformFeaturesTable'.
e: file:///C:/Users/HP/Devin1/VidyaPrayag/server/src/main/kotlin/com/littlebridge/enrollplus/feature/platform/ScreenRegistryService.kt:38:46 Argument type mismatch: actual type is 'String', but 
'Expression<uninferred T (of fun <T> get)>' was expected.
e: file:///C:/Users/HP/Devin1/VidyaPrayag/server/src/main/kotlin/com/littlebridge/enrollplus/feature/platform/ScreenRegistryService.kt:42:15 Cannot infer type for this parameter. Specify it 
explicitly.
e: file:///C:/Users/HP/Devin1/VidyaPrayag/server/src/main/kotlin/com/littlebridge/enrollplus/feature/platform/ScreenRegistryService.kt:42:15 Not enough information to infer type argument for 
'B'.
e: file:///C:/Users/HP/Devin1/VidyaPrayag/server/src/main/kotlin/com/littlebridge/enrollplus/feature/platform/ScreenRegistryService.kt:42:15 Unresolved reference. None of the following 
candidates is applicable because of a receiver type mismatch:
fun <A, B> A.to(that: B): Pair<A, B>
e: file:///C:/Users/HP/Devin1/VidyaPrayag/server/src/main/kotlin/com/littlebridge/enrollplus/feature/platform/ScreenRegistryService.kt:46:19 Unresolved reference 'PlatformScreensTable'.
e: file:///C:/Users/HP/Devin1/VidyaPrayag/server/src/main/kotlin/com/littlebridge/enrollplus/feature/platform/ScreenRegistryService.kt:46:60 Unresolved reference 'PlatformScreensTable'.
e: file:///C:/Users/HP/Devin1/VidyaPrayag/server/src/main/kotlin/com/littlebridge/enrollplus/feature/platform/ScreenRegistryService.kt:48:27 Cannot infer type for this parameter. Specify it 
explicitly.
e: file:///C:/Users/HP/Devin1/VidyaPrayag/server/src/main/kotlin/com/littlebridge/enrollplus/feature/platform/ScreenRegistryService.kt:48:27 Not enough information to infer type argument for 
'T'.
e: file:///C:/Users/HP/Devin1/VidyaPrayag/server/src/main/kotlin/com/littlebridge/enrollplus/feature/platform/ScreenRegistryService.kt:48:31 Unresolved reference 'PlatformScreensTable'.
e: file:///C:/Users/HP/Devin1/VidyaPrayag/server/src/main/kotlin/com/littlebridge/enrollplus/feature/platform/ScreenRegistryService.kt:48:64 Cannot infer type for this parameter. Specify it 
explicitly.
e: file:///C:/Users/HP/Devin1/VidyaPrayag/server/src/main/kotlin/com/littlebridge/enrollplus/feature/platform/ScreenRegistryService.kt:48:64 Not enough information to infer type argument for 
'T'.
e: file:///C:/Users/HP/Devin1/VidyaPrayag/server/src/main/kotlin/com/littlebridge/enrollplus/feature/platform/ScreenRegistryService.kt:48:64 Not enough information to infer type argument for 
'R'.
e: file:///C:/Users/HP/Devin1/VidyaPrayag/server/src/main/kotlin/com/littlebridge/enrollplus/feature/platform/ScreenRegistryService.kt:48:70 Cannot infer type for this parameter. Specify it 
explicitly.
e: file:///C:/Users/HP/Devin1/VidyaPrayag/server/src/main/kotlin/com/littlebridge/enrollplus/feature/platform/ScreenRegistryService.kt:49:13 Unresolved reference 'PlatformFeaturesTable'.
e: file:///C:/Users/HP/Devin1/VidyaPrayag/server/src/main/kotlin/com/littlebridge/enrollplus/feature/platform/ScreenRegistryService.kt:49:55 Unresolved reference 'PlatformFeaturesTable'.
e: file:///C:/Users/HP/Devin1/VidyaPrayag/server/src/main/kotlin/com/littlebridge/enrollplus/feature/platform/ScreenRegistryService.kt:50:34 Cannot infer type for this parameter. Specify it 
explicitly.
e: file:///C:/Users/HP/Devin1/VidyaPrayag/server/src/main/kotlin/com/littlebridge/enrollplus/feature/platform/ScreenRegistryService.kt:50:38 Unresolved reference 'PlatformFeaturesTable'.
e: file:///C:/Users/HP/Devin1/VidyaPrayag/server/src/main/kotlin/com/littlebridge/enrollplus/feature/platform/ScreenRegistryService.kt:50:38 Argument type mismatch: actual type is 'String', but 
'Expression<uninferred T (of fun <T> get)>' was expected.
e: file:///C:/Users/HP/Devin1/VidyaPrayag/server/src/main/kotlin/com/littlebridge/enrollplus/feature/platform/ScreenRegistryService.kt:56:14 Cannot infer type for this parameter. Specify it 
explicitly.
e: file:///C:/Users/HP/Devin1/VidyaPrayag/server/src/main/kotlin/com/littlebridge/enrollplus/feature/platform/ScreenRegistryService.kt:56:14 Not enough information to infer type argument for 
'T'.
e: file:///C:/Users/HP/Devin1/VidyaPrayag/server/src/main/kotlin/com/littlebridge/enrollplus/feature/platform/ScreenRegistryService.kt:56:19 Unresolved reference 'PlatformScreensTable'.
e: file:///C:/Users/HP/Devin1/VidyaPrayag/server/src/main/kotlin/com/littlebridge/enrollplus/feature/platform/ScreenRegistryService.kt:56:44 Unresolved reference 'value'.
e: file:///C:/Users/HP/Devin1/VidyaPrayag/server/src/main/kotlin/com/littlebridge/enrollplus/feature/platform/ScreenRegistryService.kt:57:26 Unresolved reference 'PlatformScreensTable'.
e: file:///C:/Users/HP/Devin1/VidyaPrayag/server/src/main/kotlin/com/littlebridge/enrollplus/feature/platform/ScreenRegistryService.kt:58:21 Unresolved reference 'PlatformScreensTable'.
e: file:///C:/Users/HP/Devin1/VidyaPrayag/server/src/main/kotlin/com/littlebridge/enrollplus/feature/platform/ScreenRegistryService.kt:58:21 Argument type mismatch: actual type is 'String', but 
'Expression<uninferred T (of fun <T> get)>' was expected.
e: file:///C:/Users/HP/Devin1/VidyaPrayag/server/src/main/kotlin/com/littlebridge/enrollplus/feature/platform/ScreenRegistryService.kt:59:22 Unresolved reference 'PlatformScreensTable'.
e: file:///C:/Users/HP/Devin1/VidyaPrayag/server/src/main/kotlin/com/littlebridge/enrollplus/feature/platform/ScreenRegistryService.kt:60:23 Unresolved reference 'PlatformScreensTable'.
e: file:///C:/Users/HP/Devin1/VidyaPrayag/server/src/main/kotlin/com/littlebridge/enrollplus/feature/platform/ScreenRegistryService.kt:61:24 Unresolved reference 'PlatformScreensTable'.
e: file:///C:/Users/HP/Devin1/VidyaPrayag/server/src/main/kotlin/com/littlebridge/enrollplus/feature/platform/ScreenRegistryService.kt:62:31 Unresolved reference 'PlatformScreensTable'.
e: file:///C:/Users/HP/Devin1/VidyaPrayag/server/src/main/kotlin/com/littlebridge/enrollplus/feature/platform/ScreenRegistryService.kt:63:28 Unresolved reference 'PlatformScreensTable'.
e: file:///C:/Users/HP/Devin1/VidyaPrayag/server/src/main/kotlin/com/littlebridge/enrollplus/feature/platform/ScreenRegistryService.kt:64:29 Unresolved reference 'PlatformScreensTable'.
e: file:///C:/Users/HP/Devin1/VidyaPrayag/server/src/main/kotlin/com/littlebridge/enrollplus/feature/platform/ScreenRegistryService.kt:65:34 Unresolved reference 'PlatformScreensTable'.
e: file:///C:/Users/HP/Devin1/VidyaPrayag/server/src/main/kotlin/com/littlebridge/enrollplus/feature/platform/ScreenRegistryService.kt:66:28 Unresolved reference 'PlatformScreensTable'.
e: file:///C:/Users/HP/Devin1/VidyaPrayag/server/src/main/kotlin/com/littlebridge/enrollplus/feature/platform/ScreenRegistryService.kt:67:30 Unresolved reference 'PlatformScreensTable'.
e: file:///C:/Users/HP/Devin1/VidyaPrayag/server/src/main/kotlin/com/littlebridge/enrollplus/feature/platform/ScreenRegistryService.kt:68:28 Unresolved reference 'PlatformScreensTable'.
e: file:///C:/Users/HP/Devin1/VidyaPrayag/server/src/main/kotlin/com/littlebridge/enrollplus/feature/platform/ScreenRegistryService.kt:69:22 Cannot infer type for this parameter. Specify it 
explicitly.
e: file:///C:/Users/HP/Devin1/VidyaPrayag/server/src/main/kotlin/com/littlebridge/enrollplus/feature/platform/ScreenRegistryService.kt:69:22 Not enough information to infer type argument for 
'T'.
e: file:///C:/Users/HP/Devin1/VidyaPrayag/server/src/main/kotlin/com/littlebridge/enrollplus/feature/platform/ScreenRegistryService.kt:69:27 Unresolved reference 'PlatformScreensTable'.
e: file:///C:/Users/HP/Devin1/VidyaPrayag/server/src/main/kotlin/com/littlebridge/enrollplus/feature/platform/ScreenRegistryService.kt:71:27 Unresolved reference 'PlatformScreensTable'.
e: file:///C:/Users/HP/Devin1/VidyaPrayag/server/src/main/kotlin/com/littlebridge/enrollplus/feature/platform/ScreenRegistryService.kt:72:25 Unresolved reference 'PlatformScreensTable'.
e: file:///C:/Users/HP/Devin1/VidyaPrayag/server/src/main/kotlin/com/littlebridge/enrollplus/feature/platform/ScreenRegistryService.kt:76:9 Unresolved reference 'PlatformScreensTable'.
e: file:///C:/Users/HP/Devin1/VidyaPrayag/server/src/main/kotlin/com/littlebridge/enrollplus/feature/platform/ScreenRegistryService.kt:76:9 Cannot infer type for this parameter. Specify it 
explicitly.
e: file:///C:/Users/HP/Devin1/VidyaPrayag/server/src/main/kotlin/com/littlebridge/enrollplus/feature/platform/ScreenRegistryService.kt:76:9 Not enough information to infer type argument for 'E'.
e: file:///C:/Users/HP/Devin1/VidyaPrayag/server/src/main/kotlin/com/littlebridge/enrollplus/feature/platform/ScreenRegistryService.kt:76:9 Not enough information to infer type argument for 'T'.
e: file:///C:/Users/HP/Devin1/VidyaPrayag/server/src/main/kotlin/com/littlebridge/enrollplus/feature/platform/ScreenRegistryService.kt:77:13 Unresolved reference 'it'.
e: file:///C:/Users/HP/Devin1/VidyaPrayag/server/src/main/kotlin/com/littlebridge/enrollplus/feature/platform/ScreenRegistryService.kt:77:16 Unresolved reference 'PlatformScreensTable'.
e: file:///C:/Users/HP/Devin1/VidyaPrayag/server/src/main/kotlin/com/littlebridge/enrollplus/feature/platform/ScreenRegistryService.kt:78:13 Unresolved reference 'it'.
e: file:///C:/Users/HP/Devin1/VidyaPrayag/server/src/main/kotlin/com/littlebridge/enrollplus/feature/platform/ScreenRegistryService.kt:78:16 Unresolved reference 'PlatformScreensTable'.
e: file:///C:/Users/HP/Devin1/VidyaPrayag/server/src/main/kotlin/com/littlebridge/enrollplus/feature/platform/ScreenRegistryService.kt:79:13 Unresolved reference 'it'.
e: file:///C:/Users/HP/Devin1/VidyaPrayag/server/src/main/kotlin/com/littlebridge/enrollplus/feature/platform/ScreenRegistryService.kt:79:16 Unresolved reference 'PlatformScreensTable'.
e: file:///C:/Users/HP/Devin1/VidyaPrayag/server/src/main/kotlin/com/littlebridge/enrollplus/feature/platform/ScreenRegistryService.kt:80:13 Unresolved reference 'it'.
e: file:///C:/Users/HP/Devin1/VidyaPrayag/server/src/main/kotlin/com/littlebridge/enrollplus/feature/platform/ScreenRegistryService.kt:80:16 Unresolved reference 'PlatformScreensTable'.
e: file:///C:/Users/HP/Devin1/VidyaPrayag/server/src/main/kotlin/com/littlebridge/enrollplus/feature/platform/ScreenRegistryService.kt:81:13 Unresolved reference 'it'.
e: file:///C:/Users/HP/Devin1/VidyaPrayag/server/src/main/kotlin/com/littlebridge/enrollplus/feature/platform/ScreenRegistryService.kt:81:16 Unresolved reference 'PlatformScreensTable'.
e: file:///C:/Users/HP/Devin1/VidyaPrayag/server/src/main/kotlin/com/littlebridge/enrollplus/feature/platform/ScreenRegistryService.kt:82:13 Unresolved reference 'it'.
e: file:///C:/Users/HP/Devin1/VidyaPrayag/server/src/main/kotlin/com/littlebridge/enrollplus/feature/platform/ScreenRegistryService.kt:82:16 Unresolved reference 'PlatformScreensTable'.
e: file:///C:/Users/HP/Devin1/VidyaPrayag/server/src/main/kotlin/com/littlebridge/enrollplus/feature/platform/ScreenRegistryService.kt:83:13 Unresolved reference 'it'.
e: file:///C:/Users/HP/Devin1/VidyaPrayag/server/src/main/kotlin/com/littlebridge/enrollplus/feature/platform/ScreenRegistryService.kt:83:16 Unresolved reference 'PlatformScreensTable'.
e: file:///C:/Users/HP/Devin1/VidyaPrayag/server/src/main/kotlin/com/littlebridge/enrollplus/feature/platform/ScreenRegistryService.kt:84:13 Unresolved reference 'it'.
e: file:///C:/Users/HP/Devin1/VidyaPrayag/server/src/main/kotlin/com/littlebridge/enrollplus/feature/platform/ScreenRegistryService.kt:84:16 Unresolved reference 'PlatformScreensTable'.
e: file:///C:/Users/HP/Devin1/VidyaPrayag/server/src/main/kotlin/com/littlebridge/enrollplus/feature/platform/ScreenRegistryService.kt:85:13 Unresolved reference 'it'.
e: file:///C:/Users/HP/Devin1/VidyaPrayag/server/src/main/kotlin/com/littlebridge/enrollplus/feature/platform/ScreenRegistryService.kt:85:16 Unresolved reference 'PlatformScreensTable'.
e: file:///C:/Users/HP/Devin1/VidyaPrayag/server/src/main/kotlin/com/littlebridge/enrollplus/feature/platform/ScreenRegistryService.kt:86:13 Unresolved reference 'it'.
e: file:///C:/Users/HP/Devin1/VidyaPrayag/server/src/main/kotlin/com/littlebridge/enrollplus/feature/platform/ScreenRegistryService.kt:86:16 Unresolved reference 'PlatformScreensTable'.
e: file:///C:/Users/HP/Devin1/VidyaPrayag/server/src/main/kotlin/com/littlebridge/enrollplus/feature/platform/ScreenRegistryService.kt:87:13 Unresolved reference 'it'.
e: file:///C:/Users/HP/Devin1/VidyaPrayag/server/src/main/kotlin/com/littlebridge/enrollplus/feature/platform/ScreenRegistryService.kt:87:16 Unresolved reference 'PlatformScreensTable'.
e: file:///C:/Users/HP/Devin1/VidyaPrayag/server/src/main/kotlin/com/littlebridge/enrollplus/feature/platform/ScreenRegistryService.kt:88:13 Unresolved reference 'it'.
e: file:///C:/Users/HP/Devin1/VidyaPrayag/server/src/main/kotlin/com/littlebridge/enrollplus/feature/platform/ScreenRegistryService.kt:88:16 Unresolved reference 'PlatformScreensTable'.
e: file:///C:/Users/HP/Devin1/VidyaPrayag/server/src/main/kotlin/com/littlebridge/enrollplus/feature/platform/ScreenRegistryService.kt:89:13 Unresolved reference 'it'.
e: file:///C:/Users/HP/Devin1/VidyaPrayag/server/src/main/kotlin/com/littlebridge/enrollplus/feature/platform/ScreenRegistryService.kt:89:16 Unresolved reference 'PlatformScreensTable'.
e: file:///C:/Users/HP/Devin1/VidyaPrayag/server/src/main/kotlin/com/littlebridge/enrollplus/feature/platform/ScreenRegistryService.kt:90:13 Unresolved reference 'it'.
e: file:///C:/Users/HP/Devin1/VidyaPrayag/server/src/main/kotlin/com/littlebridge/enrollplus/feature/platform/ScreenRegistryService.kt:90:16 Unresolved reference 'PlatformScreensTable'.
e: file:///C:/Users/HP/Devin1/VidyaPrayag/server/src/main/kotlin/com/littlebridge/enrollplus/feature/platform/ScreenRegistryService.kt:91:13 Unresolved reference 'it'.
e: file:///C:/Users/HP/Devin1/VidyaPrayag/server/src/main/kotlin/com/littlebridge/enrollplus/feature/platform/ScreenRegistryService.kt:91:16 Unresolved reference 'PlatformScreensTable'.
e: file:///C:/Users/HP/Devin1/VidyaPrayag/server/src/main/kotlin/com/littlebridge/enrollplus/feature/platform/ScreenRegistryService.kt:92:13 Unresolved reference 'it'.
e: file:///C:/Users/HP/Devin1/VidyaPrayag/server/src/main/kotlin/com/littlebridge/enrollplus/feature/platform/ScreenRegistryService.kt:92:16 Unresolved reference 'PlatformScreensTable'.
e: file:///C:/Users/HP/Devin1/VidyaPrayag/server/src/main/kotlin/com/littlebridge/enrollplus/feature/platform/ScreenRegistryService.kt:93:13 Unresolved reference 'it'.
e: file:///C:/Users/HP/Devin1/VidyaPrayag/server/src/main/kotlin/com/littlebridge/enrollplus/feature/platform/ScreenRegistryService.kt:93:16 Unresolved reference 'PlatformScreensTable'.
e: file:///C:/Users/HP/Devin1/VidyaPrayag/server/src/main/kotlin/com/littlebridge/enrollplus/feature/platform/ScreenRegistryService.kt:94:11 Unresolved reference 'PlatformScreensTable'.
e: file:///C:/Users/HP/Devin1/VidyaPrayag/server/src/main/kotlin/com/littlebridge/enrollplus/feature/platform/ScreenRegistryService.kt:94:36 Unresolved reference 'value'.
e: file:///C:/Users/HP/Devin1/VidyaPrayag/server/src/main/kotlin/com/littlebridge/enrollplus/feature/platform/ScreenRegistryService.kt:98:9 Unresolved reference 'PlatformScreensTable'.
e: file:///C:/Users/HP/Devin1/VidyaPrayag/server/src/main/kotlin/com/littlebridge/enrollplus/feature/platform/ScreenRegistryService.kt:98:47 Unresolved reference 'PlatformScreensTable'.
e: file:///C:/Users/HP/Devin1/VidyaPrayag/server/src/main/kotlin/com/littlebridge/enrollplus/feature/platform/ScreenRegistryService.kt:99:34 None of the following candidates is applicable:
fun <S, ID : EntityID<S>, E : Expression<S>> set(column: Column<ID>, value: E): Unit
fun <S> set(column: Column<S>, value: S): Unit
fun <S> set(column: Column<S>, value: Query): Unit
fun <T, S : T?, E : Expression<S>> set(column: Column<T>, value: E): Unit
fun <S : Comparable<S>> set(column: Column<EntityID<S>>, value: S): Unit
fun <S : Comparable<S>> set(column: Column<EntityID<S>?>, value: S?): Unit
fun <S> set(column: CompositeColumn<S>, value: S): Unit
e: file:///C:/Users/HP/Devin1/VidyaPrayag/server/src/main/kotlin/com/littlebridge/enrollplus/feature/platform/ScreenRegistryService.kt:99:37 Unresolved reference 'PlatformScreensTable'.
e: file:///C:/Users/HP/Devin1/VidyaPrayag/server/src/main/kotlin/com/littlebridge/enrollplus/feature/platform/ScreenRegistryService.kt:100:38 Unresolved reference 'PlatformScreensTable'.
e: file:///C:/Users/HP/Devin1/VidyaPrayag/server/src/main/kotlin/com/littlebridge/enrollplus/feature/platform/ScreenRegistryService.kt:101:39 Unresolved reference 'PlatformScreensTable'.
e: file:///C:/Users/HP/Devin1/VidyaPrayag/server/src/main/kotlin/com/littlebridge/enrollplus/feature/platform/ScreenRegistryService.kt:102:40 Unresolved reference 'PlatformScreensTable'.
e: file:///C:/Users/HP/Devin1/VidyaPrayag/server/src/main/kotlin/com/littlebridge/enrollplus/feature/platform/ScreenRegistryService.kt:103:47 Unresolved reference 'PlatformScreensTable'.
e: file:///C:/Users/HP/Devin1/VidyaPrayag/server/src/main/kotlin/com/littlebridge/enrollplus/feature/platform/ScreenRegistryService.kt:104:44 Unresolved reference 'PlatformScreensTable'.
e: file:///C:/Users/HP/Devin1/VidyaPrayag/server/src/main/kotlin/com/littlebridge/enrollplus/feature/platform/ScreenRegistryService.kt:105:45 Unresolved reference 'PlatformScreensTable'.
e: file:///C:/Users/HP/Devin1/VidyaPrayag/server/src/main/kotlin/com/littlebridge/enrollplus/feature/platform/ScreenRegistryService.kt:106:50 Unresolved reference 'PlatformScreensTable'.
e: file:///C:/Users/HP/Devin1/VidyaPrayag/server/src/main/kotlin/com/littlebridge/enrollplus/feature/platform/ScreenRegistryService.kt:107:44 Unresolved reference 'PlatformScreensTable'.
e: file:///C:/Users/HP/Devin1/VidyaPrayag/server/src/main/kotlin/com/littlebridge/enrollplus/feature/platform/ScreenRegistryService.kt:108:46 Unresolved reference 'PlatformScreensTable'.
e: file:///C:/Users/HP/Devin1/VidyaPrayag/server/src/main/kotlin/com/littlebridge/enrollplus/feature/platform/ScreenRegistryService.kt:109:44 Unresolved reference 'PlatformScreensTable'.
e: file:///C:/Users/HP/Devin1/VidyaPrayag/server/src/main/kotlin/com/littlebridge/enrollplus/feature/platform/ScreenRegistryService.kt:110:43 Unresolved reference 'PlatformScreensTable'.
e: file:///C:/Users/HP/Devin1/VidyaPrayag/server/src/main/kotlin/com/littlebridge/enrollplus/feature/platform/ScreenRegistryService.kt:111:43 Unresolved reference 'PlatformScreensTable'.
e: file:///C:/Users/HP/Devin1/VidyaPrayag/server/src/main/kotlin/com/littlebridge/enrollplus/feature/platform/ScreenRegistryService.kt:112:41 Unresolved reference 'PlatformScreensTable'.
e: file:///C:/Users/HP/Devin1/VidyaPrayag/server/src/main/kotlin/com/littlebridge/enrollplus/feature/platform/ScreenRegistryService.kt:113:16 Unresolved reference 'PlatformScreensTable'.
e: file:///C:/Users/HP/Devin1/VidyaPrayag/server/src/main/kotlin/com/littlebridge/enrollplus/feature/platform/ScreenRegistryService.kt:118:9 Unresolved reference 'PlatformScreensTable'.
e: file:///C:/Users/HP/Devin1/VidyaPrayag/server/src/main/kotlin/com/littlebridge/enrollplus/feature/platform/ScreenRegistryService.kt:118:30 Cannot infer type for this parameter. Specify it 
explicitly.
e: file:///C:/Users/HP/Devin1/VidyaPrayag/server/src/main/kotlin/com/littlebridge/enrollplus/feature/platform/ScreenRegistryService.kt:118:42 Cannot infer type for this parameter. Specify it 
explicitly.
e: file:///C:/Users/HP/Devin1/VidyaPrayag/server/src/main/kotlin/com/littlebridge/enrollplus/feature/platform/ScreenRegistryService.kt:118:44 Unresolved reference 'PlatformScreensTable'.
e: file:///C:/Users/HP/Devin1/VidyaPrayag/server/src/main/kotlin/com/littlebridge/enrollplus/feature/platform/TestCaseService.kt:4:39 Unresolved reference 'PlatformTestCasesTable'.
e: file:///C:/Users/HP/Devin1/VidyaPrayag/server/src/main/kotlin/com/littlebridge/enrollplus/feature/platform/TestCaseService.kt:5:39 Unresolved reference 'PlatformTestAttachmentsTable'.
e: file:///C:/Users/HP/Devin1/VidyaPrayag/server/src/main/kotlin/com/littlebridge/enrollplus/feature/platform/TestCaseService.kt:6:39 Unresolved reference 'PlatformFeaturesTable'.
e: file:///C:/Users/HP/Devin1/VidyaPrayag/server/src/main/kotlin/com/littlebridge/enrollplus/feature/platform/TestCaseService.kt:28:37 Unresolved reference 'PlatformTestCasesTable'.
e: file:///C:/Users/HP/Devin1/VidyaPrayag/server/src/main/kotlin/com/littlebridge/enrollplus/feature/platform/TestCaseService.kt:29:34 Unresolved reference 'PlatformTestCasesTable'.
e: file:///C:/Users/HP/Devin1/VidyaPrayag/server/src/main/kotlin/com/littlebridge/enrollplus/feature/platform/TestCaseService.kt:30:38 Unresolved reference 'PlatformTestCasesTable'.
e: file:///C:/Users/HP/Devin1/VidyaPrayag/server/src/main/kotlin/com/littlebridge/enrollplus/feature/platform/TestCaseService.kt:31:36 Unresolved reference 'PlatformTestCasesTable'.
e: file:///C:/Users/HP/Devin1/VidyaPrayag/server/src/main/kotlin/com/littlebridge/enrollplus/feature/platform/TestCaseService.kt:32:39 Unresolved reference 'PlatformTestCasesTable'.
e: file:///C:/Users/HP/Devin1/VidyaPrayag/server/src/main/kotlin/com/littlebridge/enrollplus/feature/platform/TestCaseService.kt:34:18 Unresolved reference 'PlatformTestCasesTable'.
e: file:///C:/Users/HP/Devin1/VidyaPrayag/server/src/main/kotlin/com/littlebridge/enrollplus/feature/platform/TestCaseService.kt:35:18 Unresolved reference 'PlatformTestCasesTable'.
e: file:///C:/Users/HP/Devin1/VidyaPrayag/server/src/main/kotlin/com/littlebridge/enrollplus/feature/platform/TestCaseService.kt:38:21 Unresolved reference 'PlatformTestCasesTable'.
e: file:///C:/Users/HP/Devin1/VidyaPrayag/server/src/main/kotlin/com/littlebridge/enrollplus/feature/platform/TestCaseService.kt:39:21 Unresolved reference 'PlatformTestCasesTable'.
e: file:///C:/Users/HP/Devin1/VidyaPrayag/server/src/main/kotlin/com/littlebridge/enrollplus/feature/platform/TestCaseService.kt:40:22 Unresolved reference 'PlatformTestCasesTable'.
e: file:///C:/Users/HP/Devin1/VidyaPrayag/server/src/main/kotlin/com/littlebridge/enrollplus/feature/platform/TestCaseService.kt:47:9 Unresolved reference 'PlatformTestCasesTable'.
e: file:///C:/Users/HP/Devin1/VidyaPrayag/server/src/main/kotlin/com/littlebridge/enrollplus/feature/platform/TestCaseService.kt:48:22 Unresolved reference 'PlatformTestCasesTable'.
e: file:///C:/Users/HP/Devin1/VidyaPrayag/server/src/main/kotlin/com/littlebridge/enrollplus/feature/platform/TestCaseService.kt:49:22 Unresolved reference 'PlatformTestCasesTable'.
e: file:///C:/Users/HP/Devin1/VidyaPrayag/server/src/main/kotlin/com/littlebridge/enrollplus/feature/platform/TestCaseService.kt:54:19 Unresolved reference 'PlatformTestCasesTable'.
e: file:///C:/Users/HP/Devin1/VidyaPrayag/server/src/main/kotlin/com/littlebridge/enrollplus/feature/platform/TestCaseService.kt:54:62 Unresolved reference 'PlatformTestCasesTable'.
e: file:///C:/Users/HP/Devin1/VidyaPrayag/server/src/main/kotlin/com/littlebridge/enrollplus/feature/platform/TestCaseService.kt:57:27 Unresolved reference 'PlatformTestAttachmentsTable'.
e: file:///C:/Users/HP/Devin1/VidyaPrayag/server/src/main/kotlin/com/littlebridge/enrollplus/feature/platform/TestCaseService.kt:58:22 Unresolved reference 'PlatformTestAttachmentsTable'.
e: file:///C:/Users/HP/Devin1/VidyaPrayag/server/src/main/kotlin/com/littlebridge/enrollplus/feature/platform/TestCaseService.kt:61:26 Cannot infer type for this parameter. Specify it 
explicitly.
e: file:///C:/Users/HP/Devin1/VidyaPrayag/server/src/main/kotlin/com/littlebridge/enrollplus/feature/platform/TestCaseService.kt:61:26 Not enough information to infer type argument for 'T'.
e: file:///C:/Users/HP/Devin1/VidyaPrayag/server/src/main/kotlin/com/littlebridge/enrollplus/feature/platform/TestCaseService.kt:61:28 Unresolved reference 'PlatformTestAttachmentsTable'.
e: file:///C:/Users/HP/Devin1/VidyaPrayag/server/src/main/kotlin/com/littlebridge/enrollplus/feature/platform/TestCaseService.kt:61:61 Unresolved reference 'value'.
e: file:///C:/Users/HP/Devin1/VidyaPrayag/server/src/main/kotlin/com/littlebridge/enrollplus/feature/platform/TestCaseService.kt:62:35 Unresolved reference 'PlatformTestAttachmentsTable'.
e: file:///C:/Users/HP/Devin1/VidyaPrayag/server/src/main/kotlin/com/littlebridge/enrollplus/feature/platform/TestCaseService.kt:63:34 Unresolved reference 'PlatformTestAttachmentsTable'.
e: file:///C:/Users/HP/Devin1/VidyaPrayag/server/src/main/kotlin/com/littlebridge/enrollplus/feature/platform/TestCaseService.kt:64:35 Unresolved reference 'PlatformTestAttachmentsTable'.
e: file:///C:/Users/HP/Devin1/VidyaPrayag/server/src/main/kotlin/com/littlebridge/enrollplus/feature/platform/TestCaseService.kt:65:35 Unresolved reference 'PlatformTestAttachmentsTable'.
e: file:///C:/Users/HP/Devin1/VidyaPrayag/server/src/main/kotlin/com/littlebridge/enrollplus/feature/platform/TestCaseService.kt:66:41 Unresolved reference 'PlatformTestAttachmentsTable'.
e: file:///C:/Users/HP/Devin1/VidyaPrayag/server/src/main/kotlin/com/littlebridge/enrollplus/feature/platform/TestCaseService.kt:67:35 Cannot infer type for this parameter. Specify it 
explicitly.
e: file:///C:/Users/HP/Devin1/VidyaPrayag/server/src/main/kotlin/com/littlebridge/enrollplus/feature/platform/TestCaseService.kt:67:35 Not enough information to infer type argument for 'T'.
e: file:///C:/Users/HP/Devin1/VidyaPrayag/server/src/main/kotlin/com/littlebridge/enrollplus/feature/platform/TestCaseService.kt:67:37 Unresolved reference 'PlatformTestAttachmentsTable'.
e: file:///C:/Users/HP/Devin1/VidyaPrayag/server/src/main/kotlin/com/littlebridge/enrollplus/feature/platform/TestCaseService.kt:68:34 Cannot infer type for this parameter. Specify it 
explicitly.
e: file:///C:/Users/HP/Devin1/VidyaPrayag/server/src/main/kotlin/com/littlebridge/enrollplus/feature/platform/TestCaseService.kt:68:34 Not enough information to infer type argument for 'T'.
e: file:///C:/Users/HP/Devin1/VidyaPrayag/server/src/main/kotlin/com/littlebridge/enrollplus/feature/platform/TestCaseService.kt:68:36 Unresolved reference 'PlatformTestAttachmentsTable'.
e: file:///C:/Users/HP/Devin1/VidyaPrayag/server/src/main/kotlin/com/littlebridge/enrollplus/feature/platform/TestCaseService.kt:76:9 Unresolved reference 'PlatformTestCasesTable'.
e: file:///C:/Users/HP/Devin1/VidyaPrayag/server/src/main/kotlin/com/littlebridge/enrollplus/feature/platform/TestCaseService.kt:76:9 Cannot infer type for this parameter. Specify it explicitly.
e: file:///C:/Users/HP/Devin1/VidyaPrayag/server/src/main/kotlin/com/littlebridge/enrollplus/feature/platform/TestCaseService.kt:76:9 Not enough information to infer type argument for 'E'.
e: file:///C:/Users/HP/Devin1/VidyaPrayag/server/src/main/kotlin/com/littlebridge/enrollplus/feature/platform/TestCaseService.kt:76:9 Not enough information to infer type argument for 'T'.
e: file:///C:/Users/HP/Devin1/VidyaPrayag/server/src/main/kotlin/com/littlebridge/enrollplus/feature/platform/TestCaseService.kt:77:13 Unresolved reference 'it'.
e: file:///C:/Users/HP/Devin1/VidyaPrayag/server/src/main/kotlin/com/littlebridge/enrollplus/feature/platform/TestCaseService.kt:77:16 Unresolved reference 'PlatformTestCasesTable'.
e: file:///C:/Users/HP/Devin1/VidyaPrayag/server/src/main/kotlin/com/littlebridge/enrollplus/feature/platform/TestCaseService.kt:78:13 Unresolved reference 'it'.
e: file:///C:/Users/HP/Devin1/VidyaPrayag/server/src/main/kotlin/com/littlebridge/enrollplus/feature/platform/TestCaseService.kt:78:16 Unresolved reference 'PlatformTestCasesTable'.
e: file:///C:/Users/HP/Devin1/VidyaPrayag/server/src/main/kotlin/com/littlebridge/enrollplus/feature/platform/TestCaseService.kt:79:13 Unresolved reference 'it'.
e: file:///C:/Users/HP/Devin1/VidyaPrayag/server/src/main/kotlin/com/littlebridge/enrollplus/feature/platform/TestCaseService.kt:79:16 Unresolved reference 'PlatformTestCasesTable'.
e: file:///C:/Users/HP/Devin1/VidyaPrayag/server/src/main/kotlin/com/littlebridge/enrollplus/feature/platform/TestCaseService.kt:80:13 Unresolved reference 'it'.
e: file:///C:/Users/HP/Devin1/VidyaPrayag/server/src/main/kotlin/com/littlebridge/enrollplus/feature/platform/TestCaseService.kt:80:16 Unresolved reference 'PlatformTestCasesTable'.
e: file:///C:/Users/HP/Devin1/VidyaPrayag/server/src/main/kotlin/com/littlebridge/enrollplus/feature/platform/TestCaseService.kt:81:13 Unresolved reference 'it'.
e: file:///C:/Users/HP/Devin1/VidyaPrayag/server/src/main/kotlin/com/littlebridge/enrollplus/feature/platform/TestCaseService.kt:81:16 Unresolved reference 'PlatformTestCasesTable'.
e: file:///C:/Users/HP/Devin1/VidyaPrayag/server/src/main/kotlin/com/littlebridge/enrollplus/feature/platform/TestCaseService.kt:82:13 Unresolved reference 'it'.
e: file:///C:/Users/HP/Devin1/VidyaPrayag/server/src/main/kotlin/com/littlebridge/enrollplus/feature/platform/TestCaseService.kt:82:16 Unresolved reference 'PlatformTestCasesTable'.
e: file:///C:/Users/HP/Devin1/VidyaPrayag/server/src/main/kotlin/com/littlebridge/enrollplus/feature/platform/TestCaseService.kt:83:13 Unresolved reference 'it'.
e: file:///C:/Users/HP/Devin1/VidyaPrayag/server/src/main/kotlin/com/littlebridge/enrollplus/feature/platform/TestCaseService.kt:83:16 Unresolved reference 'PlatformTestCasesTable'.
e: file:///C:/Users/HP/Devin1/VidyaPrayag/server/src/main/kotlin/com/littlebridge/enrollplus/feature/platform/TestCaseService.kt:84:13 Unresolved reference 'it'.
e: file:///C:/Users/HP/Devin1/VidyaPrayag/server/src/main/kotlin/com/littlebridge/enrollplus/feature/platform/TestCaseService.kt:84:16 Unresolved reference 'PlatformTestCasesTable'.
e: file:///C:/Users/HP/Devin1/VidyaPrayag/server/src/main/kotlin/com/littlebridge/enrollplus/feature/platform/TestCaseService.kt:85:13 Unresolved reference 'it'.
e: file:///C:/Users/HP/Devin1/VidyaPrayag/server/src/main/kotlin/com/littlebridge/enrollplus/feature/platform/TestCaseService.kt:85:16 Unresolved reference 'PlatformTestCasesTable'.
e: file:///C:/Users/HP/Devin1/VidyaPrayag/server/src/main/kotlin/com/littlebridge/enrollplus/feature/platform/TestCaseService.kt:86:13 Unresolved reference 'it'.
e: file:///C:/Users/HP/Devin1/VidyaPrayag/server/src/main/kotlin/com/littlebridge/enrollplus/feature/platform/TestCaseService.kt:86:16 Unresolved reference 'PlatformTestCasesTable'.
e: file:///C:/Users/HP/Devin1/VidyaPrayag/server/src/main/kotlin/com/littlebridge/enrollplus/feature/platform/TestCaseService.kt:87:13 Unresolved reference 'it'.
e: file:///C:/Users/HP/Devin1/VidyaPrayag/server/src/main/kotlin/com/littlebridge/enrollplus/feature/platform/TestCaseService.kt:87:16 Unresolved reference 'PlatformTestCasesTable'.
e: file:///C:/Users/HP/Devin1/VidyaPrayag/server/src/main/kotlin/com/littlebridge/enrollplus/feature/platform/TestCaseService.kt:88:13 Unresolved reference 'it'.
e: file:///C:/Users/HP/Devin1/VidyaPrayag/server/src/main/kotlin/com/littlebridge/enrollplus/feature/platform/TestCaseService.kt:88:16 Unresolved reference 'PlatformTestCasesTable'.
e: file:///C:/Users/HP/Devin1/VidyaPrayag/server/src/main/kotlin/com/littlebridge/enrollplus/feature/platform/TestCaseService.kt:89:13 Unresolved reference 'it'.
e: file:///C:/Users/HP/Devin1/VidyaPrayag/server/src/main/kotlin/com/littlebridge/enrollplus/feature/platform/TestCaseService.kt:89:16 Unresolved reference 'PlatformTestCasesTable'.
e: file:///C:/Users/HP/Devin1/VidyaPrayag/server/src/main/kotlin/com/littlebridge/enrollplus/feature/platform/TestCaseService.kt:90:13 Unresolved reference 'it'.
e: file:///C:/Users/HP/Devin1/VidyaPrayag/server/src/main/kotlin/com/littlebridge/enrollplus/feature/platform/TestCaseService.kt:90:16 Unresolved reference 'PlatformTestCasesTable'.
e: file:///C:/Users/HP/Devin1/VidyaPrayag/server/src/main/kotlin/com/littlebridge/enrollplus/feature/platform/TestCaseService.kt:91:13 Unresolved reference 'it'.
e: file:///C:/Users/HP/Devin1/VidyaPrayag/server/src/main/kotlin/com/littlebridge/enrollplus/feature/platform/TestCaseService.kt:91:16 Unresolved reference 'PlatformTestCasesTable'.
e: file:///C:/Users/HP/Devin1/VidyaPrayag/server/src/main/kotlin/com/littlebridge/enrollplus/feature/platform/TestCaseService.kt:92:13 Unresolved reference 'it'.
e: file:///C:/Users/HP/Devin1/VidyaPrayag/server/src/main/kotlin/com/littlebridge/enrollplus/feature/platform/TestCaseService.kt:92:16 Unresolved reference 'PlatformTestCasesTable'.
e: file:///C:/Users/HP/Devin1/VidyaPrayag/server/src/main/kotlin/com/littlebridge/enrollplus/feature/platform/TestCaseService.kt:93:13 Unresolved reference 'it'.
e: file:///C:/Users/HP/Devin1/VidyaPrayag/server/src/main/kotlin/com/littlebridge/enrollplus/feature/platform/TestCaseService.kt:93:16 Unresolved reference 'PlatformTestCasesTable'.
e: file:///C:/Users/HP/Devin1/VidyaPrayag/server/src/main/kotlin/com/littlebridge/enrollplus/feature/platform/TestCaseService.kt:94:13 Unresolved reference 'it'.
e: file:///C:/Users/HP/Devin1/VidyaPrayag/server/src/main/kotlin/com/littlebridge/enrollplus/feature/platform/TestCaseService.kt:94:16 Unresolved reference 'PlatformTestCasesTable'.
e: file:///C:/Users/HP/Devin1/VidyaPrayag/server/src/main/kotlin/com/littlebridge/enrollplus/feature/platform/TestCaseService.kt:95:13 Unresolved reference 'it'.
e: file:///C:/Users/HP/Devin1/VidyaPrayag/server/src/main/kotlin/com/littlebridge/enrollplus/feature/platform/TestCaseService.kt:95:16 Unresolved reference 'PlatformTestCasesTable'.
e: file:///C:/Users/HP/Devin1/VidyaPrayag/server/src/main/kotlin/com/littlebridge/enrollplus/feature/platform/TestCaseService.kt:96:13 Unresolved reference 'it'.
e: file:///C:/Users/HP/Devin1/VidyaPrayag/server/src/main/kotlin/com/littlebridge/enrollplus/feature/platform/TestCaseService.kt:96:16 Unresolved reference 'PlatformTestCasesTable'.
e: file:///C:/Users/HP/Devin1/VidyaPrayag/server/src/main/kotlin/com/littlebridge/enrollplus/feature/platform/TestCaseService.kt:97:13 Unresolved reference 'it'.
e: file:///C:/Users/HP/Devin1/VidyaPrayag/server/src/main/kotlin/com/littlebridge/enrollplus/feature/platform/TestCaseService.kt:97:16 Unresolved reference 'PlatformTestCasesTable'.
e: file:///C:/Users/HP/Devin1/VidyaPrayag/server/src/main/kotlin/com/littlebridge/enrollplus/feature/platform/TestCaseService.kt:98:11 Unresolved reference 'PlatformTestCasesTable'.
e: file:///C:/Users/HP/Devin1/VidyaPrayag/server/src/main/kotlin/com/littlebridge/enrollplus/feature/platform/TestCaseService.kt:98:38 Unresolved reference 'value'.
e: file:///C:/Users/HP/Devin1/VidyaPrayag/server/src/main/kotlin/com/littlebridge/enrollplus/feature/platform/TestCaseService.kt:102:9 Unresolved reference 'PlatformTestCasesTable'.
e: file:///C:/Users/HP/Devin1/VidyaPrayag/server/src/main/kotlin/com/littlebridge/enrollplus/feature/platform/TestCaseService.kt:102:49 Unresolved reference 'PlatformTestCasesTable'.
e: file:///C:/Users/HP/Devin1/VidyaPrayag/server/src/main/kotlin/com/littlebridge/enrollplus/feature/platform/TestCaseService.kt:103:38 Unresolved reference 'PlatformTestCasesTable'.
e: file:///C:/Users/HP/Devin1/VidyaPrayag/server/src/main/kotlin/com/littlebridge/enrollplus/feature/platform/TestCaseService.kt:104:44 Unresolved reference 'PlatformTestCasesTable'.
e: file:///C:/Users/HP/Devin1/VidyaPrayag/server/src/main/kotlin/com/littlebridge/enrollplus/feature/platform/TestCaseService.kt:105:46 Unresolved reference 'PlatformTestCasesTable'.
e: file:///C:/Users/HP/Devin1/VidyaPrayag/server/src/main/kotlin/com/littlebridge/enrollplus/feature/platform/TestCaseService.kt:106:43 Unresolved reference 'PlatformTestCasesTable'.
e: file:///C:/Users/HP/Devin1/VidyaPrayag/server/src/main/kotlin/com/littlebridge/enrollplus/feature/platform/TestCaseService.kt:107:48 Unresolved reference 'PlatformTestCasesTable'.
e: file:///C:/Users/HP/Devin1/VidyaPrayag/server/src/main/kotlin/com/littlebridge/enrollplus/feature/platform/TestCaseService.kt:108:41 Unresolved reference 'PlatformTestCasesTable'.
e: file:///C:/Users/HP/Devin1/VidyaPrayag/server/src/main/kotlin/com/littlebridge/enrollplus/feature/platform/TestCaseService.kt:109:42 Unresolved reference 'PlatformTestCasesTable'.
e: file:///C:/Users/HP/Devin1/VidyaPrayag/server/src/main/kotlin/com/littlebridge/enrollplus/feature/platform/TestCaseService.kt:110:44 Unresolved reference 'PlatformTestCasesTable'.
e: file:///C:/Users/HP/Devin1/VidyaPrayag/server/src/main/kotlin/com/littlebridge/enrollplus/feature/platform/TestCaseService.kt:111:46 Unresolved reference 'PlatformTestCasesTable'.
e: file:///C:/Users/HP/Devin1/VidyaPrayag/server/src/main/kotlin/com/littlebridge/enrollplus/feature/platform/TestCaseService.kt:112:44 Unresolved reference 'PlatformTestCasesTable'.
e: file:///C:/Users/HP/Devin1/VidyaPrayag/server/src/main/kotlin/com/littlebridge/enrollplus/feature/platform/TestCaseService.kt:113:40 Unresolved reference 'PlatformTestCasesTable'.
e: file:///C:/Users/HP/Devin1/VidyaPrayag/server/src/main/kotlin/com/littlebridge/enrollplus/feature/platform/TestCaseService.kt:114:44 Unresolved reference 'PlatformTestCasesTable'.
e: file:///C:/Users/HP/Devin1/VidyaPrayag/server/src/main/kotlin/com/littlebridge/enrollplus/feature/platform/TestCaseService.kt:115:41 Unresolved reference 'PlatformTestCasesTable'.
e: file:///C:/Users/HP/Devin1/VidyaPrayag/server/src/main/kotlin/com/littlebridge/enrollplus/feature/platform/TestCaseService.kt:116:42 Unresolved reference 'PlatformTestCasesTable'.
e: file:///C:/Users/HP/Devin1/VidyaPrayag/server/src/main/kotlin/com/littlebridge/enrollplus/feature/platform/TestCaseService.kt:117:39 Unresolved reference 'PlatformTestCasesTable'.
e: file:///C:/Users/HP/Devin1/VidyaPrayag/server/src/main/kotlin/com/littlebridge/enrollplus/feature/platform/TestCaseService.kt:118:16 Unresolved reference 'PlatformTestCasesTable'.
e: file:///C:/Users/HP/Devin1/VidyaPrayag/server/src/main/kotlin/com/littlebridge/enrollplus/feature/platform/TestCaseService.kt:123:9 Unresolved reference 'PlatformTestCasesTable'.
e: file:///C:/Users/HP/Devin1/VidyaPrayag/server/src/main/kotlin/com/littlebridge/enrollplus/feature/platform/TestCaseService.kt:123:49 Unresolved reference 'PlatformTestCasesTable'.
e: file:///C:/Users/HP/Devin1/VidyaPrayag/server/src/main/kotlin/com/littlebridge/enrollplus/feature/platform/TestCaseService.kt:124:16 Unresolved reference 'PlatformTestCasesTable'.
e: file:///C:/Users/HP/Devin1/VidyaPrayag/server/src/main/kotlin/com/littlebridge/enrollplus/feature/platform/TestCaseService.kt:125:16 Unresolved reference 'PlatformTestCasesTable'.
e: file:///C:/Users/HP/Devin1/VidyaPrayag/server/src/main/kotlin/com/littlebridge/enrollplus/feature/platform/TestCaseService.kt:126:46 Unresolved reference 'PlatformTestCasesTable'.
e: file:///C:/Users/HP/Devin1/VidyaPrayag/server/src/main/kotlin/com/littlebridge/enrollplus/feature/platform/TestCaseService.kt:127:44 Unresolved reference 'PlatformTestCasesTable'.
e: file:///C:/Users/HP/Devin1/VidyaPrayag/server/src/main/kotlin/com/littlebridge/enrollplus/feature/platform/TestCaseService.kt:128:16 Unresolved reference 'PlatformTestCasesTable'.
e: file:///C:/Users/HP/Devin1/VidyaPrayag/server/src/main/kotlin/com/littlebridge/enrollplus/feature/platform/TestCaseService.kt:129:16 Unresolved reference 'PlatformTestCasesTable'.
e: file:///C:/Users/HP/Devin1/VidyaPrayag/server/src/main/kotlin/com/littlebridge/enrollplus/feature/platform/TestCaseService.kt:130:16 Unresolved reference 'PlatformTestCasesTable'.
e: file:///C:/Users/HP/Devin1/VidyaPrayag/server/src/main/kotlin/com/littlebridge/enrollplus/feature/platform/TestCaseService.kt:135:9 Unresolved reference 'PlatformTestCasesTable'.
e: file:///C:/Users/HP/Devin1/VidyaPrayag/server/src/main/kotlin/com/littlebridge/enrollplus/feature/platform/TestCaseService.kt:135:32 Cannot infer type for this parameter. Specify it 
explicitly.
e: file:///C:/Users/HP/Devin1/VidyaPrayag/server/src/main/kotlin/com/littlebridge/enrollplus/feature/platform/TestCaseService.kt:135:44 Cannot infer type for this parameter. Specify it 
explicitly.
e: file:///C:/Users/HP/Devin1/VidyaPrayag/server/src/main/kotlin/com/littlebridge/enrollplus/feature/platform/TestCaseService.kt:135:46 Unresolved reference 'PlatformTestCasesTable'.
e: file:///C:/Users/HP/Devin1/VidyaPrayag/server/src/main/kotlin/com/littlebridge/enrollplus/feature/platform/TestCaseService.kt:139:9 Unresolved reference 'PlatformTestAttachmentsTable'.
e: file:///C:/Users/HP/Devin1/VidyaPrayag/server/src/main/kotlin/com/littlebridge/enrollplus/feature/platform/TestCaseService.kt:140:22 Unresolved reference 'PlatformTestAttachmentsTable'.
e: file:///C:/Users/HP/Devin1/VidyaPrayag/server/src/main/kotlin/com/littlebridge/enrollplus/feature/platform/TestCaseService.kt:143:26 Cannot infer type for this parameter. Specify it 
explicitly.
e: file:///C:/Users/HP/Devin1/VidyaPrayag/server/src/main/kotlin/com/littlebridge/enrollplus/feature/platform/TestCaseService.kt:143:26 Not enough information to infer type argument for 'T'.
e: file:///C:/Users/HP/Devin1/VidyaPrayag/server/src/main/kotlin/com/littlebridge/enrollplus/feature/platform/TestCaseService.kt:143:28 Unresolved reference 'PlatformTestAttachmentsTable'.
e: file:///C:/Users/HP/Devin1/VidyaPrayag/server/src/main/kotlin/com/littlebridge/enrollplus/feature/platform/TestCaseService.kt:143:61 Unresolved reference 'value'.
e: file:///C:/Users/HP/Devin1/VidyaPrayag/server/src/main/kotlin/com/littlebridge/enrollplus/feature/platform/TestCaseService.kt:144:35 Unresolved reference 'PlatformTestAttachmentsTable'.
e: file:///C:/Users/HP/Devin1/VidyaPrayag/server/src/main/kotlin/com/littlebridge/enrollplus/feature/platform/TestCaseService.kt:145:34 Unresolved reference 'PlatformTestAttachmentsTable'.
e: file:///C:/Users/HP/Devin1/VidyaPrayag/server/src/main/kotlin/com/littlebridge/enrollplus/feature/platform/TestCaseService.kt:146:35 Unresolved reference 'PlatformTestAttachmentsTable'.
e: file:///C:/Users/HP/Devin1/VidyaPrayag/server/src/main/kotlin/com/littlebridge/enrollplus/feature/platform/TestCaseService.kt:147:35 Unresolved reference 'PlatformTestAttachmentsTable'.
e: file:///C:/Users/HP/Devin1/VidyaPrayag/server/src/main/kotlin/com/littlebridge/enrollplus/feature/platform/TestCaseService.kt:148:41 Unresolved reference 'PlatformTestAttachmentsTable'.
e: file:///C:/Users/HP/Devin1/VidyaPrayag/server/src/main/kotlin/com/littlebridge/enrollplus/feature/platform/TestCaseService.kt:149:35 Cannot infer type for this parameter. Specify it 
explicitly.
e: file:///C:/Users/HP/Devin1/VidyaPrayag/server/src/main/kotlin/com/littlebridge/enrollplus/feature/platform/TestCaseService.kt:149:35 Not enough information to infer type argument for 'T'.
e: file:///C:/Users/HP/Devin1/VidyaPrayag/server/src/main/kotlin/com/littlebridge/enrollplus/feature/platform/TestCaseService.kt:149:37 Unresolved reference 'PlatformTestAttachmentsTable'.
e: file:///C:/Users/HP/Devin1/VidyaPrayag/server/src/main/kotlin/com/littlebridge/enrollplus/feature/platform/TestCaseService.kt:150:34 Cannot infer type for this parameter. Specify it 
explicitly.
e: file:///C:/Users/HP/Devin1/VidyaPrayag/server/src/main/kotlin/com/littlebridge/enrollplus/feature/platform/TestCaseService.kt:150:34 Not enough information to infer type argument for 'T'.
e: file:///C:/Users/HP/Devin1/VidyaPrayag/server/src/main/kotlin/com/littlebridge/enrollplus/feature/platform/TestCaseService.kt:150:36 Unresolved reference 'PlatformTestAttachmentsTable'.
e: file:///C:/Users/HP/Devin1/VidyaPrayag/server/src/main/kotlin/com/littlebridge/enrollplus/feature/platform/TestCaseService.kt:156:27 Cannot infer type for this parameter. Specify it 
explicitly.
e: file:///C:/Users/HP/Devin1/VidyaPrayag/server/src/main/kotlin/com/littlebridge/enrollplus/feature/platform/TestCaseService.kt:156:27 Not enough information to infer type argument for 'T'.
e: file:///C:/Users/HP/Devin1/VidyaPrayag/server/src/main/kotlin/com/littlebridge/enrollplus/feature/platform/TestCaseService.kt:156:31 Unresolved reference 'PlatformTestCasesTable'.
e: file:///C:/Users/HP/Devin1/VidyaPrayag/server/src/main/kotlin/com/littlebridge/enrollplus/feature/platform/TestCaseService.kt:156:65 Cannot infer type for this parameter. Specify it 
explicitly.
e: file:///C:/Users/HP/Devin1/VidyaPrayag/server/src/main/kotlin/com/littlebridge/enrollplus/feature/platform/TestCaseService.kt:156:65 Not enough information to infer type argument for 'T'.
e: file:///C:/Users/HP/Devin1/VidyaPrayag/server/src/main/kotlin/com/littlebridge/enrollplus/feature/platform/TestCaseService.kt:156:65 Not enough information to infer type argument for 'R'.
e: file:///C:/Users/HP/Devin1/VidyaPrayag/server/src/main/kotlin/com/littlebridge/enrollplus/feature/platform/TestCaseService.kt:156:71 Cannot infer type for this parameter. Specify it 
explicitly.
e: file:///C:/Users/HP/Devin1/VidyaPrayag/server/src/main/kotlin/com/littlebridge/enrollplus/feature/platform/TestCaseService.kt:157:13 Unresolved reference 'PlatformFeaturesTable'.
e: file:///C:/Users/HP/Devin1/VidyaPrayag/server/src/main/kotlin/com/littlebridge/enrollplus/feature/platform/TestCaseService.kt:157:55 Unresolved reference 'PlatformFeaturesTable'.
e: file:///C:/Users/HP/Devin1/VidyaPrayag/server/src/main/kotlin/com/littlebridge/enrollplus/feature/platform/TestCaseService.kt:158:34 Cannot infer type for this parameter. Specify it 
explicitly.
e: file:///C:/Users/HP/Devin1/VidyaPrayag/server/src/main/kotlin/com/littlebridge/enrollplus/feature/platform/TestCaseService.kt:158:38 Unresolved reference 'PlatformFeaturesTable'.
e: file:///C:/Users/HP/Devin1/VidyaPrayag/server/src/main/kotlin/com/littlebridge/enrollplus/feature/platform/TestCaseService.kt:158:38 Argument type mismatch: actual type is 'String', but 
'Expression<uninferred T (of fun <T> get)>' was expected.
e: file:///C:/Users/HP/Devin1/VidyaPrayag/server/src/main/kotlin/com/littlebridge/enrollplus/feature/platform/TestCaseService.kt:160:28 Cannot infer type for this parameter. Specify it 
explicitly.
e: file:///C:/Users/HP/Devin1/VidyaPrayag/server/src/main/kotlin/com/littlebridge/enrollplus/feature/platform/TestCaseService.kt:160:28 Not enough information to infer type argument for 'T'.
e: file:///C:/Users/HP/Devin1/VidyaPrayag/server/src/main/kotlin/com/littlebridge/enrollplus/feature/platform/TestCaseService.kt:160:32 Unresolved reference 'PlatformTestCasesTable'.
e: file:///C:/Users/HP/Devin1/VidyaPrayag/server/src/main/kotlin/com/littlebridge/enrollplus/feature/platform/TestCaseService.kt:160:68 Cannot infer type for this parameter. Specify it 
explicitly.
e: file:///C:/Users/HP/Devin1/VidyaPrayag/server/src/main/kotlin/com/littlebridge/enrollplus/feature/platform/TestCaseService.kt:160:68 Not enough information to infer type argument for 'T'.
e: file:///C:/Users/HP/Devin1/VidyaPrayag/server/src/main/kotlin/com/littlebridge/enrollplus/feature/platform/TestCaseService.kt:160:68 Not enough information to infer type argument for 'R'.
e: file:///C:/Users/HP/Devin1/VidyaPrayag/server/src/main/kotlin/com/littlebridge/enrollplus/feature/platform/TestCaseService.kt:160:74 Cannot infer type for this parameter. Specify it 
explicitly.
e: file:///C:/Users/HP/Devin1/VidyaPrayag/server/src/main/kotlin/com/littlebridge/enrollplus/feature/platform/TestCaseService.kt:165:18 Cannot infer type for this parameter. Specify it 
explicitly.
e: file:///C:/Users/HP/Devin1/VidyaPrayag/server/src/main/kotlin/com/littlebridge/enrollplus/feature/platform/TestCaseService.kt:165:18 Not enough information to infer type argument for 'T'.
e: file:///C:/Users/HP/Devin1/VidyaPrayag/server/src/main/kotlin/com/littlebridge/enrollplus/feature/platform/TestCaseService.kt:165:22 Unresolved reference 'PlatformTestCasesTable'.
e: file:///C:/Users/HP/Devin1/VidyaPrayag/server/src/main/kotlin/com/littlebridge/enrollplus/feature/platform/TestCaseService.kt:165:49 Unresolved reference 'value'.
e: file:///C:/Users/HP/Devin1/VidyaPrayag/server/src/main/kotlin/com/littlebridge/enrollplus/feature/platform/TestCaseService.kt:166:27 Unresolved reference 'PlatformTestCasesTable'.
e: file:///C:/Users/HP/Devin1/VidyaPrayag/server/src/main/kotlin/com/littlebridge/enrollplus/feature/platform/TestCaseService.kt:167:26 Cannot infer type for this parameter. Specify it 
explicitly.
e: file:///C:/Users/HP/Devin1/VidyaPrayag/server/src/main/kotlin/com/littlebridge/enrollplus/feature/platform/TestCaseService.kt:167:26 Not enough information to infer type argument for 'T'.
e: file:///C:/Users/HP/Devin1/VidyaPrayag/server/src/main/kotlin/com/littlebridge/enrollplus/feature/platform/TestCaseService.kt:167:30 Unresolved reference 'PlatformTestCasesTable'.
e: file:///C:/Users/HP/Devin1/VidyaPrayag/server/src/main/kotlin/com/littlebridge/enrollplus/feature/platform/TestCaseService.kt:169:25 Cannot infer type for this parameter. Specify it 
explicitly.
e: file:///C:/Users/HP/Devin1/VidyaPrayag/server/src/main/kotlin/com/littlebridge/enrollplus/feature/platform/TestCaseService.kt:169:25 Not enough information to infer type argument for 'T'.
e: file:///C:/Users/HP/Devin1/VidyaPrayag/server/src/main/kotlin/com/littlebridge/enrollplus/feature/platform/TestCaseService.kt:169:29 Unresolved reference 'PlatformTestCasesTable'.
e: file:///C:/Users/HP/Devin1/VidyaPrayag/server/src/main/kotlin/com/littlebridge/enrollplus/feature/platform/TestCaseService.kt:170:22 Cannot infer type for this parameter. Specify it 
explicitly.
e: file:///C:/Users/HP/Devin1/VidyaPrayag/server/src/main/kotlin/com/littlebridge/enrollplus/feature/platform/TestCaseService.kt:170:22 Not enough information to infer type argument for 'T'.
e: file:///C:/Users/HP/Devin1/VidyaPrayag/server/src/main/kotlin/com/littlebridge/enrollplus/feature/platform/TestCaseService.kt:170:26 Unresolved reference 'PlatformTestCasesTable'.
e: file:///C:/Users/HP/Devin1/VidyaPrayag/server/src/main/kotlin/com/littlebridge/enrollplus/feature/platform/TestCaseService.kt:171:25 Unresolved reference 'PlatformTestCasesTable'.
e: file:///C:/Users/HP/Devin1/VidyaPrayag/server/src/main/kotlin/com/littlebridge/enrollplus/feature/platform/TestCaseService.kt:172:31 Unresolved reference 'PlatformTestCasesTable'.
e: file:///C:/Users/HP/Devin1/VidyaPrayag/server/src/main/kotlin/com/littlebridge/enrollplus/feature/platform/TestCaseService.kt:173:33 Unresolved reference 'PlatformTestCasesTable'.
e: file:///C:/Users/HP/Devin1/VidyaPrayag/server/src/main/kotlin/com/littlebridge/enrollplus/feature/platform/TestCaseService.kt:174:30 Unresolved reference 'PlatformTestCasesTable'.
e: file:///C:/Users/HP/Devin1/VidyaPrayag/server/src/main/kotlin/com/littlebridge/enrollplus/feature/platform/TestCaseService.kt:175:35 Unresolved reference 'PlatformTestCasesTable'.
e: file:///C:/Users/HP/Devin1/VidyaPrayag/server/src/main/kotlin/com/littlebridge/enrollplus/feature/platform/TestCaseService.kt:176:28 Unresolved reference 'PlatformTestCasesTable'.
e: file:///C:/Users/HP/Devin1/VidyaPrayag/server/src/main/kotlin/com/littlebridge/enrollplus/feature/platform/TestCaseService.kt:177:29 Unresolved reference 'PlatformTestCasesTable'.
e: file:///C:/Users/HP/Devin1/VidyaPrayag/server/src/main/kotlin/com/littlebridge/enrollplus/feature/platform/TestCaseService.kt:178:26 Unresolved reference 'PlatformTestCasesTable'.
e: file:///C:/Users/HP/Devin1/VidyaPrayag/server/src/main/kotlin/com/littlebridge/enrollplus/feature/platform/TestCaseService.kt:179:27 Cannot infer type for this parameter. Specify it 
explicitly.
e: file:///C:/Users/HP/Devin1/VidyaPrayag/server/src/main/kotlin/com/littlebridge/enrollplus/feature/platform/TestCaseService.kt:179:27 Not enough information to infer type argument for 'T'.
e: file:///C:/Users/HP/Devin1/VidyaPrayag/server/src/main/kotlin/com/littlebridge/enrollplus/feature/platform/TestCaseService.kt:179:31 Unresolved reference 'PlatformTestCasesTable'.
e: file:///C:/Users/HP/Devin1/VidyaPrayag/server/src/main/kotlin/com/littlebridge/enrollplus/feature/platform/TestCaseService.kt:181:33 Unresolved reference 'PlatformTestCasesTable'.
e: file:///C:/Users/HP/Devin1/VidyaPrayag/server/src/main/kotlin/com/littlebridge/enrollplus/feature/platform/TestCaseService.kt:182:31 Unresolved reference 'PlatformTestCasesTable'.
e: file:///C:/Users/HP/Devin1/VidyaPrayag/server/src/main/kotlin/com/littlebridge/enrollplus/feature/platform/TestCaseService.kt:183:27 Unresolved reference 'PlatformTestCasesTable'.
e: file:///C:/Users/HP/Devin1/VidyaPrayag/server/src/main/kotlin/com/littlebridge/enrollplus/feature/platform/TestCaseService.kt:184:31 Unresolved reference 'PlatformTestCasesTable'.
e: file:///C:/Users/HP/Devin1/VidyaPrayag/server/src/main/kotlin/com/littlebridge/enrollplus/feature/platform/TestCaseService.kt:185:28 Unresolved reference 'PlatformTestCasesTable'.
e: file:///C:/Users/HP/Devin1/VidyaPrayag/server/src/main/kotlin/com/littlebridge/enrollplus/feature/platform/TestCaseService.kt:186:30 Cannot infer type for this parameter. Specify it 
explicitly.
e: file:///C:/Users/HP/Devin1/VidyaPrayag/server/src/main/kotlin/com/littlebridge/enrollplus/feature/platform/TestCaseService.kt:186:30 Not enough information to infer type argument for 'T'.
e: file:///C:/Users/HP/Devin1/VidyaPrayag/server/src/main/kotlin/com/littlebridge/enrollplus/feature/platform/TestCaseService.kt:186:34 Unresolved reference 'PlatformTestCasesTable'.
e: file:///C:/Users/HP/Devin1/VidyaPrayag/server/src/main/kotlin/com/littlebridge/enrollplus/feature/platform/TestCaseService.kt:187:30 Cannot infer type for this parameter. Specify it 
explicitly.
e: file:///C:/Users/HP/Devin1/VidyaPrayag/server/src/main/kotlin/com/littlebridge/enrollplus/feature/platform/TestCaseService.kt:187:30 Not enough information to infer type argument for 'T'.
e: file:///C:/Users/HP/Devin1/VidyaPrayag/server/src/main/kotlin/com/littlebridge/enrollplus/feature/platform/TestCaseService.kt:187:34 Unresolved reference 'PlatformTestCasesTable'.
e: file:///C:/Users/HP/Devin1/VidyaPrayag/server/src/main/kotlin/com/littlebridge/enrollplus/feature/platform/TestCaseService.kt:188:34 Unresolved reference 'PlatformTestCasesTable'.
e: file:///C:/Users/HP/Devin1/VidyaPrayag/server/src/main/kotlin/com/littlebridge/enrollplus/feature/platform/TestCaseService.kt:189:28 Unresolved reference 'PlatformTestCasesTable'.
e: file:///C:/Users/HP/Devin1/VidyaPrayag/server/src/main/kotlin/com/littlebridge/enrollplus/feature/platform/TestCaseService.kt:190:26 Cannot infer type for this parameter. Specify it 
explicitly.
e: file:///C:/Users/HP/Devin1/VidyaPrayag/server/src/main/kotlin/com/littlebridge/enrollplus/feature/platform/TestCaseService.kt:190:26 Not enough information to infer type argument for 'T'.
e: file:///C:/Users/HP/Devin1/VidyaPrayag/server/src/main/kotlin/com/littlebridge/enrollplus/feature/platform/TestCaseService.kt:190:30 Unresolved reference 'PlatformTestCasesTable'.
e: file:///C:/Users/HP/Devin1/VidyaPrayag/server/src/main/kotlin/com/littlebridge/enrollplus/feature/platform/TestCaseService.kt:191:26 Cannot infer type for this parameter. Specify it 
explicitly.
e: file:///C:/Users/HP/Devin1/VidyaPrayag/server/src/main/kotlin/com/littlebridge/enrollplus/feature/platform/TestCaseService.kt:191:26 Not enough information to infer type argument for 'T'.
e: file:///C:/Users/HP/Devin1/VidyaPrayag/server/src/main/kotlin/com/littlebridge/enrollplus/feature/platform/TestCaseService.kt:191:30 Unresolved reference 'PlatformTestCasesTable'.
e: file:///C:/Users/HP/Devin1/VidyaPrayag/server/src/main/kotlin/com/littlebridge/enrollplus/feature/skilltest/SkillTestService.kt:865:17 None of the following candidates is applicable:
fun <S, ID : EntityID<S>, E : Expression<S>> set(column: Column<ID>, value: E): Unit
fun <S> set(column: Column<S>, value: S): Unit
fun <S> set(column: Column<S>, value: Query): Unit
fun <T, S : T?, E : Expression<S>> set(column: Column<T>, value: E): Unit
fun <S : Comparable<S>> set(column: Column<EntityID<S>>, value: S): Unit
fun <S : Comparable<S>> set(column: Column<EntityID<S>?>, value: S?): Unit
fun <S> set(column: CompositeColumn<S>, value: S): Unit
e: file:///C:/Users/HP/Devin1/VidyaPrayag/server/src/main/kotlin/com/littlebridge/enrollplus/feature/skilltest/SkillTestService.kt:866:17 None of the following candidates is applicable:
fun <S, ID : EntityID<S>, E : Expression<S>> set(column: Column<ID>, value: E): Unit
fun <S> set(column: Column<S>, value: S): Unit
fun <S> set(column: Column<S>, value: Query): Unit
fun <T, S : T?, E : Expression<S>> set(column: Column<T>, value: E): Unit
fun <S : Comparable<S>> set(column: Column<EntityID<S>>, value: S): Unit
fun <S : Comparable<S>> set(column: Column<EntityID<S>?>, value: S?): Unit
fun <S> set(column: CompositeColumn<S>, value: S): Unit
e: file:///C:/Users/HP/Devin1/VidyaPrayag/server/src/main/kotlin/com/littlebridge/enrollplus/feature/skilltest/SkillTestService.kt:867:17 None of the following candidates is applicable:
fun <S, ID : EntityID<S>, E : Expression<S>> set(column: Column<ID>, value: E): Unit
fun <S> set(column: Column<S>, value: S): Unit
fun <S> set(column: Column<S>, value: Query): Unit
fun <T, S : T?, E : Expression<S>> set(column: Column<T>, value: E): Unit
fun <S : Comparable<S>> set(column: Column<EntityID<S>>, value: S): Unit
fun <S : Comparable<S>> set(column: Column<EntityID<S>?>, value: S?): Unit
fun <S> set(column: CompositeColumn<S>, value: S): Unit
e: file:///C:/Users/HP/Devin1/VidyaPrayag/server/src/main/kotlin/com/littlebridge/enrollplus/feature/skilltest/SkillTestService.kt:868:17 None of the following candidates is applicable:
fun <S, ID : EntityID<S>, E : Expression<S>> set(column: Column<ID>, value: E): Unit
fun <S> set(column: Column<S>, value: S): Unit
fun <S> set(column: Column<S>, value: Query): Unit
fun <T, S : T?, E : Expression<S>> set(column: Column<T>, value: E): Unit
fun <S : Comparable<S>> set(column: Column<EntityID<S>>, value: S): Unit
fun <S : Comparable<S>> set(column: Column<EntityID<S>?>, value: S?): Unit
fun <S> set(column: CompositeColumn<S>, value: S): Unit
e: file:///C:/Users/HP/Devin1/VidyaPrayag/server/src/main/kotlin/com/littlebridge/enrollplus/feature/skilltest/SkillTestService.kt:869:17 None of the following candidates is applicable:
fun <S, ID : EntityID<S>, E : Expression<S>> set(column: Column<ID>, value: E): Unit
fun <S> set(column: Column<S>, value: S): Unit
fun <S> set(column: Column<S>, value: Query): Unit
fun <T, S : T?, E : Expression<S>> set(column: Column<T>, value: E): Unit
fun <S : Comparable<S>> set(column: Column<EntityID<S>>, value: S): Unit
fun <S : Comparable<S>> set(column: Column<EntityID<S>?>, value: S?): Unit
fun <S> set(column: CompositeColumn<S>, value: S): Unit
e: file:///C:/Users/HP/Devin1/VidyaPrayag/server/src/main/kotlin/com/littlebridge/enrollplus/feature/skilltest/SkillTestService.kt:870:17 None of the following candidates is applicable:
fun <S, ID : EntityID<S>, E : Expression<S>> set(column: Column<ID>, value: E): Unit
fun <S> set(column: Column<S>, value: S): Unit
fun <S> set(column: Column<S>, value: Query): Unit
fun <T, S : T?, E : Expression<S>> set(column: Column<T>, value: E): Unit
fun <S : Comparable<S>> set(column: Column<EntityID<S>>, value: S): Unit
fun <S : Comparable<S>> set(column: Column<EntityID<S>?>, value: S?): Unit
fun <S> set(column: CompositeColumn<S>, value: S): Unit
e: file:///C:/Users/HP/Devin1/VidyaPrayag/server/src/main/kotlin/com/littlebridge/enrollplus/feature/skilltest/SkillTestService.kt:871:17 None of the following candidates is applicable:
fun <S, ID : EntityID<S>, E : Expression<S>> set(column: Column<ID>, value: E): Unit
fun <S> set(column: Column<S>, value: S): Unit
fun <S> set(column: Column<S>, value: Query): Unit
fun <T, S : T?, E : Expression<S>> set(column: Column<T>, value: E): Unit
fun <S : Comparable<S>> set(column: Column<EntityID<S>>, value: S): Unit
fun <S : Comparable<S>> set(column: Column<EntityID<S>?>, value: S?): Unit
fun <S> set(column: CompositeColumn<S>, value: S): Unit
e: file:///C:/Users/HP/Devin1/VidyaPrayag/server/src/main/kotlin/com/littlebridge/enrollplus/feature/skilltest/SkillTestService.kt:879:17 None of the following candidates is applicable:
fun <S, ID : EntityID<S>, E : Expression<S>> set(column: Column<ID>, value: E): Unit
fun <S> set(column: Column<S>, value: S): Unit
fun <S> set(column: Column<S>, value: Query): Unit
fun <T, S : T?, E : Expression<S>> set(column: Column<T>, value: E): Unit
fun <S : Comparable<S>> set(column: Column<EntityID<S>>, value: S): Unit
fun <S : Comparable<S>> set(column: Column<EntityID<S>?>, value: S?): Unit
fun <S> set(column: CompositeColumn<S>, value: S): Unit
e: file:///C:/Users/HP/Devin1/VidyaPrayag/server/src/main/kotlin/com/littlebridge/enrollplus/feature/skilltest/SkillTestService.kt:880:17 None of the following candidates is applicable:
fun <S, ID : EntityID<S>, E : Expression<S>> set(column: Column<ID>, value: E): Unit
fun <S> set(column: Column<S>, value: S): Unit
fun <S> set(column: Column<S>, value: Query): Unit
fun <T, S : T?, E : Expression<S>> set(column: Column<T>, value: E): Unit
fun <S : Comparable<S>> set(column: Column<EntityID<S>>, value: S): Unit
fun <S : Comparable<S>> set(column: Column<EntityID<S>?>, value: S?): Unit
fun <S> set(column: CompositeColumn<S>, value: S): Unit
e: file:///C:/Users/HP/Devin1/VidyaPrayag/server/src/main/kotlin/com/littlebridge/enrollplus/feature/skilltest/SkillTestService.kt:881:17 None of the following candidates is applicable:
fun <S, ID : EntityID<S>, E : Expression<S>> set(column: Column<ID>, value: E): Unit
fun <S> set(column: Column<S>, value: S): Unit
fun <S> set(column: Column<S>, value: Query): Unit
fun <T, S : T?, E : Expression<S>> set(column: Column<T>, value: E): Unit
fun <S : Comparable<S>> set(column: Column<EntityID<S>>, value: S): Unit
fun <S : Comparable<S>> set(column: Column<EntityID<S>?>, value: S?): Unit
fun <S> set(column: CompositeColumn<S>, value: S): Unit
e: file:///C:/Users/HP/Devin1/VidyaPrayag/server/src/main/kotlin/com/littlebridge/enrollplus/feature/skilltest/SkillTestService.kt:882:17 None of the following candidates is applicable:
fun <S, ID : EntityID<S>, E : Expression<S>> set(column: Column<ID>, value: E): Unit
fun <S> set(column: Column<S>, value: S): Unit
fun <S> set(column: Column<S>, value: Query): Unit
fun <T, S : T?, E : Expression<S>> set(column: Column<T>, value: E): Unit
fun <S : Comparable<S>> set(column: Column<EntityID<S>>, value: S): Unit
fun <S : Comparable<S>> set(column: Column<EntityID<S>?>, value: S?): Unit
fun <S> set(column: CompositeColumn<S>, value: S): Unit
e: file:///C:/Users/HP/Devin1/VidyaPrayag/server/src/main/kotlin/com/littlebridge/enrollplus/feature/skilltest/SkillTestService.kt:883:17 None of the following candidates is applicable:
fun <S, ID : EntityID<S>, E : Expression<S>> set(column: Column<ID>, value: E): Unit
fun <S> set(column: Column<S>, value: S): Unit
fun <S> set(column: Column<S>, value: Query): Unit
fun <T, S : T?, E : Expression<S>> set(column: Column<T>, value: E): Unit
fun <S : Comparable<S>> set(column: Column<EntityID<S>>, value: S): Unit
fun <S : Comparable<S>> set(column: Column<EntityID<S>?>, value: S?): Unit
fun <S> set(column: CompositeColumn<S>, value: S): Unit
e: file:///C:/Users/HP/Devin1/VidyaPrayag/server/src/main/kotlin/com/littlebridge/enrollplus/feature/skilltest/SkillTestService.kt:884:17 None of the following candidates is applicable:
fun <S, ID : EntityID<S>, E : Expression<S>> set(column: Column<ID>, value: E): Unit
fun <S> set(column: Column<S>, value: S): Unit
fun <S> set(column: Column<S>, value: Query): Unit
fun <T, S : T?, E : Expression<S>> set(column: Column<T>, value: E): Unit
fun <S : Comparable<S>> set(column: Column<EntityID<S>>, value: S): Unit
fun <S : Comparable<S>> set(column: Column<EntityID<S>?>, value: S?): Unit
fun <S> set(column: CompositeColumn<S>, value: S): Unit
e: file:///C:/Users/HP/Devin1/VidyaPrayag/server/src/main/kotlin/com/littlebridge/enrollplus/feature/skilltest/SkillTestService.kt:885:17 None of the following candidates is applicable:
fun <S, ID : EntityID<S>, E : Expression<S>> set(column: Column<ID>, value: E): Unit
fun <S> set(column: Column<S>, value: S): Unit
fun <S> set(column: Column<S>, value: Query): Unit
fun <T, S : T?, E : Expression<S>> set(column: Column<T>, value: E): Unit
fun <S : Comparable<S>> set(column: Column<EntityID<S>>, value: S): Unit
fun <S : Comparable<S>> set(column: Column<EntityID<S>?>, value: S?): Unit
fun <S> set(column: CompositeColumn<S>, value: S): Unit
e: file:///C:/Users/HP/Devin1/VidyaPrayag/server/src/main/kotlin/com/littlebridge/enrollplus/feature/teacher/TeacherHomeworkRouting.kt:329:39 Not enough information to infer type argument for 
'K'.
e: file:///C:/Users/HP/Devin1/VidyaPrayag/server/src/main/kotlin/com/littlebridge/enrollplus/feature/teacher/TeacherHomeworkRouting.kt:330:13 Cannot infer type for this parameter. Specify it 
explicitly.
e: file:///C:/Users/HP/Devin1/VidyaPrayag/server/src/main/kotlin/com/littlebridge/enrollplus/feature/teacher/TeacherHomeworkRouting.kt:330:13 Not enough information to infer type argument for 
'K'.
e: file:///C:/Users/HP/Devin1/VidyaPrayag/server/src/main/kotlin/com/littlebridge/enrollplus/feature/teacher/TeacherHomeworkRouting.kt:330:13 Not enough information to infer type argument for 
'V'.
e: file:///C:/Users/HP/Devin1/VidyaPrayag/server/src/main/kotlin/com/littlebridge/enrollplus/feature/teacher/TeacherHomeworkRouting.kt:334:18 Cannot infer type for this parameter. Specify it 
explicitly.
e: file:///C:/Users/HP/Devin1/VidyaPrayag/server/src/main/kotlin/com/littlebridge/enrollplus/feature/teacher/TeacherHomeworkRouting.kt:334:18 Not enough information to infer type argument for 
'R'.
e: file:///C:/Users/HP/Devin1/VidyaPrayag/server/src/main/kotlin/com/littlebridge/enrollplus/feature/teacher/TeacherHomeworkRouting.kt:334:22 Cannot infer type for this parameter. Specify it 
explicitly.
e: file:///C:/Users/HP/Devin1/VidyaPrayag/server/src/main/kotlin/com/littlebridge/enrollplus/feature/teacher/TeacherHomeworkRouting.kt:335:74 Unresolved reference 'value'.
e: file:///C:/Users/HP/Devin1/VidyaPrayag/server/src/main/kotlin/com/littlebridge/enrollplus/feature/teacher/TeacherHomeworkRouting.kt:335:80 Cannot infer type for this parameter. Specify it 
explicitly.
e: file:///C:/Users/HP/Devin1/VidyaPrayag/server/src/main/kotlin/com/littlebridge/enrollplus/feature/teacher/TeacherHomeworkRouting.kt:335:80 Not enough information to infer type argument for 
'B'.
e: file:///C:/Users/HP/Devin1/VidyaPrayag/server/src/main/kotlin/com/littlebridge/enrollplus/feature/teacher/TeacherHomeworkRouting.kt:343:18 Cannot infer type for this parameter. Specify it 
explicitly.
e: file:///C:/Users/HP/Devin1/VidyaPrayag/server/src/main/kotlin/com/littlebridge/enrollplus/feature/teacher/TeacherHomeworkRouting.kt:343:18 Not enough information to infer type argument for 
'T'.
e: file:///C:/Users/HP/Devin1/VidyaPrayag/server/src/main/kotlin/com/littlebridge/enrollplus/feature/teacher/TeacherHomeworkRouting.kt:343:18 Not enough information to infer type argument for 
'K'.
e: file:///C:/Users/HP/Devin1/VidyaPrayag/server/src/main/kotlin/com/littlebridge/enrollplus/feature/teacher/TeacherHomeworkRouting.kt:343:18 Not enough information to infer type argument for 
'V'.
e: file:///C:/Users/HP/Devin1/VidyaPrayag/server/src/main/kotlin/com/littlebridge/enrollplus/feature/teacher/TeacherHomeworkRouting.kt:343:26 Cannot infer type for this parameter. Specify it 
explicitly.
e: file:///C:/Users/HP/Devin1/VidyaPrayag/server/src/main/kotlin/com/littlebridge/enrollplus/feature/teacher/TeacherHomeworkRouting.kt:343:31 Function invocation 'first()' expected.
e: file:///C:/Users/HP/Devin1/VidyaPrayag/server/src/main/kotlin/com/littlebridge/enrollplus/feature/teacher/TeacherHomeworkRouting.kt:343:40 Cannot infer type for this parameter. Specify it 
explicitly.
e: file:///C:/Users/HP/Devin1/VidyaPrayag/server/src/main/kotlin/com/littlebridge/enrollplus/feature/teacher/TeacherHomeworkRouting.kt:343:45 Unresolved reference 'second'.

> Task :server:compileKotlin FAILED

[Incubating] Problems report is available at: file:///C:/Users/HP/Devin1/VidyaPrayag/build/reports/problems/problems-report.html

FAILURE: Build failed with an exception.

* What went wrong:
Execution failed for task ':server:compileKotlin'.
> A failure occurred while executing org.jetbrains.kotlin.compilerRunner.GradleCompilerRunnerWithWorkers$GradleKotlinCompilerWorkAction
   > Compilation error. See log for more details

* Try:
> Run with --stacktrace option to get the stack trace.
> Run with --info or --debug option to get more log output.
> Run with --scan to get full insights from a Build Scan (powered by Develocity).
> Get more help at https://help.gradle.org.

Deprecated Gradle features were used in this build, making it incompatible with Gradle 10.

You can use '--warning-mode all' to show the individual deprecation warnings and determine if they come from your own scripts or plugins.

For more on this, please refer to https://docs.gradle.org/9.4.1/userguide/command_line_interface.html#sec:command_line_warnings in the Gradle documentation.

BUILD FAILED in 58s
1 actionable task: 1 executed
